Godot Engine v4.7.2.stable.official.ed1daf0bf - https://godotengine.org

[   0% ] [90m[1mfirst_scan_filesystem[22m | Started Inicialización del proyecto (5 steps)[39m[0m
[   0% ] [90m[1mfirst_scan_filesystem[22m | Escaneando la estructura del archivo...[39m[0m
[  16% ] [90m[1mfirst_scan_filesystem[22m | Cargando nombres de clases globales...[39m[0m
[  33% ] [90m[1mfirst_scan_filesystem[22m | Verificando GDExtensions...[39m[0m
[  50% ] [90m[1mfirst_scan_filesystem[22m | Creando scripts de carga automática...[39m[0m
[  66% ] [90m[1mfirst_scan_filesystem[22m | Inicializando plugins...[39m[0m
[38;2;218;165;32mIt was recognized that GdUnit4 is running in a test environment, therefore the GdUnit4 plugin will not be executed![0m
[MCP] Connecting to ports 6505-6514
[MCP] Godot MCP Pro v1.16.0 started (ports 6505-6514)
[MCP] Registered 177 commands
[  83% ] [90m[1mfirst_scan_filesystem[22m | Iniciando escaneo de archivos...[39m[0m
[92m[ DONE ][39m [1mfirst_scan_filesystem[22m
[0m
[   0% ] [90m[1mupdate_scripts_classes[22m | Started Registrando clases globales... (673 steps)[39m[0m
[   0% ] [90m[1mupdate_scripts_classes[22m | [39m[0m
[   0% ] [90m[1mupdate_scripts_classes[22m | [39m[0m
[   0% ] [90m[1mupdate_scripts_classes[22m | CallBackValueProvider[39m[0m
[   0% ] [90m[1mupdate_scripts_classes[22m | DefaultValueProvider[39m[0m
[   0% ] [90m[1mupdate_scripts_classes[22m | GdAssertMessages[39m[0m
[   0% ] [90m[1mupdate_scripts_classes[22m | GdAssertReports[39m[0m
[   0% ] [90m[1mupdate_scripts_classes[22m | GdUnitArrayAssertImpl[39m[0m
[   1% ] [90m[1mupdate_scripts_classes[22m | GdUnitAssertImpl[39m[0m
[   1% ] [90m[1mupdate_scripts_classes[22m | GdUnitAssertions[39m[0m
[   1% ] [90m[1mupdate_scripts_classes[22m | [39m[0m
[   1% ] [90m[1mupdate_scripts_classes[22m | [39m[0m
[   1% ] [90m[1mupdate_scripts_classes[22m | [39m[0m
[   1% ] [90m[1mupdate_scripts_classes[22m | [39m[0m
[   1% ] [90m[1mupdate_scripts_classes[22m | [39m[0m
[   2% ] [90m[1mupdate_scripts_classes[22m | [39m[0m
[   2% ] [90m[1mupdate_scripts_classes[22m | [39m[0m
[   2% ] [90m[1mupdate_scripts_classes[22m | [39m[0m
[   2% ] [90m[1mupdate_scripts_classes[22m | [39m[0m
[   2% ] [90m[1mupdate_scripts_classes[22m | [39m[0m
[   2% ] [90m[1mupdate_scripts_classes[22m | [39m[0m
[   2% ] [90m[1mupdate_scripts_classes[22m | [39m[0m
[   3% ] [90m[1mupdate_scripts_classes[22m | [39m[0m
[   3% ] [90m[1mupdate_scripts_classes[22m | ValueProvider[39m[0m
[   3% ] [90m[1mupdate_scripts_classes[22m | CmdArgumentParser[39m[0m
[   3% ] [90m[1mupdate_scripts_classes[22m | CmdCommand[39m[0m
[   3% ] [90m[1mupdate_scripts_classes[22m | CmdCommandHandler[39m[0m
[   3% ] [90m[1mupdate_scripts_classes[22m | CmdOption[39m[0m
[   4% ] [90m[1mupdate_scripts_classes[22m | CmdOptions[39m[0m
[   4% ] [90m[1mupdate_scripts_classes[22m | TestCaseAttribute[39m[0m
[   4% ] [90m[1mupdate_scripts_classes[22m | GdUnitBaseCommand[39m[0m
[   4% ] [90m[1mupdate_scripts_classes[22m | GdUnitCommandFileSystem[39m[0m
[   4% ] [90m[1mupdate_scripts_classes[22m | GdUnitCommandFileSystemDebugTests[39m[0m
[   4% ] [90m[1mupdate_scripts_classes[22m | GdUnitCommandFileSystemRunTests[39m[0m
[   4% ] [90m[1mupdate_scripts_classes[22m | GdUnitCommandHandler[39m[0m
[   5% ] [90m[1mupdate_scripts_classes[22m | GdUnitCommandInspectorDebugTests[39m[0m
[   5% ] [90m[1mupdate_scripts_classes[22m | GdUnitCommandInspectorRerunTestsUntilFailure[39m[0m
[   5% ] [90m[1mupdate_scripts_classes[22m | GdUnitCommandInspectorRunTests[39m[0m
[   5% ] [90m[1mupdate_scripts_classes[22m | GdUnitCommandInspectorTreeCollapse[39m[0m
[   5% ] [90m[1mupdate_scripts_classes[22m | GdUnitCommandInspectorTreeExpand[39m[0m
[   5% ] [90m[1mupdate_scripts_classes[22m | GdUnitCommandRunTestsOverall[39m[0m
[   5% ] [90m[1mupdate_scripts_classes[22m | GdUnitCommandScriptEditor[39m[0m
[   6% ] [90m[1mupdate_scripts_classes[22m | GdUnitCommandScriptEditorCreateTest[39m[0m
[   6% ] [90m[1mupdate_scripts_classes[22m | GdUnitCommandScriptEditorDebugTests[39m[0m
[   6% ] [90m[1mupdate_scripts_classes[22m | GdUnitCommandScriptEditorRunTests[39m[0m
[   6% ] [90m[1mupdate_scripts_classes[22m | GdUnitCommandStopTestSession[39m[0m
[   6% ] [90m[1mupdate_scripts_classes[22m | GdUnitCommandTestSession[39m[0m
[   6% ] [90m[1mupdate_scripts_classes[22m | GdUnitShortcut[39m[0m
[   6% ] [90m[1mupdate_scripts_classes[22m | GdUnitGUID[39m[0m
[   7% ] [90m[1mupdate_scripts_classes[22m | GdUnitTestCase[39m[0m
[   7% ] [90m[1mupdate_scripts_classes[22m | GdUnitTestDiscoverer[39m[0m
[   7% ] [90m[1mupdate_scripts_classes[22m | GdUnitTestDiscoverGuard[39m[0m
[   7% ] [90m[1mupdate_scripts_classes[22m | GdUnitTestDiscoverSink[39m[0m
[   7% ] [90m[1mupdate_scripts_classes[22m | GdUnitEvent[39m[0m
[   7% ] [90m[1mupdate_scripts_classes[22m | GdUnitInit[39m[0m
[   8% ] [90m[1mupdate_scripts_classes[22m | GdUnitStop[39m[0m
[   8% ] [90m[1mupdate_scripts_classes[22m | GdUnitEventTestDiscoverEnd[39m[0m
[   8% ] [90m[1mupdate_scripts_classes[22m | GdUnitEventTestDiscoverStart[39m[0m
[   8% ] [90m[1mupdate_scripts_classes[22m | GdUnitSessionClose[39m[0m
[   8% ] [90m[1mupdate_scripts_classes[22m | GdUnitSessionStart[39m[0m
[   8% ] [90m[1mupdate_scripts_classes[22m | GdUnitTestCaseFuzzedExecutionStage[39m[0m
[   8% ] [90m[1mupdate_scripts_classes[22m | GdUnitTestCaseFuzzedTestStage[39m[0m
[   9% ] [90m[1mupdate_scripts_classes[22m | GdUnitTestCaseSingleExecutionStage[39m[0m
[   9% ] [90m[1mupdate_scripts_classes[22m | GdUnitTestCaseSingleTestStage[39m[0m
[   9% ] [90m[1mupdate_scripts_classes[22m | GdUnitTestCaseAfterStage[39m[0m
[   9% ] [90m[1mupdate_scripts_classes[22m | GdUnitTestCaseBeforeStage[39m[0m
[   9% ] [90m[1mupdate_scripts_classes[22m | GdUnitTestCaseExecutionStage[39m[0m
[   9% ] [90m[1mupdate_scripts_classes[22m | GdUnitTestSuiteAfterStage[39m[0m
[   9% ] [90m[1mupdate_scripts_classes[22m | GdUnitTestSuiteBeforeStage[39m[0m
[  10% ] [90m[1mupdate_scripts_classes[22m | GdUnitTestSuiteExecutionStage[39m[0m
[  10% ] [90m[1mupdate_scripts_classes[22m | IGdUnitExecutionStage[39m[0m
[  10% ] [90m[1mupdate_scripts_classes[22m | GdUnitExecutionContext[39m[0m
[  10% ] [90m[1mupdate_scripts_classes[22m | GdUnitMemoryObserver[39m[0m
[  10% ] [90m[1mupdate_scripts_classes[22m | GdUnitProjectSettingsSnapshot[39m[0m
[  10% ] [90m[1mupdate_scripts_classes[22m | GdUnitTestReportCollector[39m[0m
[  10% ] [90m[1mupdate_scripts_classes[22m | GdUnitTestSuiteExecutor[39m[0m
[  11% ] [90m[1mupdate_scripts_classes[22m | GdUnitBaseReporterTestSessionHook[39m[0m
[  11% ] [90m[1mupdate_scripts_classes[22m | GdUnitHtmlReporterTestSessionHook[39m[0m
[  11% ] [90m[1mupdate_scripts_classes[22m | GdUnitTestSessionHook[39m[0m
[  11% ] [90m[1mupdate_scripts_classes[22m | GdUnitTestSessionHookService[39m[0m
[  11% ] [90m[1mupdate_scripts_classes[22m | GdUnitXMLReporterTestSessionHook[39m[0m
[  11% ] [90m[1mupdate_scripts_classes[22m | GdBuiltinConstants[39m[0m
[  12% ] [90m[1mupdate_scripts_classes[22m | GdCallableParameterSetResolver[39m[0m
[  12% ] [90m[1mupdate_scripts_classes[22m | GdInlineParameterSetResolver[39m[0m
[  12% ] [90m[1mupdate_scripts_classes[22m | GdParameterSetResolver[39m[0m
[  12% ] [90m[1mupdate_scripts_classes[22m | GdParameterSetResolverFactory[39m[0m
[  12% ] [90m[1mupdate_scripts_classes[22m | GdPropertyParameterSetResolver[39m[0m
[  12% ] [90m[1mupdate_scripts_classes[22m | GdClassDescriptor[39m[0m
[  12% ] [90m[1mupdate_scripts_classes[22m | GdDefaultValueDecoder[39m[0m
[  13% ] [90m[1mupdate_scripts_classes[22m | GdFunctionArgument[39m[0m
[  13% ] [90m[1mupdate_scripts_classes[22m | GdFunctionDescriptor[39m[0m
[  13% ] [90m[1mupdate_scripts_classes[22m | GdScriptParser[39m[0m
[  13% ] [90m[1mupdate_scripts_classes[22m | GdUnitExpressionRunner[39m[0m
[  13% ] [90m[1mupdate_scripts_classes[22m | GdUnitError[39m[0m
[  13% ] [90m[1mupdate_scripts_classes[22m | GdUnitReport[39m[0m
[  13% ] [90m[1mupdate_scripts_classes[22m | GdUnitScriptErrorCollector[39m[0m
[  14% ] [90m[1mupdate_scripts_classes[22m | GdUnitTestCIRunner[39m[0m
[  14% ] [90m[1mupdate_scripts_classes[22m | [39m[0m
[  14% ] [90m[1mupdate_scripts_classes[22m | GdUnitTestSession[39m[0m
[  14% ] [90m[1mupdate_scripts_classes[22m | [39m[0m
[  14% ] [90m[1mupdate_scripts_classes[22m | GdUnitTestSuiteDefaultTemplate[39m[0m
[  14% ] [90m[1mupdate_scripts_classes[22m | GdUnitTestSuiteTemplate[39m[0m
[  14% ] [90m[1mupdate_scripts_classes[22m | GdUnitThreadContext[39m[0m
[  15% ] [90m[1mupdate_scripts_classes[22m | GdUnitThreadManager[39m[0m
[  15% ] [90m[1mupdate_scripts_classes[22m | GdUnitCSIMessageWriter[39m[0m
[  15% ] [90m[1mupdate_scripts_classes[22m | GdUnitMessageWriter[39m[0m
[  15% ] [90m[1mupdate_scripts_classes[22m | GdUnitRichTextMessageWriter[39m[0m
[  15% ] [90m[1mupdate_scripts_classes[22m | _TestCase[39m[0m
[  15% ] [90m[1mupdate_scripts_classes[22m | GdArrayTools[39m[0m
[  16% ] [90m[1mupdate_scripts_classes[22m | GdDiffTool[39m[0m
[  16% ] [90m[1mupdate_scripts_classes[22m | GdObjects[39m[0m
[  16% ] [90m[1mupdate_scripts_classes[22m | GdUnit4Version[39m[0m
[  16% ] [90m[1mupdate_scripts_classes[22m | GdUnitFileAccess[39m[0m
[  16% ] [90m[1mupdate_scripts_classes[22m | GdUnitProperty[39m[0m
[  16% ] [90m[1mupdate_scripts_classes[22m | GdUnitResult[39m[0m
[  16% ] [90m[1mupdate_scripts_classes[22m | GdUnitRunnerConfig[39m[0m
[  17% ] [90m[1mupdate_scripts_classes[22m | GdUnitSceneRunnerImpl[39m[0m
[  17% ] [90m[1mupdate_scripts_classes[22m | GdUnitSettings[39m[0m
[  17% ] [90m[1mupdate_scripts_classes[22m | GdUnitSignalAwaiter[39m[0m
[  17% ] [90m[1mupdate_scripts_classes[22m | GdUnitSignalCollector[39m[0m
[  17% ] [90m[1mupdate_scripts_classes[22m | GdUnitSignals[39m[0m
[  17% ] [90m[1mupdate_scripts_classes[22m | GdUnitSingleton[39m[0m
[  17% ] [90m[1mupdate_scripts_classes[22m | GdUnitStackTrace[39m[0m
[  18% ] [90m[1mupdate_scripts_classes[22m | GdUnitStackTraceElement[39m[0m
[  18% ] [90m[1mupdate_scripts_classes[22m | GdUnitTestResourceLoader[39m[0m
[  18% ] [90m[1mupdate_scripts_classes[22m | GdUnitTestSuiteBuilder[39m[0m
[  18% ] [90m[1mupdate_scripts_classes[22m | GdUnitTestSuiteScanner[39m[0m
[  18% ] [90m[1mupdate_scripts_classes[22m | [39m[0m
[  18% ] [90m[1mupdate_scripts_classes[22m | GodotVersionFixures[39m[0m
[  18% ] [90m[1mupdate_scripts_classes[22m | LocalTime[39m[0m
[  19% ] [90m[1mupdate_scripts_classes[22m | GdUnit4CSharpApiLoader[39m[0m
[  19% ] [90m[1mupdate_scripts_classes[22m | CallableDoubler[39m[0m
[  19% ] [90m[1mupdate_scripts_classes[22m | GdFunctionDoubler[39m[0m
[  19% ] [90m[1mupdate_scripts_classes[22m | GdUnitClassDoubler[39m[0m
[  19% ] [90m[1mupdate_scripts_classes[22m | GdUnitFunctionDoublerBuilder[39m[0m
[  19% ] [90m[1mupdate_scripts_classes[22m | GdUnitMockFunctionDoubler[39m[0m
[  20% ] [90m[1mupdate_scripts_classes[22m | GdUnitObjectInteractions[39m[0m
[  20% ] [90m[1mupdate_scripts_classes[22m | GdUnitObjectInteractionsVerifier[39m[0m
[  20% ] [90m[1mupdate_scripts_classes[22m | GdUnitSpyFunctionDoubler[39m[0m
[  20% ] [90m[1mupdate_scripts_classes[22m | GdUnitFuncValueExtractor[39m[0m
[  20% ] [90m[1mupdate_scripts_classes[22m | BoolFuzzer[39m[0m
[  20% ] [90m[1mupdate_scripts_classes[22m | FloatFuzzer[39m[0m
[  20% ] [90m[1mupdate_scripts_classes[22m | Fuzzer[39m[0m
[  21% ] [90m[1mupdate_scripts_classes[22m | IntFuzzer[39m[0m
[  21% ] [90m[1mupdate_scripts_classes[22m | StringFuzzer[39m[0m
[  21% ] [90m[1mupdate_scripts_classes[22m | Vector2Fuzzer[39m[0m
[  21% ] [90m[1mupdate_scripts_classes[22m | Vector3Fuzzer[39m[0m
[  21% ] [90m[1mupdate_scripts_classes[22m | AnyArgumentMatcher[39m[0m
[  21% ] [90m[1mupdate_scripts_classes[22m | AnyBuildInTypeArgumentMatcher[39m[0m
[  21% ] [90m[1mupdate_scripts_classes[22m | AnyClazzArgumentMatcher[39m[0m
[  22% ] [90m[1mupdate_scripts_classes[22m | ChainedArgumentMatcher[39m[0m
[  22% ] [90m[1mupdate_scripts_classes[22m | EqualsArgumentMatcher[39m[0m
[  22% ] [90m[1mupdate_scripts_classes[22m | GdUnitArgumentMatcher[39m[0m
[  22% ] [90m[1mupdate_scripts_classes[22m | GdUnitArgumentMatchers[39m[0m
[  22% ] [90m[1mupdate_scripts_classes[22m | GdUnitMock[39m[0m
[  22% ] [90m[1mupdate_scripts_classes[22m | GdUnitMockBuilder[39m[0m
[  22% ] [90m[1mupdate_scripts_classes[22m | DoubledMockClassSourceClassName[39m[0m
[  23% ] [90m[1mupdate_scripts_classes[22m | ErrorLogEntry[39m[0m
[  23% ] [90m[1mupdate_scripts_classes[22m | GdUnitMonitor[39m[0m
[  23% ] [90m[1mupdate_scripts_classes[22m | GdUnitOrphanNodeInfo[39m[0m
[  23% ] [90m[1mupdate_scripts_classes[22m | GdUnitOrphanNodesMonitor[39m[0m
[  23% ] [90m[1mupdate_scripts_classes[22m | GodotGdErrorMonitor[39m[0m
[  23% ] [90m[1mupdate_scripts_classes[22m | RPC[39m[0m
[  24% ] [90m[1mupdate_scripts_classes[22m | RPCClientConnect[39m[0m
[  24% ] [90m[1mupdate_scripts_classes[22m | RPCClientDisconnect[39m[0m
[  24% ] [90m[1mupdate_scripts_classes[22m | RPCGdUnitEvent[39m[0m
[  24% ] [90m[1mupdate_scripts_classes[22m | RPCMessage[39m[0m
[  24% ] [90m[1mupdate_scripts_classes[22m | [39m[0m
[  24% ] [90m[1mupdate_scripts_classes[22m | GdUnitServerConstants[39m[0m
[  24% ] [90m[1mupdate_scripts_classes[22m | GdUnitTask[39m[0m
[  25% ] [90m[1mupdate_scripts_classes[22m | GdUnitTcpClient[39m[0m
[  25% ] [90m[1mupdate_scripts_classes[22m | GdUnitTcpNode[39m[0m
[  25% ] [90m[1mupdate_scripts_classes[22m | GdUnitTcpServer[39m[0m
[  25% ] [90m[1mupdate_scripts_classes[22m | GdUnitConsoleTestReporter[39m[0m
[  25% ] [90m[1mupdate_scripts_classes[22m | GdUnitByPathReport[39m[0m
[  25% ] [90m[1mupdate_scripts_classes[22m | GdUnitHtmlEncoder[39m[0m
[  25% ] [90m[1mupdate_scripts_classes[22m | GdUnitHtmlPatterns[39m[0m
[  26% ] [90m[1mupdate_scripts_classes[22m | GdUnitHtmlReportWriter[39m[0m
[  26% ] [90m[1mupdate_scripts_classes[22m | JUnitXmlReportWriter[39m[0m
[  26% ] [90m[1mupdate_scripts_classes[22m | XmlElement[39m[0m
[  26% ] [90m[1mupdate_scripts_classes[22m | GdUnitReportSummary[39m[0m
[  26% ] [90m[1mupdate_scripts_classes[22m | GdUnitReportWriter[39m[0m
[  26% ] [90m[1mupdate_scripts_classes[22m | GdUnitTestCaseReport[39m[0m
[  27% ] [90m[1mupdate_scripts_classes[22m | GdUnitTestReporter[39m[0m
[  27% ] [90m[1mupdate_scripts_classes[22m | GdUnitTestSuiteReport[39m[0m
[  27% ] [90m[1mupdate_scripts_classes[22m | GdUnitSpyBuilder[39m[0m
[  27% ] [90m[1mupdate_scripts_classes[22m | DoubledSpyClassSourceClassName[39m[0m
[  27% ] [90m[1mupdate_scripts_classes[22m | GdUnitContextMenuItem[39m[0m
[  27% ] [90m[1mupdate_scripts_classes[22m | [39m[0m
[  27% ] [90m[1mupdate_scripts_classes[22m | GdUnitInspectorContextMenu[39m[0m
[  28% ] [90m[1mupdate_scripts_classes[22m | [39m[0m
[  28% ] [90m[1mupdate_scripts_classes[22m | [39m[0m
[  28% ] [90m[1mupdate_scripts_classes[22m | [39m[0m
[  28% ] [90m[1mupdate_scripts_classes[22m | [39m[0m
[  28% ] [90m[1mupdate_scripts_classes[22m | [39m[0m
[  28% ] [90m[1mupdate_scripts_classes[22m | GdUnitReportPanel[39m[0m
[  28% ] [90m[1mupdate_scripts_classes[22m | GdUnitInputCapture[39m[0m
[  29% ] [90m[1mupdate_scripts_classes[22m | [39m[0m
[  29% ] [90m[1mupdate_scripts_classes[22m | [39m[0m
[  29% ] [90m[1mupdate_scripts_classes[22m | [39m[0m
[  29% ] [90m[1mupdate_scripts_classes[22m | GdUnitEditorColorTheme[39m[0m
[  29% ] [90m[1mupdate_scripts_classes[22m | [39m[0m
[  29% ] [90m[1mupdate_scripts_classes[22m | GdUnitFonts[39m[0m
[  29% ] [90m[1mupdate_scripts_classes[22m | GdUnitInspecor[39m[0m
[  30% ] [90m[1mupdate_scripts_classes[22m | GdUnitInspectorTreeConstants[39m[0m
[  30% ] [90m[1mupdate_scripts_classes[22m | GdUnitScriptEditorControls[39m[0m
[  30% ] [90m[1mupdate_scripts_classes[22m | GdUnitUiTools[39m[0m
[  30% ] [90m[1mupdate_scripts_classes[22m | [39m[0m
[  30% ] [90m[1mupdate_scripts_classes[22m | GdUnitPatch[39m[0m
[  30% ] [90m[1mupdate_scripts_classes[22m | GdUnitPatcher[39m[0m
[  31% ] [90m[1mupdate_scripts_classes[22m | [39m[0m
[  31% ] [90m[1mupdate_scripts_classes[22m | [39m[0m
[  31% ] [90m[1mupdate_scripts_classes[22m | [39m[0m
[  31% ] [90m[1mupdate_scripts_classes[22m | Comparator[39m[0m
[  31% ] [90m[1mupdate_scripts_classes[22m | Fuzzers[39m[0m
[  31% ] [90m[1mupdate_scripts_classes[22m | GdUnitArrayAssert[39m[0m
[  31% ] [90m[1mupdate_scripts_classes[22m | GdUnitAssert[39m[0m
[  32% ] [90m[1mupdate_scripts_classes[22m | GdUnitAwaiter[39m[0m
[  32% ] [90m[1mupdate_scripts_classes[22m | GdUnitBoolAssert[39m[0m
[  32% ] [90m[1mupdate_scripts_classes[22m | GdUnitConstants[39m[0m
[  32% ] [90m[1mupdate_scripts_classes[22m | GdUnitDictionaryAssert[39m[0m
[  32% ] [90m[1mupdate_scripts_classes[22m | GdUnitFailureAssert[39m[0m
[  32% ] [90m[1mupdate_scripts_classes[22m | GdUnitFileAssert[39m[0m
[  32% ] [90m[1mupdate_scripts_classes[22m | GdUnitFloatAssert[39m[0m
[  33% ] [90m[1mupdate_scripts_classes[22m | GdUnitFuncAssert[39m[0m
[  33% ] [90m[1mupdate_scripts_classes[22m | GdUnitGodotErrorAssert[39m[0m
[  33% ] [90m[1mupdate_scripts_classes[22m | GdUnitIntAssert[39m[0m
[  33% ] [90m[1mupdate_scripts_classes[22m | GdUnitObjectAssert[39m[0m
[  33% ] [90m[1mupdate_scripts_classes[22m | GdUnitResultAssert[39m[0m
[  33% ] [90m[1mupdate_scripts_classes[22m | GdUnitSceneRunner[39m[0m
[  33% ] [90m[1mupdate_scripts_classes[22m | GdUnitSignalAssert[39m[0m
[  34% ] [90m[1mupdate_scripts_classes[22m | GdUnitStringAssert[39m[0m
[  34% ] [90m[1mupdate_scripts_classes[22m | GdUnitTestSuite[39m[0m
[  34% ] [90m[1mupdate_scripts_classes[22m | GdUnitTuple[39m[0m
[  34% ] [90m[1mupdate_scripts_classes[22m | GdUnitValueExtractor[39m[0m
[  34% ] [90m[1mupdate_scripts_classes[22m | GdUnitVectorAssert[39m[0m
[  34% ] [90m[1mupdate_scripts_classes[22m | [39m[0m
[  35% ] [90m[1mupdate_scripts_classes[22m | [39m[0m
[  35% ] [90m[1mupdate_scripts_classes[22m | [39m[0m
[  35% ] [90m[1mupdate_scripts_classes[22m | [39m[0m
[  35% ] [90m[1mupdate_scripts_classes[22m | [39m[0m
[  35% ] [90m[1mupdate_scripts_classes[22m | [39m[0m
[  35% ] [90m[1mupdate_scripts_classes[22m | [39m[0m
[  35% ] [90m[1mupdate_scripts_classes[22m | [39m[0m
[  36% ] [90m[1mupdate_scripts_classes[22m | [39m[0m
[  36% ] [90m[1mupdate_scripts_classes[22m | [39m[0m
[  36% ] [90m[1mupdate_scripts_classes[22m | [39m[0m
[  36% ] [90m[1mupdate_scripts_classes[22m | [39m[0m
[  36% ] [90m[1mupdate_scripts_classes[22m | [39m[0m
[  36% ] [90m[1mupdate_scripts_classes[22m | [39m[0m
[  36% ] [90m[1mupdate_scripts_classes[22m | [39m[0m
[  37% ] [90m[1mupdate_scripts_classes[22m | [39m[0m
[  37% ] [90m[1mupdate_scripts_classes[22m | [39m[0m
[  37% ] [90m[1mupdate_scripts_classes[22m | [39m[0m
[  37% ] [90m[1mupdate_scripts_classes[22m | [39m[0m
[  37% ] [90m[1mupdate_scripts_classes[22m | [39m[0m
[  37% ] [90m[1mupdate_scripts_classes[22m | [39m[0m
[  37% ] [90m[1mupdate_scripts_classes[22m | [39m[0m
[  38% ] [90m[1mupdate_scripts_classes[22m | [39m[0m
[  38% ] [90m[1mupdate_scripts_classes[22m | [39m[0m
[  38% ] [90m[1mupdate_scripts_classes[22m | [39m[0m
[  38% ] [90m[1mupdate_scripts_classes[22m | [39m[0m
[  38% ] [90m[1mupdate_scripts_classes[22m | [39m[0m
[  38% ] [90m[1mupdate_scripts_classes[22m | [39m[0m
[  39% ] [90m[1mupdate_scripts_classes[22m | [39m[0m
[  39% ] [90m[1mupdate_scripts_classes[22m | [39m[0m
[  39% ] [90m[1mupdate_scripts_classes[22m | [39m[0m
[  39% ] [90m[1mupdate_scripts_classes[22m | [39m[0m
[  39% ] [90m[1mupdate_scripts_classes[22m | [39m[0m
[  39% ] [90m[1mupdate_scripts_classes[22m | [39m[0m
[  39% ] [90m[1mupdate_scripts_classes[22m | [39m[0m
[  40% ] [90m[1mupdate_scripts_classes[22m | [39m[0m
[  40% ] [90m[1mupdate_scripts_classes[22m | [39m[0m
[  40% ] [90m[1mupdate_scripts_classes[22m | [39m[0m
[  40% ] [90m[1mupdate_scripts_classes[22m | [39m[0m
[  40% ] [90m[1mupdate_scripts_classes[22m | [39m[0m
[  40% ] [90m[1mupdate_scripts_classes[22m | [39m[0m
[  40% ] [90m[1mupdate_scripts_classes[22m | [39m[0m
[  41% ] [90m[1mupdate_scripts_classes[22m | [39m[0m
[  41% ] [90m[1mupdate_scripts_classes[22m | AgendaDeCompradores[39m[0m
[  41% ] [90m[1mupdate_scripts_classes[22m | Atencion[39m[0m
[  41% ] [90m[1mupdate_scripts_classes[22m | Balde[39m[0m
[  41% ] [90m[1mupdate_scripts_classes[22m | Catalogo[39m[0m
[  41% ] [90m[1mupdate_scripts_classes[22m | Comprador[39m[0m
[  41% ] [90m[1mupdate_scripts_classes[22m | Compradores[39m[0m
[  42% ] [90m[1mupdate_scripts_classes[22m | ContenidoDeLaCaja[39m[0m
[  42% ] [90m[1mupdate_scripts_classes[22m | DialogosDeCompradores[39m[0m
[  42% ] [90m[1mupdate_scripts_classes[22m | Estante[39m[0m
[  42% ] [90m[1mupdate_scripts_classes[22m | GeneradorDeTickets[39m[0m
[  42% ] [90m[1mupdate_scripts_classes[22m | Inventario[39m[0m
[  42% ] [90m[1mupdate_scripts_classes[22m | Mancha[39m[0m
[  43% ] [90m[1mupdate_scripts_classes[22m | Manos[39m[0m
[  43% ] [90m[1mupdate_scripts_classes[22m | Mopa[39m[0m
[  43% ] [90m[1mupdate_scripts_classes[22m | NotaPegada[39m[0m
[  43% ] [90m[1mupdate_scripts_classes[22m | ObjetoDelAlmacen[39m[0m
[  43% ] [90m[1mupdate_scripts_classes[22m | PisoDelLocal[39m[0m
[  43% ] [90m[1mupdate_scripts_classes[22m | Producto[39m[0m
[  43% ] [90m[1mupdate_scripts_classes[22m | Puerta[39m[0m
[  44% ] [90m[1mupdate_scripts_classes[22m | RecepcionDeCompra[39m[0m
[  44% ] [90m[1mupdate_scripts_classes[22m | RegistroDeVentas[39m[0m
[  44% ] [90m[1mupdate_scripts_classes[22m | [39m[0m
[  44% ] [90m[1mupdate_scripts_classes[22m | ReglasDelEstante[39m[0m
[  44% ] [90m[1mupdate_scripts_classes[22m | ReglasDeLaBasura[39m[0m
[  44% ] [90m[1mupdate_scripts_classes[22m | ReglasDeLaLimpieza[39m[0m
[  44% ] [90m[1mupdate_scripts_classes[22m | ReglasDeLaVentanilla[39m[0m
[  45% ] [90m[1mupdate_scripts_classes[22m | ReglasDeLosObjetos[39m[0m
[  45% ] [90m[1mupdate_scripts_classes[22m | Rescate[39m[0m
[  45% ] [90m[1mupdate_scripts_classes[22m | TapaDelContenedor[39m[0m
[  45% ] [90m[1mupdate_scripts_classes[22m | TareaDeAtender[39m[0m
[  45% ] [90m[1mupdate_scripts_classes[22m | TareaDeLaBasura[39m[0m
[  45% ] [90m[1mupdate_scripts_classes[22m | Ticket[39m[0m
[  45% ] [90m[1mupdate_scripts_classes[22m | Trayecto[39m[0m
[  46% ] [90m[1mupdate_scripts_classes[22m | UnidadDeProducto[39m[0m
[  46% ] [90m[1mupdate_scripts_classes[22m | Uso[39m[0m
[  46% ] [90m[1mupdate_scripts_classes[22m | Venta[39m[0m
[  46% ] [90m[1mupdate_scripts_classes[22m | ApagadoPorObstaculos[39m[0m
[  46% ] [90m[1mupdate_scripts_classes[22m | ContadorDeGolpes[39m[0m
[  46% ] [90m[1mupdate_scripts_classes[22m | EleccionDeVariante[39m[0m
[  47% ] [90m[1mupdate_scripts_classes[22m | EmisoresDelAmbiente[39m[0m
[  47% ] [90m[1mupdate_scripts_classes[22m | EntradaSonora[39m[0m
[  47% ] [90m[1mupdate_scripts_classes[22m | IndicacionDelFoco[39m[0m
[  47% ] [90m[1mupdate_scripts_classes[22m | Notificaciones[39m[0m
[  47% ] [90m[1mupdate_scripts_classes[22m | RondaDeVoces[39m[0m
[  47% ] [90m[1mupdate_scripts_classes[22m | TablaDeSonidos[39m[0m
[  47% ] [90m[1mupdate_scripts_classes[22m | CatalogoDeReacciones[39m[0m
[  48% ] [90m[1mupdate_scripts_classes[22m | Consecuencias[39m[0m
[  48% ] [90m[1mupdate_scripts_classes[22m | EsperaDeLaCarga[39m[0m
[  48% ] [90m[1mupdate_scripts_classes[22m | Legajo[39m[0m
[  48% ] [90m[1mupdate_scripts_classes[22m | MenuDeInicio[39m[0m
[  48% ] [90m[1mupdate_scripts_classes[22m | ParteDeCierre[39m[0m
[  48% ] [90m[1mupdate_scripts_classes[22m | Partida[39m[0m
[  48% ] [90m[1mupdate_scripts_classes[22m | PartidaSerializada[39m[0m
[  49% ] [90m[1mupdate_scripts_classes[22m | PoliticaDeGuardado[39m[0m
[  49% ] [90m[1mupdate_scripts_classes[22m | Reaccion[39m[0m
[  49% ] [90m[1mupdate_scripts_classes[22m | ReglasDeLaPartida[39m[0m
[  49% ] [90m[1mupdate_scripts_classes[22m | Bandeja[39m[0m
[  49% ] [90m[1mupdate_scripts_classes[22m | Computadora[39m[0m
[  49% ] [90m[1mupdate_scripts_classes[22m | Conversacion[39m[0m
[  50% ] [90m[1mupdate_scripts_classes[22m | Cuaderno[39m[0m
[  50% ] [90m[1mupdate_scripts_classes[22m | Hallazgos[39m[0m
[  50% ] [90m[1mupdate_scripts_classes[22m | Mensaje[39m[0m
[  50% ] [90m[1mupdate_scripts_classes[22m | Nota[39m[0m
[  50% ] [90m[1mupdate_scripts_classes[22m | Revelacion[39m[0m
[  50% ] [90m[1mupdate_scripts_classes[22m | Apertura[39m[0m
[  50% ] [90m[1mupdate_scripts_classes[22m | EntradaALaNoche[39m[0m
[  51% ] [90m[1mupdate_scripts_classes[22m | Marcador[39m[0m
[  51% ] [90m[1mupdate_scripts_classes[22m | Pausa[39m[0m
[  51% ] [90m[1mupdate_scripts_classes[22m | RelojDeMesa[39m[0m
[  51% ] [90m[1mupdate_scripts_classes[22m | Ritmo[39m[0m
[  51% ] [90m[1mupdate_scripts_classes[22m | Tarea[39m[0m
[  51% ] [90m[1mupdate_scripts_classes[22m | Turno[39m[0m
[  51% ] [90m[1mupdate_scripts_classes[22m | CadenciaDePasos[39m[0m
[  52% ] [90m[1mupdate_scripts_classes[22m | Caminata[39m[0m
[  52% ] [90m[1mupdate_scripts_classes[22m | CampoDeInteraccion[39m[0m
[  52% ] [90m[1mupdate_scripts_classes[22m | ControlDelJugador[39m[0m
[  52% ] [90m[1mupdate_scripts_classes[22m | EncuadreDeLaVentanilla[39m[0m
[  52% ] [90m[1mupdate_scripts_classes[22m | Foco[39m[0m
[  52% ] [90m[1mupdate_scripts_classes[22m | Mirada[39m[0m
[  52% ] [90m[1mupdate_scripts_classes[22m | ReglasDelJugador[39m[0m
[  53% ] [90m[1mupdate_scripts_classes[22m | RetornoDeLaMano[39m[0m
[  53% ] [90m[1mupdate_scripts_classes[22m | SuavizadoDelGiro[39m[0m
[  53% ] [90m[1mupdate_scripts_classes[22m | Dialogo[39m[0m
[  53% ] [90m[1mupdate_scripts_classes[22m | Reglas[39m[0m
[  53% ] [90m[1mupdate_scripts_classes[22m | [39m[0m
[  53% ] [90m[1mupdate_scripts_classes[22m | [39m[0m
[  54% ] [90m[1mupdate_scripts_classes[22m | [39m[0m
[  54% ] [90m[1mupdate_scripts_classes[22m | [39m[0m
[  54% ] [90m[1mupdate_scripts_classes[22m | [39m[0m
[  54% ] [90m[1mupdate_scripts_classes[22m | [39m[0m
[  54% ] [90m[1mupdate_scripts_classes[22m | [39m[0m
[  54% ] [90m[1mupdate_scripts_classes[22m | [39m[0m
[  54% ] [90m[1mupdate_scripts_classes[22m | [39m[0m
[  55% ] [90m[1mupdate_scripts_classes[22m | ObjetoAgarrable[39m[0m
[  55% ] [90m[1mupdate_scripts_classes[22m | [39m[0m
[  55% ] [90m[1mupdate_scripts_classes[22m | [39m[0m
[  55% ] [90m[1mupdate_scripts_classes[22m | [39m[0m
[  55% ] [90m[1mupdate_scripts_classes[22m | [39m[0m
[  55% ] [90m[1mupdate_scripts_classes[22m | [39m[0m
[  55% ] [90m[1mupdate_scripts_classes[22m | [39m[0m
[  56% ] [90m[1mupdate_scripts_classes[22m | [39m[0m
[  56% ] [90m[1mupdate_scripts_classes[22m | [39m[0m
[  56% ] [90m[1mupdate_scripts_classes[22m | [39m[0m
[  56% ] [90m[1mupdate_scripts_classes[22m | [39m[0m
[  56% ] [90m[1mupdate_scripts_classes[22m | [39m[0m
[  56% ] [90m[1mupdate_scripts_classes[22m | DisposicionDeLaGondola[39m[0m
[  56% ] [90m[1mupdate_scripts_classes[22m | [39m[0m
[  57% ] [90m[1mupdate_scripts_classes[22m | [39m[0m
[  57% ] [90m[1mupdate_scripts_classes[22m | [39m[0m
[  57% ] [90m[1mupdate_scripts_classes[22m | [39m[0m
[  57% ] [90m[1mupdate_scripts_classes[22m | [39m[0m
[  57% ] [90m[1mupdate_scripts_classes[22m | [39m[0m
[  57% ] [90m[1mupdate_scripts_classes[22m | [39m[0m
[  58% ] [90m[1mupdate_scripts_classes[22m | [39m[0m
[  58% ] [90m[1mupdate_scripts_classes[22m | [39m[0m
[  58% ] [90m[1mupdate_scripts_classes[22m | [39m[0m
[  58% ] [90m[1mupdate_scripts_classes[22m | [39m[0m
[  58% ] [90m[1mupdate_scripts_classes[22m | [39m[0m
[  58% ] [90m[1mupdate_scripts_classes[22m | [39m[0m
[  58% ] [90m[1mupdate_scripts_classes[22m | [39m[0m
[  59% ] [90m[1mupdate_scripts_classes[22m | [39m[0m
[  59% ] [90m[1mupdate_scripts_classes[22m | [39m[0m
[  59% ] [90m[1mupdate_scripts_classes[22m | [39m[0m
[  59% ] [90m[1mupdate_scripts_classes[22m | ComputadoraDeEscritorio[39m[0m
[  59% ] [90m[1mupdate_scripts_classes[22m | Examen[39m[0m
[  59% ] [90m[1mupdate_scripts_classes[22m | Agarre[39m[0m
[  59% ] [90m[1mupdate_scripts_classes[22m | CalentamientoDeShaders[39m[0m
[  60% ] [90m[1mupdate_scripts_classes[22m | CargaEnSegundoPlano[39m[0m
[  60% ] [90m[1mupdate_scripts_classes[22m | CicloDeJornadas[39m[0m
[  60% ] [90m[1mupdate_scripts_classes[22m | ControlDePausa[39m[0m
[  60% ] [90m[1mupdate_scripts_classes[22m | EnlaceDeAudio[39m[0m
[  60% ] [90m[1mupdate_scripts_classes[22m | EnlaceDeGuardado[39m[0m
[  60% ] [90m[1mupdate_scripts_classes[22m | Guardado[39m[0m
[  60% ] [90m[1mupdate_scripts_classes[22m | Locutor[39m[0m
[  61% ] [90m[1mupdate_scripts_classes[22m | LugaresDelPiso[39m[0m
[  61% ] [90m[1mupdate_scripts_classes[22m | MarcoDelObjetivo[39m[0m
[  61% ] [90m[1mupdate_scripts_classes[22m | PedidosDelMenu[39m[0m
[  61% ] [90m[1mupdate_scripts_classes[22m | RedDeSeguridad[39m[0m
[  61% ] [90m[1mupdate_scripts_classes[22m | RelojDelTurno[39m[0m
[  61% ] [90m[1mupdate_scripts_classes[22m | ReproductorDeSonidos[39m[0m
[  62% ] [90m[1mupdate_scripts_classes[22m | CajaRegistradora[39m[0m
[  62% ] [90m[1mupdate_scripts_classes[22m | Limpiador[39m[0m
[  62% ] [90m[1mupdate_scripts_classes[22m | RecolectorDeBasura[39m[0m
[  62% ] [90m[1mupdate_scripts_classes[22m | Repositor[39m[0m
[  62% ] [90m[1mupdate_scripts_classes[22m | Ventanilla[39m[0m
[  62% ] [90m[1mupdate_scripts_classes[22m | AppCaja[39m[0m
[  62% ] [90m[1mupdate_scripts_classes[22m | AppChats[39m[0m
[  63% ] [90m[1mupdate_scripts_classes[22m | AppNotas[39m[0m
[  63% ] [90m[1mupdate_scripts_classes[22m | CapaDeDialogo[39m[0m
[  63% ] [90m[1mupdate_scripts_classes[22m | LienzoDeManada[39m[0m
[  63% ] [90m[1mupdate_scripts_classes[22m | NotaEncuadrada[39m[0m
[  63% ] [90m[1mupdate_scripts_classes[22m | PanelDeLaVentanilla[39m[0m
[  63% ] [90m[1mupdate_scripts_classes[22m | PantallaDeComputadora[39m[0m
[  63% ] [90m[1mupdate_scripts_classes[22m | ProgramaDeTickets[39m[0m
[  64% ] [90m[1mupdate_scripts_classes[22m | MenuDePausa[39m[0m
[  64% ] [90m[1mupdate_scripts_classes[22m | PantallaDeCarga[39m[0m
[  64% ] [90m[1mupdate_scripts_classes[22m | PantallaDeCierre[39m[0m
[  64% ] [90m[1mupdate_scripts_classes[22m | AristasDelProducto[39m[0m
[  64% ] [90m[1mupdate_scripts_classes[22m | Hud[39m[0m
[  64% ] [90m[1mupdate_scripts_classes[22m | PilaDeNotificaciones[39m[0m
[  64% ] [90m[1mupdate_scripts_classes[22m | [39m[0m
[  65% ] [90m[1mupdate_scripts_classes[22m | [39m[0m
[  65% ] [90m[1mupdate_scripts_classes[22m | [39m[0m
[  65% ] [90m[1mupdate_scripts_classes[22m | [39m[0m
[  65% ] [90m[1mupdate_scripts_classes[22m | [39m[0m
[  65% ] [90m[1mupdate_scripts_classes[22m | [39m[0m
[  65% ] [90m[1mupdate_scripts_classes[22m | [39m[0m
[  66% ] [90m[1mupdate_scripts_classes[22m | [39m[0m
[  66% ] [90m[1mupdate_scripts_classes[22m | [39m[0m
[  66% ] [90m[1mupdate_scripts_classes[22m | [39m[0m
[  66% ] [90m[1mupdate_scripts_classes[22m | [39m[0m
[  66% ] [90m[1mupdate_scripts_classes[22m | [39m[0m
[  66% ] [90m[1mupdate_scripts_classes[22m | [39m[0m
[  66% ] [90m[1mupdate_scripts_classes[22m | [39m[0m
[  67% ] [90m[1mupdate_scripts_classes[22m | [39m[0m
[  67% ] [90m[1mupdate_scripts_classes[22m | [39m[0m
[  67% ] [90m[1mupdate_scripts_classes[22m | [39m[0m
[  67% ] [90m[1mupdate_scripts_classes[22m | [39m[0m
[  67% ] [90m[1mupdate_scripts_classes[22m | [39m[0m
[  67% ] [90m[1mupdate_scripts_classes[22m | [39m[0m
[  67% ] [90m[1mupdate_scripts_classes[22m | [39m[0m
[  68% ] [90m[1mupdate_scripts_classes[22m | [39m[0m
[  68% ] [90m[1mupdate_scripts_classes[22m | [39m[0m
[  68% ] [90m[1mupdate_scripts_classes[22m | [39m[0m
[  68% ] [90m[1mupdate_scripts_classes[22m | [39m[0m
[  68% ] [90m[1mupdate_scripts_classes[22m | [39m[0m
[  68% ] [90m[1mupdate_scripts_classes[22m | [39m[0m
[  68% ] [90m[1mupdate_scripts_classes[22m | [39m[0m
[  69% ] [90m[1mupdate_scripts_classes[22m | [39m[0m
[  69% ] [90m[1mupdate_scripts_classes[22m | [39m[0m
[  69% ] [90m[1mupdate_scripts_classes[22m | [39m[0m
[  69% ] [90m[1mupdate_scripts_classes[22m | [39m[0m
[  69% ] [90m[1mupdate_scripts_classes[22m | [39m[0m
[  69% ] [90m[1mupdate_scripts_classes[22m | [39m[0m
[  70% ] [90m[1mupdate_scripts_classes[22m | [39m[0m
[  70% ] [90m[1mupdate_scripts_classes[22m | [39m[0m
[  70% ] [90m[1mupdate_scripts_classes[22m | [39m[0m
[  70% ] [90m[1mupdate_scripts_classes[22m | [39m[0m
[  70% ] [90m[1mupdate_scripts_classes[22m | [39m[0m
[  70% ] [90m[1mupdate_scripts_classes[22m | [39m[0m
[  70% ] [90m[1mupdate_scripts_classes[22m | [39m[0m
[  71% ] [90m[1mupdate_scripts_classes[22m | [39m[0m
[  71% ] [90m[1mupdate_scripts_classes[22m | [39m[0m
[  71% ] [90m[1mupdate_scripts_classes[22m | [39m[0m
[  71% ] [90m[1mupdate_scripts_classes[22m | [39m[0m
[  71% ] [90m[1mupdate_scripts_classes[22m | [39m[0m
[  71% ] [90m[1mupdate_scripts_classes[22m | [39m[0m
[  71% ] [90m[1mupdate_scripts_classes[22m | [39m[0m
[  72% ] [90m[1mupdate_scripts_classes[22m | [39m[0m
[  72% ] [90m[1mupdate_scripts_classes[22m | [39m[0m
[  72% ] [90m[1mupdate_scripts_classes[22m | [39m[0m
[  72% ] [90m[1mupdate_scripts_classes[22m | [39m[0m
[  72% ] [90m[1mupdate_scripts_classes[22m | [39m[0m
[  72% ] [90m[1mupdate_scripts_classes[22m | [39m[0m
[  72% ] [90m[1mupdate_scripts_classes[22m | [39m[0m
[  73% ] [90m[1mupdate_scripts_classes[22m | [39m[0m
[  73% ] [90m[1mupdate_scripts_classes[22m | [39m[0m
[  73% ] [90m[1mupdate_scripts_classes[22m | [39m[0m
[  73% ] [90m[1mupdate_scripts_classes[22m | [39m[0m
[  73% ] [90m[1mupdate_scripts_classes[22m | [39m[0m
[  73% ] [90m[1mupdate_scripts_classes[22m | [39m[0m
[  74% ] [90m[1mupdate_scripts_classes[22m | [39m[0m
[  74% ] [90m[1mupdate_scripts_classes[22m | [39m[0m
[  74% ] [90m[1mupdate_scripts_classes[22m | [39m[0m
[  74% ] [90m[1mupdate_scripts_classes[22m | [39m[0m
[  74% ] [90m[1mupdate_scripts_classes[22m | [39m[0m
[  74% ] [90m[1mupdate_scripts_classes[22m | [39m[0m
[  74% ] [90m[1mupdate_scripts_classes[22m | [39m[0m
[  75% ] [90m[1mupdate_scripts_classes[22m | [39m[0m
[  75% ] [90m[1mupdate_scripts_classes[22m | [39m[0m
[  75% ] [90m[1mupdate_scripts_classes[22m | [39m[0m
[  75% ] [90m[1mupdate_scripts_classes[22m | [39m[0m
[  75% ] [90m[1mupdate_scripts_classes[22m | [39m[0m
[  75% ] [90m[1mupdate_scripts_classes[22m | [39m[0m
[  75% ] [90m[1mupdate_scripts_classes[22m | [39m[0m
[  76% ] [90m[1mupdate_scripts_classes[22m | [39m[0m
[  76% ] [90m[1mupdate_scripts_classes[22m | [39m[0m
[  76% ] [90m[1mupdate_scripts_classes[22m | [39m[0m
[  76% ] [90m[1mupdate_scripts_classes[22m | [39m[0m
[  76% ] [90m[1mupdate_scripts_classes[22m | [39m[0m
[  76% ] [90m[1mupdate_scripts_classes[22m | [39m[0m
[  77% ] [90m[1mupdate_scripts_classes[22m | [39m[0m
[  77% ] [90m[1mupdate_scripts_classes[22m | [39m[0m
[  77% ] [90m[1mupdate_scripts_classes[22m | [39m[0m
[  77% ] [90m[1mupdate_scripts_classes[22m | [39m[0m
[  77% ] [90m[1mupdate_scripts_classes[22m | [39m[0m
[  77% ] [90m[1mupdate_scripts_classes[22m | [39m[0m
[  77% ] [90m[1mupdate_scripts_classes[22m | [39m[0m
[  78% ] [90m[1mupdate_scripts_classes[22m | [39m[0m
[  78% ] [90m[1mupdate_scripts_classes[22m | [39m[0m
[  78% ] [90m[1mupdate_scripts_classes[22m | [39m[0m
[  78% ] [90m[1mupdate_scripts_classes[22m | [39m[0m
[  78% ] [90m[1mupdate_scripts_classes[22m | [39m[0m
[  78% ] [90m[1mupdate_scripts_classes[22m | [39m[0m
[  78% ] [90m[1mupdate_scripts_classes[22m | [39m[0m
[  79% ] [90m[1mupdate_scripts_classes[22m | [39m[0m
[  79% ] [90m[1mupdate_scripts_classes[22m | [39m[0m
[  79% ] [90m[1mupdate_scripts_classes[22m | [39m[0m
[  79% ] [90m[1mupdate_scripts_classes[22m | [39m[0m
[  79% ] [90m[1mupdate_scripts_classes[22m | [39m[0m
[  79% ] [90m[1mupdate_scripts_classes[22m | [39m[0m
[  79% ] [90m[1mupdate_scripts_classes[22m | [39m[0m
[  80% ] [90m[1mupdate_scripts_classes[22m | [39m[0m
[  80% ] [90m[1mupdate_scripts_classes[22m | [39m[0m
[  80% ] [90m[1mupdate_scripts_classes[22m | [39m[0m
[  80% ] [90m[1mupdate_scripts_classes[22m | [39m[0m
[  80% ] [90m[1mupdate_scripts_classes[22m | [39m[0m
[  80% ] [90m[1mupdate_scripts_classes[22m | [39m[0m
[  81% ] [90m[1mupdate_scripts_classes[22m | [39m[0m
[  81% ] [90m[1mupdate_scripts_classes[22m | [39m[0m
[  81% ] [90m[1mupdate_scripts_classes[22m | [39m[0m
[  81% ] [90m[1mupdate_scripts_classes[22m | [39m[0m
[  81% ] [90m[1mupdate_scripts_classes[22m | [39m[0m
[  81% ] [90m[1mupdate_scripts_classes[22m | [39m[0m
[  81% ] [90m[1mupdate_scripts_classes[22m | [39m[0m
[  82% ] [90m[1mupdate_scripts_classes[22m | [39m[0m
[  82% ] [90m[1mupdate_scripts_classes[22m | [39m[0m
[  82% ] [90m[1mupdate_scripts_classes[22m | [39m[0m
[  82% ] [90m[1mupdate_scripts_classes[22m | [39m[0m
[  82% ] [90m[1mupdate_scripts_classes[22m | [39m[0m
[  82% ] [90m[1mupdate_scripts_classes[22m | [39m[0m
[  82% ] [90m[1mupdate_scripts_classes[22m | [39m[0m
[  83% ] [90m[1mupdate_scripts_classes[22m | [39m[0m
[  83% ] [90m[1mupdate_scripts_classes[22m | [39m[0m
[  83% ] [90m[1mupdate_scripts_classes[22m | [39m[0m
[  83% ] [90m[1mupdate_scripts_classes[22m | [39m[0m
[  83% ] [90m[1mupdate_scripts_classes[22m | [39m[0m
[  83% ] [90m[1mupdate_scripts_classes[22m | [39m[0m
[  83% ] [90m[1mupdate_scripts_classes[22m | [39m[0m
[  84% ] [90m[1mupdate_scripts_classes[22m | [39m[0m
[  84% ] [90m[1mupdate_scripts_classes[22m | [39m[0m
[  84% ] [90m[1mupdate_scripts_classes[22m | [39m[0m
[  84% ] [90m[1mupdate_scripts_classes[22m | [39m[0m
[  84% ] [90m[1mupdate_scripts_classes[22m | [39m[0m
[  84% ] [90m[1mupdate_scripts_classes[22m | [39m[0m
[  85% ] [90m[1mupdate_scripts_classes[22m | [39m[0m
[  85% ] [90m[1mupdate_scripts_classes[22m | [39m[0m
[  85% ] [90m[1mupdate_scripts_classes[22m | [39m[0m
[  85% ] [90m[1mupdate_scripts_classes[22m | [39m[0m
[  85% ] [90m[1mupdate_scripts_classes[22m | [39m[0m
[  85% ] [90m[1mupdate_scripts_classes[22m | [39m[0m
[  85% ] [90m[1mupdate_scripts_classes[22m | [39m[0m
[  86% ] [90m[1mupdate_scripts_classes[22m | [39m[0m
[  86% ] [90m[1mupdate_scripts_classes[22m | [39m[0m
[  86% ] [90m[1mupdate_scripts_classes[22m | [39m[0m
[  86% ] [90m[1mupdate_scripts_classes[22m | [39m[0m
[  86% ] [90m[1mupdate_scripts_classes[22m | [39m[0m
[  86% ] [90m[1mupdate_scripts_classes[22m | [39m[0m
[  86% ] [90m[1mupdate_scripts_classes[22m | [39m[0m
[  87% ] [90m[1mupdate_scripts_classes[22m | [39m[0m
[  87% ] [90m[1mupdate_scripts_classes[22m | [39m[0m
[  87% ] [90m[1mupdate_scripts_classes[22m | [39m[0m
[  87% ] [90m[1mupdate_scripts_classes[22m | [39m[0m
[  87% ] [90m[1mupdate_scripts_classes[22m | [39m[0m
[  87% ] [90m[1mupdate_scripts_classes[22m | [39m[0m
[  87% ] [90m[1mupdate_scripts_classes[22m | [39m[0m
[  88% ] [90m[1mupdate_scripts_classes[22m | [39m[0m
[  88% ] [90m[1mupdate_scripts_classes[22m | [39m[0m
[  88% ] [90m[1mupdate_scripts_classes[22m | [39m[0m
[  88% ] [90m[1mupdate_scripts_classes[22m | [39m[0m
[  88% ] [90m[1mupdate_scripts_classes[22m | [39m[0m
[  88% ] [90m[1mupdate_scripts_classes[22m | [39m[0m
[  89% ] [90m[1mupdate_scripts_classes[22m | [39m[0m
[  89% ] [90m[1mupdate_scripts_classes[22m | [39m[0m
[  89% ] [90m[1mupdate_scripts_classes[22m | [39m[0m
[  89% ] [90m[1mupdate_scripts_classes[22m | [39m[0m
[  89% ] [90m[1mupdate_scripts_classes[22m | [39m[0m
[  89% ] [90m[1mupdate_scripts_classes[22m | [39m[0m
[  89% ] [90m[1mupdate_scripts_classes[22m | [39m[0m
[  90% ] [90m[1mupdate_scripts_classes[22m | [39m[0m
[  90% ] [90m[1mupdate_scripts_classes[22m | [39m[0m
[  90% ] [90m[1mupdate_scripts_classes[22m | [39m[0m
[  90% ] [90m[1mupdate_scripts_classes[22m | [39m[0m
[  90% ] [90m[1mupdate_scripts_classes[22m | [39m[0m
[  90% ] [90m[1mupdate_scripts_classes[22m | [39m[0m
[  90% ] [90m[1mupdate_scripts_classes[22m | [39m[0m
[  91% ] [90m[1mupdate_scripts_classes[22m | [39m[0m
[  91% ] [90m[1mupdate_scripts_classes[22m | [39m[0m
[  91% ] [90m[1mupdate_scripts_classes[22m | [39m[0m
[  91% ] [90m[1mupdate_scripts_classes[22m | [39m[0m
[  91% ] [90m[1mupdate_scripts_classes[22m | [39m[0m
[  91% ] [90m[1mupdate_scripts_classes[22m | [39m[0m
[  91% ] [90m[1mupdate_scripts_classes[22m | [39m[0m
[  92% ] [90m[1mupdate_scripts_classes[22m | [39m[0m
[  92% ] [90m[1mupdate_scripts_classes[22m | [39m[0m
[  92% ] [90m[1mupdate_scripts_classes[22m | [39m[0m
[  92% ] [90m[1mupdate_scripts_classes[22m | [39m[0m
[  92% ] [90m[1mupdate_scripts_classes[22m | [39m[0m
[  92% ] [90m[1mupdate_scripts_classes[22m | [39m[0m
[  93% ] [90m[1mupdate_scripts_classes[22m | [39m[0m
[  93% ] [90m[1mupdate_scripts_classes[22m | [39m[0m
[  93% ] [90m[1mupdate_scripts_classes[22m | [39m[0m
[  93% ] [90m[1mupdate_scripts_classes[22m | [39m[0m
[  93% ] [90m[1mupdate_scripts_classes[22m | [39m[0m
[  93% ] [90m[1mupdate_scripts_classes[22m | [39m[0m
[  93% ] [90m[1mupdate_scripts_classes[22m | [39m[0m
[  94% ] [90m[1mupdate_scripts_classes[22m | [39m[0m
[  94% ] [90m[1mupdate_scripts_classes[22m | [39m[0m
[  94% ] [90m[1mupdate_scripts_classes[22m | [39m[0m
[  94% ] [90m[1mupdate_scripts_classes[22m | [39m[0m
[  94% ] [90m[1mupdate_scripts_classes[22m | [39m[0m
[  94% ] [90m[1mupdate_scripts_classes[22m | [39m[0m
[  94% ] [90m[1mupdate_scripts_classes[22m | [39m[0m
[  95% ] [90m[1mupdate_scripts_classes[22m | [39m[0m
[  95% ] [90m[1mupdate_scripts_classes[22m | [39m[0m
[  95% ] [90m[1mupdate_scripts_classes[22m | [39m[0m
[  95% ] [90m[1mupdate_scripts_classes[22m | [39m[0m
[  95% ] [90m[1mupdate_scripts_classes[22m | [39m[0m
[  95% ] [90m[1mupdate_scripts_classes[22m | [39m[0m
[  95% ] [90m[1mupdate_scripts_classes[22m | [39m[0m
[  96% ] [90m[1mupdate_scripts_classes[22m | [39m[0m
[  96% ] [90m[1mupdate_scripts_classes[22m | [39m[0m
[  96% ] [90m[1mupdate_scripts_classes[22m | [39m[0m
[  96% ] [90m[1mupdate_scripts_classes[22m | [39m[0m
[  96% ] [90m[1mupdate_scripts_classes[22m | [39m[0m
[  96% ] [90m[1mupdate_scripts_classes[22m | [39m[0m
[  97% ] [90m[1mupdate_scripts_classes[22m | [39m[0m
[  97% ] [90m[1mupdate_scripts_classes[22m | [39m[0m
[  97% ] [90m[1mupdate_scripts_classes[22m | [39m[0m
[  97% ] [90m[1mupdate_scripts_classes[22m | [39m[0m
[  97% ] [90m[1mupdate_scripts_classes[22m | [39m[0m
[  97% ] [90m[1mupdate_scripts_classes[22m | [39m[0m
[  97% ] [90m[1mupdate_scripts_classes[22m | [39m[0m
[  98% ] [90m[1mupdate_scripts_classes[22m | [39m[0m
[  98% ] [90m[1mupdate_scripts_classes[22m | [39m[0m
[  98% ] [90m[1mupdate_scripts_classes[22m | [39m[0m
[  98% ] [90m[1mupdate_scripts_classes[22m | [39m[0m
[  98% ] [90m[1mupdate_scripts_classes[22m | [39m[0m
[  98% ] [90m[1mupdate_scripts_classes[22m | [39m[0m
[  98% ] [90m[1mupdate_scripts_classes[22m | [39m[0m
[  99% ] [90m[1mupdate_scripts_classes[22m | [39m[0m
[  99% ] [90m[1mupdate_scripts_classes[22m | [39m[0m
[  99% ] [90m[1mupdate_scripts_classes[22m | [39m[0m
[  99% ] [90m[1mupdate_scripts_classes[22m | [39m[0m
[  99% ] [90m[1mupdate_scripts_classes[22m | [39m[0m
[92m[ DONE ][39m [1mupdate_scripts_classes[22m
[0m
[   0% ] [90m[1m_update_scan_actions[22m | Started Escaneando acciones... (247 steps)[39m[0m
[   0% ] [90m[1m_update_scan_actions[22m | touch-button.png[39m[0m
[   0% ] [90m[1m_update_scan_actions[22m | logo.png[39m[0m
[   0% ] [90m[1m_update_scan_actions[22m | border_bottom.png[39m[0m
[   1% ] [90m[1m_update_scan_actions[22m | border_top.png[39m[0m
[   1% ] [90m[1m_update_scan_actions[22m | dot1.png[39m[0m
[   2% ] [90m[1m_update_scan_actions[22m | dot2.png[39m[0m
[   2% ] [90m[1m_update_scan_actions[22m | embedded.png[39m[0m
[   2% ] [90m[1m_update_scan_actions[22m | horizontal-line2.png[39m[0m
[   3% ] [90m[1m_update_scan_actions[22m | AMB_PROXIMIDAD_Neon.ogg[39m[0m
[   3% ] [90m[1m_update_scan_actions[22m | MUS_Tema1.ogg[39m[0m
[   4% ] [90m[1m_update_scan_actions[22m | SFX_EVENTO_CompraRealizada.wav[39m[0m
[   4% ] [90m[1m_update_scan_actions[22m | SFX_EVENTO_FinJornada.wav[39m[0m
[   4% ] [90m[1m_update_scan_actions[22m | SFX_EVENTO_Timbre.wav[39m[0m
[   5% ] [90m[1m_update_scan_actions[22m | SFX_INTERFAZ_Celular_Mensaje_A.wav[39m[0m
[   5% ] [90m[1m_update_scan_actions[22m | SFX_INTERFAZ_Celular_Mensaje_B.wav[39m[0m
[   6% ] [90m[1m_update_scan_actions[22m | SFX_INTERFAZ_Computadora_Boton.wav[39m[0m
[   6% ] [90m[1m_update_scan_actions[22m | SFX_INTERFAZ_Computadora_Imprimir.wav[39m[0m
[   6% ] [90m[1m_update_scan_actions[22m | SFX_NOLEV_Basura_SacarBolsa.wav[39m[0m
[   7% ] [90m[1m_update_scan_actions[22m | SFX_NOLEV_Lector_Error.wav[39m[0m
[   7% ] [90m[1m_update_scan_actions[22m | SFX_NOLEV_Lector_Escanear.wav[39m[0m
[   8% ] [90m[1m_update_scan_actions[22m | SFX_NOLEV_Puerta_Abrir.wav[39m[0m
[   8% ] [90m[1m_update_scan_actions[22m | SFX_NOLEV_Puerta_Cerrar.wav[39m[0m
[   8% ] [90m[1m_update_scan_actions[22m | SFX_NOLEV_Puerta_Garage.wav[39m[0m
[   9% ] [90m[1m_update_scan_actions[22m | SFX_NOLEV_Puerta_NoAbre.wav[39m[0m
[   9% ] [90m[1m_update_scan_actions[22m | SFX_OBJETO_Balde_Alzar.wav[39m[0m
[  10% ] [90m[1m_update_scan_actions[22m | SFX_OBJETO_Balde_Dejar.wav[39m[0m
[  10% ] [90m[1m_update_scan_actions[22m | SFX_OBJETO_Balde_Llenar.wav[39m[0m
[  10% ] [90m[1m_update_scan_actions[22m | SFX_OBJETO_Balde_Vaciar.wav[39m[0m
[  11% ] [90m[1m_update_scan_actions[22m | SFX_OBJETO_Bolsa_Alzar.wav[39m[0m
[  11% ] [90m[1m_update_scan_actions[22m | SFX_OBJETO_BotellaPlastica_Alzar.wav[39m[0m
[  12% ] [90m[1m_update_scan_actions[22m | SFX_OBJETO_BotellaPlastica_Dejar.wav[39m[0m
[  12% ] [90m[1m_update_scan_actions[22m | SFX_OBJETO_Cajita_Alzar.wav[39m[0m
[  12% ] [90m[1m_update_scan_actions[22m | SFX_OBJETO_Cajita_Dejar.wav[39m[0m
[  13% ] [90m[1m_update_scan_actions[22m | SFX_OBJETO_EnvoltorioPlastico_Alzar.wav[39m[0m
[  13% ] [90m[1m_update_scan_actions[22m | SFX_OBJETO_EnvoltorioPlastico_Dejar.wav[39m[0m
[  14% ] [90m[1m_update_scan_actions[22m | SFX_OBJETO_Jabon_VertirEnBalde.wav[39m[0m
[  14% ] [90m[1m_update_scan_actions[22m | SFX_OBJETO_Lata_Alzar.wav[39m[0m
[  14% ] [90m[1m_update_scan_actions[22m | SFX_OBJETO_Lata_Dejar.wav[39m[0m
[  15% ] [90m[1m_update_scan_actions[22m | SFX_OBJETO_Mopa_Alzar.wav[39m[0m
[  15% ] [90m[1m_update_scan_actions[22m | SFX_OBJETO_Mopa_DejarYLimpiar.wav[39m[0m
[  16% ] [90m[1m_update_scan_actions[22m | SFX_OBJETO_Mopa_MojarEnBalde.wav[39m[0m
[  16% ] [90m[1m_update_scan_actions[22m | SFX_OBJETO_Papel_Alzar.wav[39m[0m
[  16% ] [90m[1m_update_scan_actions[22m | SFX_OBJETO_Papel_Dejar.wav[39m[0m
[  17% ] [90m[1m_update_scan_actions[22m | SFX_PERSONAJE_Paso1.wav[39m[0m
[  17% ] [90m[1m_update_scan_actions[22m | SFX_PERSONAJE_Paso2.wav[39m[0m
[  18% ] [90m[1m_update_scan_actions[22m | SFX_PERSONAJE_Paso3.wav[39m[0m
[  18% ] [90m[1m_update_scan_actions[22m | SFX_PERSONAJE_Paso4.wav[39m[0m
[  18% ] [90m[1m_update_scan_actions[22m | SFX_PERSONAJE_Pasos.wav[39m[0m
[  19% ] [90m[1m_update_scan_actions[22m | actroncito.png[39m[0m
[  19% ] [90m[1m_update_scan_actions[22m | amargadito.png[39m[0m
[  20% ] [90m[1m_update_scan_actions[22m | burbaloo.png[39m[0m
[  20% ] [90m[1m_update_scan_actions[22m | cindolor.png[39m[0m
[  20% ] [90m[1m_update_scan_actions[22m | cosa_de_mani.png[39m[0m
[  21% ] [90m[1m_update_scan_actions[22m | donsaturados.png[39m[0m
[  21% ] [90m[1m_update_scan_actions[22m | durextra.png[39m[0m
[  22% ] [90m[1m_update_scan_actions[22m | duronga.png[39m[0m
[  22% ] [90m[1m_update_scan_actions[22m | fernet_god.png[39m[0m
[  22% ] [90m[1m_update_scan_actions[22m | flinpuf.png[39m[0m
[  23% ] [90m[1m_update_scan_actions[22m | frotlups.png[39m[0m
[  23% ] [90m[1m_update_scan_actions[22m | jorgillo.png[39m[0m
[  24% ] [90m[1m_update_scan_actions[22m | laysntt.png[39m[0m
[  24% ] [90m[1m_update_scan_actions[22m | macumbas.png[39m[0m
[  25% ] [90m[1m_update_scan_actions[22m | mayonchis.png[39m[0m
[  25% ] [90m[1m_update_scan_actions[22m | oaaaa.png[39m[0m
[  25% ] [90m[1m_update_scan_actions[22m | petisas.png[39m[0m
[  26% ] [90m[1m_update_scan_actions[22m | terminator.png[39m[0m
[  26% ] [90m[1m_update_scan_actions[22m | zucarachas.png[39m[0m
[  27% ] [90m[1m_update_scan_actions[22m | 01.png[39m[0m
[  27% ] [90m[1m_update_scan_actions[22m | 02.png[39m[0m
[  27% ] [90m[1m_update_scan_actions[22m | 03.png[39m[0m
[  28% ] [90m[1m_update_scan_actions[22m | 04.png[39m[0m
[  28% ] [90m[1m_update_scan_actions[22m | 05.png[39m[0m
[  29% ] [90m[1m_update_scan_actions[22m | 06.png[39m[0m
[  29% ] [90m[1m_update_scan_actions[22m | 07.png[39m[0m
[  29% ] [90m[1m_update_scan_actions[22m | 08.png[39m[0m
[  30% ] [90m[1m_update_scan_actions[22m | 01.png[39m[0m
[  30% ] [90m[1m_update_scan_actions[22m | 02.png[39m[0m
[  31% ] [90m[1m_update_scan_actions[22m | 03.png[39m[0m
[  31% ] [90m[1m_update_scan_actions[22m | 04.png[39m[0m
[  31% ] [90m[1m_update_scan_actions[22m | 05.png[39m[0m
[  32% ] [90m[1m_update_scan_actions[22m | 06.png[39m[0m
[  32% ] [90m[1m_update_scan_actions[22m | 07.png[39m[0m
[  33% ] [90m[1m_update_scan_actions[22m | 08.png[39m[0m
[  33% ] [90m[1m_update_scan_actions[22m | canopy_without_lamp.png[39m[0m
[  33% ] [90m[1m_update_scan_actions[22m | estacion_fondo_sin_objetos.png[39m[0m
[  34% ] [90m[1m_update_scan_actions[22m | estacion_panoramica_gemini.jpg[39m[0m
[  34% ] [90m[1m_update_scan_actions[22m | vidrio_marcas.png[39m[0m
[  35% ] [90m[1m_update_scan_actions[22m | caja_registradora.glb[39m[0m
[  35% ] [90m[1m_update_scan_actions[22m | caja_registradora_textura caja.png[39m[0m
[  35% ] [90m[1m_update_scan_actions[22m | lector_de_productos.glb[39m[0m
[  36% ] [90m[1m_update_scan_actions[22m | lector_de_productos_textura lector.png[39m[0m
[  36% ] [90m[1m_update_scan_actions[22m | SEPT_JUEGOS_PROTOTIPO.glb[39m[0m
[  37% ] [90m[1m_update_scan_actions[22m | SEPT_JUEGOS_PROTOTIPO_Actroncito completo.png[39m[0m
[  37% ] [90m[1m_update_scan_actions[22m | SEPT_JUEGOS_PROTOTIPO_amargadito completo.png[39m[0m
[  37% ] [90m[1m_update_scan_actions[22m | SEPT_JUEGOS_PROTOTIPO_arvecor.png[39m[0m
[  38% ] [90m[1m_update_scan_actions[22m | SEPT_JUEGOS_PROTOTIPO_atun marranos.png[39m[0m
[  38% ] [90m[1m_update_scan_actions[22m | SEPT_JUEGOS_PROTOTIPO_bano_ivory_oscuro_color.png[39m[0m
[  39% ] [90m[1m_update_scan_actions[22m | SEPT_JUEGOS_PROTOTIPO_bano_ivory_oscuro_normal.png[39m[0m
[  39% ] [90m[1m_update_scan_actions[22m | SEPT_JUEGOS_PROTOTIPO_bano_ivory_oscuro_orm.png[39m[0m
[  39% ] [90m[1m_update_scan_actions[22m | SEPT_JUEGOS_PROTOTIPO_bano_piso_gris.png[39m[0m
[  40% ] [90m[1m_update_scan_actions[22m | SEPT_JUEGOS_PROTOTIPO_Bricks066_1K-JPG_Color.jpg[39m[0m
[  40% ] [90m[1m_update_scan_actions[22m | SEPT_JUEGOS_PROTOTIPO_Bricks066_1K-JPG_NormalGL.jpg[39m[0m
[  41% ] [90m[1m_update_scan_actions[22m | SEPT_JUEGOS_PROTOTIPO_Bricks066_1K-JPG_Roughness.png[39m[0m
[  41% ] [90m[1m_update_scan_actions[22m | SEPT_JUEGOS_PROTOTIPO_Burbaloo completo_1.png[39m[0m
[  41% ] [90m[1m_update_scan_actions[22m | SEPT_JUEGOS_PROTOTIPO_caja luz exterior.png[39m[0m
[  42% ] [90m[1m_update_scan_actions[22m | SEPT_JUEGOS_PROTOTIPO_caja luz interior.png[39m[0m
[  42% ] [90m[1m_update_scan_actions[22m | SEPT_JUEGOS_PROTOTIPO_caja.png[39m[0m
[  43% ] [90m[1m_update_scan_actions[22m | SEPT_JUEGOS_PROTOTIPO_cereal textura.png[39m[0m
[  43% ] [90m[1m_update_scan_actions[22m | SEPT_JUEGOS_PROTOTIPO_chisito.png[39m[0m
[  43% ] [90m[1m_update_scan_actions[22m | SEPT_JUEGOS_PROTOTIPO_cielorraso_emision.png[39m[0m
[  44% ] [90m[1m_update_scan_actions[22m | SEPT_JUEGOS_PROTOTIPO_cielorraso_placas.png[39m[0m
[  44% ] [90m[1m_update_scan_actions[22m | SEPT_JUEGOS_PROTOTIPO_cielorraso_sin_luces.png[39m[0m
[  45% ] [90m[1m_update_scan_actions[22m | SEPT_JUEGOS_PROTOTIPO_cindolor completo.png[39m[0m
[  45% ] [90m[1m_update_scan_actions[22m | SEPT_JUEGOS_PROTOTIPO_compu normals.png[39m[0m
[  45% ] [90m[1m_update_scan_actions[22m | SEPT_JUEGOS_PROTOTIPO_concrete_floor_worn_001_rough_1k.png[39m[0m
[  46% ] [90m[1m_update_scan_actions[22m | SEPT_JUEGOS_PROTOTIPO_concreto2_baseColor.png[39m[0m
[  46% ] [90m[1m_update_scan_actions[22m | SEPT_JUEGOS_PROTOTIPO_cora cola.png[39m[0m
[  47% ] [90m[1m_update_scan_actions[22m | SEPT_JUEGOS_PROTOTIPO_corrugated_iron_02_diff_1k.jpg[39m[0m
[  47% ] [90m[1m_update_scan_actions[22m | SEPT_JUEGOS_PROTOTIPO_corrugated_iron_02_metal_1k-corrugated_iron_02_rough_1k.png[39m[0m
[  47% ] [90m[1m_update_scan_actions[22m | SEPT_JUEGOS_PROTOTIPO_corrugated_iron_02_nor_gl_1k.png[39m[0m
[  48% ] [90m[1m_update_scan_actions[22m | SEPT_JUEGOS_PROTOTIPO_cosa de mani interno.png[39m[0m
[  48% ] [90m[1m_update_scan_actions[22m | SEPT_JUEGOS_PROTOTIPO_deposito_concreto_color.png[39m[0m
[  49% ] [90m[1m_update_scan_actions[22m | SEPT_JUEGOS_PROTOTIPO_deposito_concreto_normal.png[39m[0m
[  49% ] [90m[1m_update_scan_actions[22m | SEPT_JUEGOS_PROTOTIPO_deposito_contenedor_cuerpo_color.png[39m[0m
[  50% ] [90m[1m_update_scan_actions[22m | SEPT_JUEGOS_PROTOTIPO_deposito_contenedor_cuerpo_normal.png[39m[0m
[  50% ] [90m[1m_update_scan_actions[22m | SEPT_JUEGOS_PROTOTIPO_deposito_contenedor_cuerpo_roughness.png[39m[0m
[  50% ] [90m[1m_update_scan_actions[22m | SEPT_JUEGOS_PROTOTIPO_deposito_contenedor_ruedas_normal.png[39m[0m
[  51% ] [90m[1m_update_scan_actions[22m | SEPT_JUEGOS_PROTOTIPO_deposito_contenedor_tapa_color.png[39m[0m
[  51% ] [90m[1m_update_scan_actions[22m | SEPT_JUEGOS_PROTOTIPO_deposito_contenedor_tapa_normal.png[39m[0m
[  52% ] [90m[1m_update_scan_actions[22m | SEPT_JUEGOS_PROTOTIPO_deposito_contenedor_tapa_roughness.png[39m[0m
[  52% ] [90m[1m_update_scan_actions[22m | SEPT_JUEGOS_PROTOTIPO_Don Saturados completo.png[39m[0m
[  52% ] [90m[1m_update_scan_actions[22m | SEPT_JUEGOS_PROTOTIPO_Durextra completo_1.png[39m[0m
[  53% ] [90m[1m_update_scan_actions[22m | SEPT_JUEGOS_PROTOTIPO_duronga.png[39m[0m
[  53% ] [90m[1m_update_scan_actions[22m | SEPT_JUEGOS_PROTOTIPO_exterior_nocturno.png[39m[0m
[  54% ] [90m[1m_update_scan_actions[22m | SEPT_JUEGOS_PROTOTIPO_fernetgod textura.png[39m[0m
[  54% ] [90m[1m_update_scan_actions[22m | SEPT_JUEGOS_PROTOTIPO_fideos marolini.png[39m[0m
[  54% ] [90m[1m_update_scan_actions[22m | SEPT_JUEGOS_PROTOTIPO_flim pof completo.png[39m[0m
[  55% ] [90m[1m_update_scan_actions[22m | SEPT_JUEGOS_PROTOTIPO_frot lups.png[39m[0m
[  55% ] [90m[1m_update_scan_actions[22m | SEPT_JUEGOS_PROTOTIPO_gondola_chapa_blanca_512_basecolor.png[39m[0m
[  56% ] [90m[1m_update_scan_actions[22m | SEPT_JUEGOS_PROTOTIPO_gondola_panel_blanca_1024_basecolor.png[39m[0m
[  56% ] [90m[1m_update_scan_actions[22m | SEPT_JUEGOS_PROTOTIPO_gondola_portaprecio_basecolor.png[39m[0m
[  56% ] [90m[1m_update_scan_actions[22m | SEPT_JUEGOS_PROTOTIPO_Guía de jabones y manchas copy.png[39m[0m
[  57% ] [90m[1m_update_scan_actions[22m | SEPT_JUEGOS_PROTOTIPO_interior_tiles_diff_1k.jpg[39m[0m
[  57% ] [90m[1m_update_scan_actions[22m | SEPT_JUEGOS_PROTOTIPO_jabón liquido.png[39m[0m
[  58% ] [90m[1m_update_scan_actions[22m | SEPT_JUEGOS_PROTOTIPO_jorgillata.png[39m[0m
[  58% ] [90m[1m_update_scan_actions[22m | SEPT_JUEGOS_PROTOTIPO_Lay´snt´t completo_1.png[39m[0m
[  58% ] [90m[1m_update_scan_actions[22m | SEPT_JUEGOS_PROTOTIPO_LIMPIEZA ETIQUETA (1).png[39m[0m
[  59% ] [90m[1m_update_scan_actions[22m | SEPT_JUEGOS_PROTOTIPO_LIMPIEZA ETIQUETA (2).png[39m[0m
[  59% ] [90m[1m_update_scan_actions[22m | SEPT_JUEGOS_PROTOTIPO_LIMPIEZA ETIQUETA (3).png[39m[0m
[  60% ] [90m[1m_update_scan_actions[22m | SEPT_JUEGOS_PROTOTIPO_macumbas completo.png[39m[0m
[  60% ] [90m[1m_update_scan_actions[22m | SEPT_JUEGOS_PROTOTIPO_Material.png[39m[0m
[  60% ] [90m[1m_update_scan_actions[22m | SEPT_JUEGOS_PROTOTIPO_Material_6.png[39m[0m
[  61% ] [90m[1m_update_scan_actions[22m | SEPT_JUEGOS_PROTOTIPO_Material_54.png[39m[0m
[  61% ] [90m[1m_update_scan_actions[22m | SEPT_JUEGOS_PROTOTIPO_Material_55.png[39m[0m
[  62% ] [90m[1m_update_scan_actions[22m | SEPT_JUEGOS_PROTOTIPO_Material_56.png[39m[0m
[  62% ] [90m[1m_update_scan_actions[22m | SEPT_JUEGOS_PROTOTIPO_Material_57.png[39m[0m
[  62% ] [90m[1m_update_scan_actions[22m | SEPT_JUEGOS_PROTOTIPO_Material_58.png[39m[0m
[  63% ] [90m[1m_update_scan_actions[22m | SEPT_JUEGOS_PROTOTIPO_Material_59.png[39m[0m
[  63% ] [90m[1m_update_scan_actions[22m | SEPT_JUEGOS_PROTOTIPO_mayonchis@300x.png[39m[0m
[  64% ] [90m[1m_update_scan_actions[22m | SEPT_JUEGOS_PROTOTIPO_normal nuevo.png[39m[0m
[  64% ] [90m[1m_update_scan_actions[22m | SEPT_JUEGOS_PROTOTIPO_nota baja resolución.png[39m[0m
[  64% ] [90m[1m_update_scan_actions[22m | SEPT_JUEGOS_PROTOTIPO_nota sin texto.png[39m[0m
[  65% ] [90m[1m_update_scan_actions[22m | SEPT_JUEGOS_PROTOTIPO_oaaaa completo.png[39m[0m
[  65% ] [90m[1m_update_scan_actions[22m | SEPT_JUEGOS_PROTOTIPO_oremos.png[39m[0m
[  66% ] [90m[1m_update_scan_actions[22m | SEPT_JUEGOS_PROTOTIPO_painted_plaster_wall_diff_1k.jpg[39m[0m
[  66% ] [90m[1m_update_scan_actions[22m | SEPT_JUEGOS_PROTOTIPO_pepito.png[39m[0m
[  66% ] [90m[1m_update_scan_actions[22m | SEPT_JUEGOS_PROTOTIPO_petisas completo.png[39m[0m
[  67% ] [90m[1m_update_scan_actions[22m | SEPT_JUEGOS_PROTOTIPO_piso_baseColor.png[39m[0m
[  67% ] [90m[1m_update_scan_actions[22m | SEPT_JUEGOS_PROTOTIPO_placa_acustica_basecolor.png[39m[0m
[  68% ] [90m[1m_update_scan_actions[22m | SEPT_JUEGOS_PROTOTIPO_porcelana_atlas.png[39m[0m
[  68% ] [90m[1m_update_scan_actions[22m | SEPT_JUEGOS_PROTOTIPO_progres.png[39m[0m
[  68% ] [90m[1m_update_scan_actions[22m | SEPT_JUEGOS_PROTOTIPO_puchos.png[39m[0m
[  69% ] [90m[1m_update_scan_actions[22m | SEPT_JUEGOS_PROTOTIPO_puerta textura.png[39m[0m
[  69% ] [90m[1m_update_scan_actions[22m | SEPT_JUEGOS_PROTOTIPO_rejilla_bano.png[39m[0m
[  70% ] [90m[1m_update_scan_actions[22m | SEPT_JUEGOS_PROTOTIPO_reloj.png[39m[0m
[  70% ] [90m[1m_update_scan_actions[22m | SEPT_JUEGOS_PROTOTIPO_saladick.png[39m[0m
[  70% ] [90m[1m_update_scan_actions[22m | SEPT_JUEGOS_PROTOTIPO_techo1_baseColor.jpg[39m[0m
[  71% ] [90m[1m_update_scan_actions[22m | SEPT_JUEGOS_PROTOTIPO_Terminator completo.png[39m[0m
[  71% ] [90m[1m_update_scan_actions[22m | SEPT_JUEGOS_PROTOTIPO_texto instrucciones limpieza.png[39m[0m
[  72% ] [90m[1m_update_scan_actions[22m | SEPT_JUEGOS_PROTOTIPO_textura balde.png[39m[0m
[  72% ] [90m[1m_update_scan_actions[22m | SEPT_JUEGOS_PROTOTIPO_textura caja.png[39m[0m
[  72% ] [90m[1m_update_scan_actions[22m | SEPT_JUEGOS_PROTOTIPO_textura mopa.png[39m[0m
[  73% ] [90m[1m_update_scan_actions[22m | SEPT_JUEGOS_PROTOTIPO_textura portón.png[39m[0m
[  73% ] [90m[1m_update_scan_actions[22m | SEPT_JUEGOS_PROTOTIPO_textura poético.png[39m[0m
[  74% ] [90m[1m_update_scan_actions[22m | SEPT_JUEGOS_PROTOTIPO_textura.png[39m[0m
[  74% ] [90m[1m_update_scan_actions[22m | SEPT_JUEGOS_PROTOTIPO_wakasfideos.png[39m[0m
[  75% ] [90m[1m_update_scan_actions[22m | SEPT_JUEGOS_PROTOTIPO_Wood_02-128x128.png[39m[0m
[  75% ] [90m[1m_update_scan_actions[22m | SEPT_JUEGOS_PROTOTIPO_Wood_09-128x128.png[39m[0m
[  75% ] [90m[1m_update_scan_actions[22m | SEPT_JUEGOS_PROTOTIPO_Wood_10-128x128.png[39m[0m
[  76% ] [90m[1m_update_scan_actions[22m | SEPT_JUEGOS_PROTOTIPO_Zucarachas completo_1.png[39m[0m
[  76% ] [90m[1m_update_scan_actions[22m | ticket_impreso.glb[39m[0m
[  77% ] [90m[1m_update_scan_actions[22m | ticket_impreso_TICKET1.png[39m[0m
[  77% ] [90m[1m_update_scan_actions[22m | orange_lovely.otf[39m[0m
[  77% ] [90m[1m_update_scan_actions[22m | papel_orden.svg[39m[0m
[  78% ] [90m[1m_update_scan_actions[22m | papel_tareas.svg[39m[0m
[  78% ] [90m[1m_update_scan_actions[22m | subrayado_mantener.svg[39m[0m
[  79% ] [90m[1m_update_scan_actions[22m | subrayado_ordenado.svg[39m[0m
[  79% ] [90m[1m_update_scan_actions[22m | subrayado_tareas.svg[39m[0m
[  79% ] [90m[1m_update_scan_actions[22m | titulo_mantener.svg[39m[0m
[  80% ] [90m[1m_update_scan_actions[22m | titulo_ordenado.svg[39m[0m
[  80% ] [90m[1m_update_scan_actions[22m | titulo_tareas.svg[39m[0m
[  81% ] [90m[1m_update_scan_actions[22m | actroncito.png[39m[0m
[  81% ] [90m[1m_update_scan_actions[22m | amargadito.png[39m[0m
[  81% ] [90m[1m_update_scan_actions[22m | arvejas.png[39m[0m
[  82% ] [90m[1m_update_scan_actions[22m | burbaloo.png[39m[0m
[  82% ] [90m[1m_update_scan_actions[22m | cabecera.svg[39m[0m
[  83% ] [90m[1m_update_scan_actions[22m | chisitos.png[39m[0m
[  83% ] [90m[1m_update_scan_actions[22m | cindolor.png[39m[0m
[  83% ] [90m[1m_update_scan_actions[22m | computadora.svg[39m[0m
[  84% ] [90m[1m_update_scan_actions[22m | coracola.png[39m[0m
[  84% ] [90m[1m_update_scan_actions[22m | cosa_de_mani.png[39m[0m
[  85% ] [90m[1m_update_scan_actions[22m | donsaturados.png[39m[0m
[  85% ] [90m[1m_update_scan_actions[22m | durextra.png[39m[0m
[  85% ] [90m[1m_update_scan_actions[22m | duronga.png[39m[0m
[  86% ] [90m[1m_update_scan_actions[22m | feel_ricky_fort.png[39m[0m
[  86% ] [90m[1m_update_scan_actions[22m | fernet_god.png[39m[0m
[  87% ] [90m[1m_update_scan_actions[22m | flinpuf.png[39m[0m
[  87% ] [90m[1m_update_scan_actions[22m | fondo.png[39m[0m
[  87% ] [90m[1m_update_scan_actions[22m | fondo_inicio.png[39m[0m
[  88% ] [90m[1m_update_scan_actions[22m | frotlups.png[39m[0m
[  88% ] [90m[1m_update_scan_actions[22m | jorgillo.png[39m[0m
[  89% ] [90m[1m_update_scan_actions[22m | laysntt.png[39m[0m
[  89% ] [90m[1m_update_scan_actions[22m | linea_detalle.svg[39m[0m
[  89% ] [90m[1m_update_scan_actions[22m | macumbas.png[39m[0m
[  90% ] [90m[1m_update_scan_actions[22m | malbardo.png[39m[0m
[  90% ] [90m[1m_update_scan_actions[22m | marolini.png[39m[0m
[  91% ] [90m[1m_update_scan_actions[22m | marranos.png[39m[0m
[  91% ] [90m[1m_update_scan_actions[22m | mayonchis.png[39m[0m
[  91% ] [90m[1m_update_scan_actions[22m | notificacion_cliente.svg[39m[0m
[  92% ] [90m[1m_update_scan_actions[22m | notificacion_lectura.svg[39m[0m
[  92% ] [90m[1m_update_scan_actions[22m | notificacion_salida.svg[39m[0m
[  93% ] [90m[1m_update_scan_actions[22m | oaaaa.png[39m[0m
[  93% ] [90m[1m_update_scan_actions[22m | oremos.png[39m[0m
[  93% ] [90m[1m_update_scan_actions[22m | pepitos.png[39m[0m
[  94% ] [90m[1m_update_scan_actions[22m | petisas.png[39m[0m
[  94% ] [90m[1m_update_scan_actions[22m | prongles.png[39m[0m
[  95% ] [90m[1m_update_scan_actions[22m | puntos_de_carga.svg[39m[0m
[  95% ] [90m[1m_update_scan_actions[22m | registro.svg[39m[0m
[  95% ] [90m[1m_update_scan_actions[22m | saladik.png[39m[0m
[  96% ] [90m[1m_update_scan_actions[22m | solapa.svg[39m[0m
[  96% ] [90m[1m_update_scan_actions[22m | terminator.png[39m[0m
[  97% ] [90m[1m_update_scan_actions[22m | titulo_inicio.png[39m[0m
[  97% ] [90m[1m_update_scan_actions[22m | uakas.png[39m[0m
[  97% ] [90m[1m_update_scan_actions[22m | unscii-16.ttf[39m[0m
[  98% ] [90m[1m_update_scan_actions[22m | zucarachas.png[39m[0m
[  98% ] [90m[1m_update_scan_actions[22m | almacen.exr[39m[0m
[  99% ] [90m[1m_update_scan_actions[22m | icon.svg[39m[0m
[92m[ DONE ][39m [1m_update_scan_actions[22m
[0m
[   0% ] [90m[1mreimport[22m | Started (Re)Importación de Assets (247 steps)[39m[0m
[   0% ] [90m[1mreimport[22m | Preparando archivos para reimportarlos...[39m[0m
[   0% ] [90m[1mreimport[22m | Preparando archivos para reimportarlos...[39m[0m
[   0% ] [90m[1mreimport[22m | Preparando archivos para reimportarlos...[39m[0m
[   1% ] [90m[1mreimport[22m | Preparando archivos para reimportarlos...[39m[0m
[   1% ] [90m[1mreimport[22m | Preparando archivos para reimportarlos...[39m[0m
[   2% ] [90m[1mreimport[22m | Preparando archivos para reimportarlos...[39m[0m
[   2% ] [90m[1mreimport[22m | Preparando archivos para reimportarlos...[39m[0m
[   2% ] [90m[1mreimport[22m | Preparando archivos para reimportarlos...[39m[0m
[   3% ] [90m[1mreimport[22m | Preparando archivos para reimportarlos...[39m[0m
[   3% ] [90m[1mreimport[22m | Preparando archivos para reimportarlos...[39m[0m
[   4% ] [90m[1mreimport[22m | Preparando archivos para reimportarlos...[39m[0m
[   4% ] [90m[1mreimport[22m | Preparando archivos para reimportarlos...[39m[0m
[   4% ] [90m[1mreimport[22m | Preparando archivos para reimportarlos...[39m[0m
[   5% ] [90m[1mreimport[22m | Preparando archivos para reimportarlos...[39m[0m
[   5% ] [90m[1mreimport[22m | Preparando archivos para reimportarlos...[39m[0m
[   6% ] [90m[1mreimport[22m | Preparando archivos para reimportarlos...[39m[0m
[   6% ] [90m[1mreimport[22m | Preparando archivos para reimportarlos...[39m[0m
[   6% ] [90m[1mreimport[22m | Preparando archivos para reimportarlos...[39m[0m
[   7% ] [90m[1mreimport[22m | Preparando archivos para reimportarlos...[39m[0m
[   7% ] [90m[1mreimport[22m | Preparando archivos para reimportarlos...[39m[0m
[   8% ] [90m[1mreimport[22m | Preparando archivos para reimportarlos...[39m[0m
[   8% ] [90m[1mreimport[22m | Preparando archivos para reimportarlos...[39m[0m
[   8% ] [90m[1mreimport[22m | Preparando archivos para reimportarlos...[39m[0m
[   9% ] [90m[1mreimport[22m | Preparando archivos para reimportarlos...[39m[0m
[   9% ] [90m[1mreimport[22m | Preparando archivos para reimportarlos...[39m[0m
[  10% ] [90m[1mreimport[22m | Preparando archivos para reimportarlos...[39m[0m
[  10% ] [90m[1mreimport[22m | Preparando archivos para reimportarlos...[39m[0m
[  10% ] [90m[1mreimport[22m | Preparando archivos para reimportarlos...[39m[0m
[  11% ] [90m[1mreimport[22m | Preparando archivos para reimportarlos...[39m[0m
[  11% ] [90m[1mreimport[22m | Preparando archivos para reimportarlos...[39m[0m
[  12% ] [90m[1mreimport[22m | Preparando archivos para reimportarlos...[39m[0m
[  12% ] [90m[1mreimport[22m | Preparando archivos para reimportarlos...[39m[0m
[  12% ] [90m[1mreimport[22m | Preparando archivos para reimportarlos...[39m[0m
[  13% ] [90m[1mreimport[22m | Preparando archivos para reimportarlos...[39m[0m
[  13% ] [90m[1mreimport[22m | Preparando archivos para reimportarlos...[39m[0m
[  14% ] [90m[1mreimport[22m | Preparando archivos para reimportarlos...[39m[0m
[  14% ] [90m[1mreimport[22m | Preparando archivos para reimportarlos...[39m[0m
[  14% ] [90m[1mreimport[22m | Preparando archivos para reimportarlos...[39m[0m
[  15% ] [90m[1mreimport[22m | Preparando archivos para reimportarlos...[39m[0m
[  15% ] [90m[1mreimport[22m | Preparando archivos para reimportarlos...[39m[0m
[  16% ] [90m[1mreimport[22m | Preparando archivos para reimportarlos...[39m[0m
[  16% ] [90m[1mreimport[22m | Preparando archivos para reimportarlos...[39m[0m
[  16% ] [90m[1mreimport[22m | Preparando archivos para reimportarlos...[39m[0m
[  17% ] [90m[1mreimport[22m | Preparando archivos para reimportarlos...[39m[0m
[  17% ] [90m[1mreimport[22m | Preparando archivos para reimportarlos...[39m[0m
[  18% ] [90m[1mreimport[22m | Preparando archivos para reimportarlos...[39m[0m
[  18% ] [90m[1mreimport[22m | Preparando archivos para reimportarlos...[39m[0m
[  18% ] [90m[1mreimport[22m | Preparando archivos para reimportarlos...[39m[0m
[  19% ] [90m[1mreimport[22m | Preparando archivos para reimportarlos...[39m[0m
[  19% ] [90m[1mreimport[22m | Preparando archivos para reimportarlos...[39m[0m
[  20% ] [90m[1mreimport[22m | Preparando archivos para reimportarlos...[39m[0m
[  20% ] [90m[1mreimport[22m | Preparando archivos para reimportarlos...[39m[0m
[  20% ] [90m[1mreimport[22m | Preparando archivos para reimportarlos...[39m[0m
[  21% ] [90m[1mreimport[22m | Preparando archivos para reimportarlos...[39m[0m
[  21% ] [90m[1mreimport[22m | Preparando archivos para reimportarlos...[39m[0m
[  22% ] [90m[1mreimport[22m | Preparando archivos para reimportarlos...[39m[0m
[  22% ] [90m[1mreimport[22m | Preparando archivos para reimportarlos...[39m[0m
[  22% ] [90m[1mreimport[22m | Preparando archivos para reimportarlos...[39m[0m
[  23% ] [90m[1mreimport[22m | Preparando archivos para reimportarlos...[39m[0m
[  23% ] [90m[1mreimport[22m | Preparando archivos para reimportarlos...[39m[0m
[  24% ] [90m[1mreimport[22m | Preparando archivos para reimportarlos...[39m[0m
[  24% ] [90m[1mreimport[22m | Preparando archivos para reimportarlos...[39m[0m
[  25% ] [90m[1mreimport[22m | Preparando archivos para reimportarlos...[39m[0m
[  25% ] [90m[1mreimport[22m | Preparando archivos para reimportarlos...[39m[0m
[  25% ] [90m[1mreimport[22m | Preparando archivos para reimportarlos...[39m[0m
[  26% ] [90m[1mreimport[22m | Preparando archivos para reimportarlos...[39m[0m
[  26% ] [90m[1mreimport[22m | Preparando archivos para reimportarlos...[39m[0m
[  27% ] [90m[1mreimport[22m | Preparando archivos para reimportarlos...[39m[0m
[  27% ] [90m[1mreimport[22m | Preparando archivos para reimportarlos...[39m[0m
[  27% ] [90m[1mreimport[22m | Preparando archivos para reimportarlos...[39m[0m
[  28% ] [90m[1mreimport[22m | Preparando archivos para reimportarlos...[39m[0m
[  28% ] [90m[1mreimport[22m | Preparando archivos para reimportarlos...[39m[0m
[  29% ] [90m[1mreimport[22m | Preparando archivos para reimportarlos...[39m[0m
[  29% ] [90m[1mreimport[22m | Preparando archivos para reimportarlos...[39m[0m
[  29% ] [90m[1mreimport[22m | Preparando archivos para reimportarlos...[39m[0m
[  30% ] [90m[1mreimport[22m | Preparando archivos para reimportarlos...[39m[0m
[  30% ] [90m[1mreimport[22m | Preparando archivos para reimportarlos...[39m[0m
[  31% ] [90m[1mreimport[22m | Preparando archivos para reimportarlos...[39m[0m
[  31% ] [90m[1mreimport[22m | Preparando archivos para reimportarlos...[39m[0m
[  31% ] [90m[1mreimport[22m | Preparando archivos para reimportarlos...[39m[0m
[  32% ] [90m[1mreimport[22m | Preparando archivos para reimportarlos...[39m[0m
[  32% ] [90m[1mreimport[22m | Preparando archivos para reimportarlos...[39m[0m
[  33% ] [90m[1mreimport[22m | Preparando archivos para reimportarlos...[39m[0m
[  33% ] [90m[1mreimport[22m | Preparando archivos para reimportarlos...[39m[0m
[  33% ] [90m[1mreimport[22m | Preparando archivos para reimportarlos...[39m[0m
[  34% ] [90m[1mreimport[22m | Preparando archivos para reimportarlos...[39m[0m
[  34% ] [90m[1mreimport[22m | Preparando archivos para reimportarlos...[39m[0m
[  35% ] [90m[1mreimport[22m | Preparando archivos para reimportarlos...[39m[0m
[  35% ] [90m[1mreimport[22m | Preparando archivos para reimportarlos...[39m[0m
[  35% ] [90m[1mreimport[22m | Preparando archivos para reimportarlos...[39m[0m
[  36% ] [90m[1mreimport[22m | Preparando archivos para reimportarlos...[39m[0m
[  36% ] [90m[1mreimport[22m | Preparando archivos para reimportarlos...[39m[0m
[  37% ] [90m[1mreimport[22m | Preparando archivos para reimportarlos...[39m[0m
[  37% ] [90m[1mreimport[22m | Preparando archivos para reimportarlos...[39m[0m
[  37% ] [90m[1mreimport[22m | Preparando archivos para reimportarlos...[39m[0m
[  38% ] [90m[1mreimport[22m | Preparando archivos para reimportarlos...[39m[0m
[  38% ] [90m[1mreimport[22m | Preparando archivos para reimportarlos...[39m[0m
[  39% ] [90m[1mreimport[22m | Preparando archivos para reimportarlos...[39m[0m
[  39% ] [90m[1mreimport[22m | Preparando archivos para reimportarlos...[39m[0m
[  39% ] [90m[1mreimport[22m | Preparando archivos para reimportarlos...[39m[0m
[  40% ] [90m[1mreimport[22m | Preparando archivos para reimportarlos...[39m[0m
[  40% ] [90m[1mreimport[22m | Preparando archivos para reimportarlos...[39m[0m
[  41% ] [90m[1mreimport[22m | Preparando archivos para reimportarlos...[39m[0m
[  41% ] [90m[1mreimport[22m | Preparando archivos para reimportarlos...[39m[0m
[  41% ] [90m[1mreimport[22m | Preparando archivos para reimportarlos...[39m[0m
[  42% ] [90m[1mreimport[22m | Preparando archivos para reimportarlos...[39m[0m
[  42% ] [90m[1mreimport[22m | Preparando archivos para reimportarlos...[39m[0m
[  43% ] [90m[1mreimport[22m | Preparando archivos para reimportarlos...[39m[0m
[  43% ] [90m[1mreimport[22m | Preparando archivos para reimportarlos...[39m[0m
[  43% ] [90m[1mreimport[22m | Preparando archivos para reimportarlos...[39m[0m
[  44% ] [90m[1mreimport[22m | Preparando archivos para reimportarlos...[39m[0m
[  44% ] [90m[1mreimport[22m | Preparando archivos para reimportarlos...[39m[0m
[  45% ] [90m[1mreimport[22m | Preparando archivos para reimportarlos...[39m[0m
[  45% ] [90m[1mreimport[22m | Preparando archivos para reimportarlos...[39m[0m
[  45% ] [90m[1mreimport[22m | Preparando archivos para reimportarlos...[39m[0m
[  46% ] [90m[1mreimport[22m | Preparando archivos para reimportarlos...[39m[0m
[  46% ] [90m[1mreimport[22m | Preparando archivos para reimportarlos...[39m[0m
[  47% ] [90m[1mreimport[22m | Preparando archivos para reimportarlos...[39m[0m
[  47% ] [90m[1mreimport[22m | Preparando archivos para reimportarlos...[39m[0m
[  47% ] [90m[1mreimport[22m | Preparando archivos para reimportarlos...[39m[0m
[  48% ] [90m[1mreimport[22m | Preparando archivos para reimportarlos...[39m[0m
[  48% ] [90m[1mreimport[22m | Preparando archivos para reimportarlos...[39m[0m
[  49% ] [90m[1mreimport[22m | Preparando archivos para reimportarlos...[39m[0m
[  49% ] [90m[1mreimport[22m | Preparando archivos para reimportarlos...[39m[0m
[  50% ] [90m[1mreimport[22m | Preparando archivos para reimportarlos...[39m[0m
[  50% ] [90m[1mreimport[22m | Preparando archivos para reimportarlos...[39m[0m
[  50% ] [90m[1mreimport[22m | Preparando archivos para reimportarlos...[39m[0m
[  51% ] [90m[1mreimport[22m | Preparando archivos para reimportarlos...[39m[0m
[  51% ] [90m[1mreimport[22m | Preparando archivos para reimportarlos...[39m[0m
[  52% ] [90m[1mreimport[22m | Preparando archivos para reimportarlos...[39m[0m
[  52% ] [90m[1mreimport[22m | Preparando archivos para reimportarlos...[39m[0m
[  52% ] [90m[1mreimport[22m | Preparando archivos para reimportarlos...[39m[0m
[  53% ] [90m[1mreimport[22m | Preparando archivos para reimportarlos...[39m[0m
[  53% ] [90m[1mreimport[22m | Preparando archivos para reimportarlos...[39m[0m
[  54% ] [90m[1mreimport[22m | Preparando archivos para reimportarlos...[39m[0m
[  54% ] [90m[1mreimport[22m | Preparando archivos para reimportarlos...[39m[0m
[  54% ] [90m[1mreimport[22m | Preparando archivos para reimportarlos...[39m[0m
[  55% ] [90m[1mreimport[22m | Preparando archivos para reimportarlos...[39m[0m
[  55% ] [90m[1mreimport[22m | Preparando archivos para reimportarlos...[39m[0m
[  56% ] [90m[1mreimport[22m | Preparando archivos para reimportarlos...[39m[0m
[  56% ] [90m[1mreimport[22m | Preparando archivos para reimportarlos...[39m[0m
[  56% ] [90m[1mreimport[22m | Preparando archivos para reimportarlos...[39m[0m
[  57% ] [90m[1mreimport[22m | Preparando archivos para reimportarlos...[39m[0m
[  57% ] [90m[1mreimport[22m | Preparando archivos para reimportarlos...[39m[0m
[  58% ] [90m[1mreimport[22m | Preparando archivos para reimportarlos...[39m[0m
[  58% ] [90m[1mreimport[22m | Preparando archivos para reimportarlos...[39m[0m
[  58% ] [90m[1mreimport[22m | Preparando archivos para reimportarlos...[39m[0m
[  59% ] [90m[1mreimport[22m | Preparando archivos para reimportarlos...[39m[0m
[  59% ] [90m[1mreimport[22m | Preparando archivos para reimportarlos...[39m[0m
[  60% ] [90m[1mreimport[22m | Preparando archivos para reimportarlos...[39m[0m
[  60% ] [90m[1mreimport[22m | Preparando archivos para reimportarlos...[39m[0m
[  60% ] [90m[1mreimport[22m | Preparando archivos para reimportarlos...[39m[0m
[  61% ] [90m[1mreimport[22m | Preparando archivos para reimportarlos...[39m[0m
[  61% ] [90m[1mreimport[22m | Preparando archivos para reimportarlos...[39m[0m
[  62% ] [90m[1mreimport[22m | Preparando archivos para reimportarlos...[39m[0m
[  62% ] [90m[1mreimport[22m | Preparando archivos para reimportarlos...[39m[0m
[  62% ] [90m[1mreimport[22m | Preparando archivos para reimportarlos...[39m[0m
[  63% ] [90m[1mreimport[22m | Preparando archivos para reimportarlos...[39m[0m
[  63% ] [90m[1mreimport[22m | Preparando archivos para reimportarlos...[39m[0m
[  64% ] [90m[1mreimport[22m | Preparando archivos para reimportarlos...[39m[0m
[  64% ] [90m[1mreimport[22m | Preparando archivos para reimportarlos...[39m[0m
[  64% ] [90m[1mreimport[22m | Preparando archivos para reimportarlos...[39m[0m
[  65% ] [90m[1mreimport[22m | Preparando archivos para reimportarlos...[39m[0m
[  65% ] [90m[1mreimport[22m | Preparando archivos para reimportarlos...[39m[0m
[  66% ] [90m[1mreimport[22m | Preparando archivos para reimportarlos...[39m[0m
[  66% ] [90m[1mreimport[22m | Preparando archivos para reimportarlos...[39m[0m
[  66% ] [90m[1mreimport[22m | Preparando archivos para reimportarlos...[39m[0m
[  67% ] [90m[1mreimport[22m | Preparando archivos para reimportarlos...[39m[0m
[  67% ] [90m[1mreimport[22m | Preparando archivos para reimportarlos...[39m[0m
[  68% ] [90m[1mreimport[22m | Preparando archivos para reimportarlos...[39m[0m
[  68% ] [90m[1mreimport[22m | Preparando archivos para reimportarlos...[39m[0m
[  68% ] [90m[1mreimport[22m | Preparando archivos para reimportarlos...[39m[0m
[  69% ] [90m[1mreimport[22m | Preparando archivos para reimportarlos...[39m[0m
[  69% ] [90m[1mreimport[22m | Preparando archivos para reimportarlos...[39m[0m
[  70% ] [90m[1mreimport[22m | Preparando archivos para reimportarlos...[39m[0m
[  70% ] [90m[1mreimport[22m | Preparando archivos para reimportarlos...[39m[0m
[  70% ] [90m[1mreimport[22m | Preparando archivos para reimportarlos...[39m[0m
[  71% ] [90m[1mreimport[22m | Preparando archivos para reimportarlos...[39m[0m
[  71% ] [90m[1mreimport[22m | Preparando archivos para reimportarlos...[39m[0m
[  72% ] [90m[1mreimport[22m | Preparando archivos para reimportarlos...[39m[0m
[  72% ] [90m[1mreimport[22m | Preparando archivos para reimportarlos...[39m[0m
[  72% ] [90m[1mreimport[22m | Preparando archivos para reimportarlos...[39m[0m
[  73% ] [90m[1mreimport[22m | Preparando archivos para reimportarlos...[39m[0m
[  73% ] [90m[1mreimport[22m | Preparando archivos para reimportarlos...[39m[0m
[  74% ] [90m[1mreimport[22m | Preparando archivos para reimportarlos...[39m[0m
[  74% ] [90m[1mreimport[22m | Preparando archivos para reimportarlos...[39m[0m
[  75% ] [90m[1mreimport[22m | Preparando archivos para reimportarlos...[39m[0m
[  75% ] [90m[1mreimport[22m | Preparando archivos para reimportarlos...[39m[0m
[  75% ] [90m[1mreimport[22m | Preparando archivos para reimportarlos...[39m[0m
[  76% ] [90m[1mreimport[22m | Preparando archivos para reimportarlos...[39m[0m
[  76% ] [90m[1mreimport[22m | Preparando archivos para reimportarlos...[39m[0m
[  77% ] [90m[1mreimport[22m | Preparando archivos para reimportarlos...[39m[0m
[  77% ] [90m[1mreimport[22m | Preparando archivos para reimportarlos...[39m[0m
[  77% ] [90m[1mreimport[22m | Preparando archivos para reimportarlos...[39m[0m
[  78% ] [90m[1mreimport[22m | Preparando archivos para reimportarlos...[39m[0m
[  78% ] [90m[1mreimport[22m | Preparando archivos para reimportarlos...[39m[0m
[  79% ] [90m[1mreimport[22m | Preparando archivos para reimportarlos...[39m[0m
[  79% ] [90m[1mreimport[22m | Preparando archivos para reimportarlos...[39m[0m
[  79% ] [90m[1mreimport[22m | Preparando archivos para reimportarlos...[39m[0m
[  80% ] [90m[1mreimport[22m | Preparando archivos para reimportarlos...[39m[0m
[  80% ] [90m[1mreimport[22m | Preparando archivos para reimportarlos...[39m[0m
[  81% ] [90m[1mreimport[22m | Preparando archivos para reimportarlos...[39m[0m
[  81% ] [90m[1mreimport[22m | Preparando archivos para reimportarlos...[39m[0m
[  81% ] [90m[1mreimport[22m | Preparando archivos para reimportarlos...[39m[0m
[  82% ] [90m[1mreimport[22m | Preparando archivos para reimportarlos...[39m[0m
[  82% ] [90m[1mreimport[22m | Preparando archivos para reimportarlos...[39m[0m
[  83% ] [90m[1mreimport[22m | Preparando archivos para reimportarlos...[39m[0m
[  83% ] [90m[1mreimport[22m | Preparando archivos para reimportarlos...[39m[0m
[  83% ] [90m[1mreimport[22m | Preparando archivos para reimportarlos...[39m[0m
[  84% ] [90m[1mreimport[22m | Preparando archivos para reimportarlos...[39m[0m
[  84% ] [90m[1mreimport[22m | Preparando archivos para reimportarlos...[39m[0m
[  85% ] [90m[1mreimport[22m | Preparando archivos para reimportarlos...[39m[0m
[  85% ] [90m[1mreimport[22m | Preparando archivos para reimportarlos...[39m[0m
[  85% ] [90m[1mreimport[22m | Preparando archivos para reimportarlos...[39m[0m
[  86% ] [90m[1mreimport[22m | Preparando archivos para reimportarlos...[39m[0m
[  86% ] [90m[1mreimport[22m | Preparando archivos para reimportarlos...[39m[0m
[  87% ] [90m[1mreimport[22m | Preparando archivos para reimportarlos...[39m[0m
[  87% ] [90m[1mreimport[22m | Preparando archivos para reimportarlos...[39m[0m
[  87% ] [90m[1mreimport[22m | Preparando archivos para reimportarlos...[39m[0m
[  88% ] [90m[1mreimport[22m | Preparando archivos para reimportarlos...[39m[0m
[  88% ] [90m[1mreimport[22m | Preparando archivos para reimportarlos...[39m[0m
[  89% ] [90m[1mreimport[22m | Preparando archivos para reimportarlos...[39m[0m
[  89% ] [90m[1mreimport[22m | Preparando archivos para reimportarlos...[39m[0m
[  89% ] [90m[1mreimport[22m | Preparando archivos para reimportarlos...[39m[0m
[  90% ] [90m[1mreimport[22m | Preparando archivos para reimportarlos...[39m[0m
[  90% ] [90m[1mreimport[22m | Preparando archivos para reimportarlos...[39m[0m
[  91% ] [90m[1mreimport[22m | Preparando archivos para reimportarlos...[39m[0m
[  91% ] [90m[1mreimport[22m | Preparando archivos para reimportarlos...[39m[0m
[  91% ] [90m[1mreimport[22m | Preparando archivos para reimportarlos...[39m[0m
[  92% ] [90m[1mreimport[22m | Preparando archivos para reimportarlos...[39m[0m
[  92% ] [90m[1mreimport[22m | Preparando archivos para reimportarlos...[39m[0m
[  93% ] [90m[1mreimport[22m | Preparando archivos para reimportarlos...[39m[0m
[  93% ] [90m[1mreimport[22m | Preparando archivos para reimportarlos...[39m[0m
[  93% ] [90m[1mreimport[22m | Preparando archivos para reimportarlos...[39m[0m
[  94% ] [90m[1mreimport[22m | Preparando archivos para reimportarlos...[39m[0m
[  94% ] [90m[1mreimport[22m | Preparando archivos para reimportarlos...[39m[0m
[  95% ] [90m[1mreimport[22m | Preparando archivos para reimportarlos...[39m[0m
[  95% ] [90m[1mreimport[22m | Preparando archivos para reimportarlos...[39m[0m
[  95% ] [90m[1mreimport[22m | Preparando archivos para reimportarlos...[39m[0m
[  96% ] [90m[1mreimport[22m | Preparando archivos para reimportarlos...[39m[0m
[  96% ] [90m[1mreimport[22m | Preparando archivos para reimportarlos...[39m[0m
[  97% ] [90m[1mreimport[22m | Preparando archivos para reimportarlos...[39m[0m
[  97% ] [90m[1mreimport[22m | Preparando archivos para reimportarlos...[39m[0m
[  97% ] [90m[1mreimport[22m | Preparando archivos para reimportarlos...[39m[0m
[  98% ] [90m[1mreimport[22m | Preparando archivos para reimportarlos...[39m[0m
[  98% ] [90m[1mreimport[22m | Preparando archivos para reimportarlos...[39m[0m
[  99% ] [90m[1mreimport[22m | Preparando archivos para reimportarlos...[39m[0m
[   0% ] [90m[1mreimport[22m | Ejecutando operaciones de pre-reimportación...[39m[0m
[   0% ] [90m[1mpreload_reimporting_scene[22m | Started Preparando escenas para recargar (1 steps)[39m[0m
[   0% ] [90m[1mpreload_reimporting_scene[22m | Analizando escena [vacío][39m[0m
[  50% ] [90m[1mpreload_reimporting_scene[22m | Preparación terminada.[39m[0m
[92m[ DONE ][39m [1mpreload_reimporting_scene[22m
[0m
[   0% ] [90m[1mreimport[22m | almacen.exr[39m[0m
[   0% ] [90m[1mreimport[22m | almacen.exr[39m[0m
[   0% ] [90m[1mreimport[22m | unscii-16.ttf[39m[0m
res://assets/ui/manada/unscii-16.ttf: Pixel font detected, disabling subpixel positioning.
res://assets/ui/manada/unscii-16.ttf: Pixel font detected, disabling hinting.
[   1% ] [90m[1mreimport[22m | almacen.exr[39m[0m
[   1% ] [90m[1mreimport[22m | unscii-16.ttf[39m[0m
[   2% ] [90m[1mreimport[22m | almacen.exr[39m[0m
[   2% ] [90m[1mreimport[22m | unscii-16.ttf[39m[0m
[   2% ] [90m[1mreimport[22m | orange_lovely.otf[39m[0m
[   3% ] [90m[1mreimport[22m | AMB_PROXIMIDAD_Neon.ogg[39m[0m
[   3% ] [90m[1mreimport[22m | MUS_Tema1.ogg[39m[0m
[   4% ] [90m[1mreimport[22m | SEPT_JUEGOS_PROTOTIPO_piso_baseColor.png[39m[0m
[   4% ] [90m[1mreimport[22m | SEPT_JUEGOS_PROTOTIPO_petisas completo.png[39m[0m
[   4% ] [90m[1mreimport[22m | SEPT_JUEGOS_PROTOTIPO_pepito.png[39m[0m
[   5% ] [90m[1mreimport[22m | SEPT_JUEGOS_PROTOTIPO_painted_plaster_wall_diff_1k.jpg[39m[0m
[   5% ] [90m[1mreimport[22m | SEPT_JUEGOS_PROTOTIPO_oremos.png[39m[0m
[   6% ] [90m[1mreimport[22m | SEPT_JUEGOS_PROTOTIPO_oaaaa completo.png[39m[0m
[   6% ] [90m[1mreimport[22m | SEPT_JUEGOS_PROTOTIPO_nota sin texto.png[39m[0m
[   6% ] [90m[1mreimport[22m | SEPT_JUEGOS_PROTOTIPO_nota baja resolución.png[39m[0m
[   7% ] [90m[1mreimport[22m | SEPT_JUEGOS_PROTOTIPO_normal nuevo.png[39m[0m
[   7% ] [90m[1mreimport[22m | SEPT_JUEGOS_PROTOTIPO_mayonchis@300x.png[39m[0m
[   8% ] [90m[1mreimport[22m | SEPT_JUEGOS_PROTOTIPO_Material_59.png[39m[0m
[   8% ] [90m[1mreimport[22m | SEPT_JUEGOS_PROTOTIPO_Material_58.png[39m[0m
[   8% ] [90m[1mreimport[22m | SEPT_JUEGOS_PROTOTIPO_Material_57.png[39m[0m
[   9% ] [90m[1mreimport[22m | SEPT_JUEGOS_PROTOTIPO_Material_56.png[39m[0m
[   9% ] [90m[1mreimport[22m | SEPT_JUEGOS_PROTOTIPO_placa_acustica_basecolor.png[39m[0m
[  10% ] [90m[1mreimport[22m | SEPT_JUEGOS_PROTOTIPO_porcelana_atlas.png[39m[0m
[  10% ] [90m[1mreimport[22m | SEPT_JUEGOS_PROTOTIPO_progres.png[39m[0m
[  10% ] [90m[1mreimport[22m | SEPT_JUEGOS_PROTOTIPO_puchos.png[39m[0m
[  11% ] [90m[1mreimport[22m | SEPT_JUEGOS_PROTOTIPO_puerta textura.png[39m[0m
[  11% ] [90m[1mreimport[22m | SEPT_JUEGOS_PROTOTIPO_rejilla_bano.png[39m[0m
[  12% ] [90m[1mreimport[22m | SEPT_JUEGOS_PROTOTIPO_reloj.png[39m[0m
[  12% ] [90m[1mreimport[22m | SEPT_JUEGOS_PROTOTIPO_saladick.png[39m[0m
[  12% ] [90m[1mreimport[22m | SEPT_JUEGOS_PROTOTIPO_techo1_baseColor.jpg[39m[0m
[  13% ] [90m[1mreimport[22m | SEPT_JUEGOS_PROTOTIPO_Terminator completo.png[39m[0m
[  13% ] [90m[1mreimport[22m | SEPT_JUEGOS_PROTOTIPO_texto instrucciones limpieza.png[39m[0m
[  14% ] [90m[1mreimport[22m | SEPT_JUEGOS_PROTOTIPO_textura balde.png[39m[0m
[  14% ] [90m[1mreimport[22m | SEPT_JUEGOS_PROTOTIPO_textura caja.png[39m[0m
[  14% ] [90m[1mreimport[22m | SEPT_JUEGOS_PROTOTIPO_textura mopa.png[39m[0m
[  15% ] [90m[1mreimport[22m | SEPT_JUEGOS_PROTOTIPO_textura portón.png[39m[0m
[  15% ] [90m[1mreimport[22m | SEPT_JUEGOS_PROTOTIPO_deposito_contenedor_cuerpo_normal.png[39m[0m
[  16% ] [90m[1mreimport[22m | SEPT_JUEGOS_PROTOTIPO_deposito_contenedor_cuerpo_roughness.png[39m[0m
[  16% ] [90m[1mreimport[22m | SEPT_JUEGOS_PROTOTIPO_deposito_contenedor_ruedas_normal.png[39m[0m
[  16% ] [90m[1mreimport[22m | SEPT_JUEGOS_PROTOTIPO_deposito_contenedor_tapa_color.png[39m[0m
[  17% ] [90m[1mreimport[22m | SEPT_JUEGOS_PROTOTIPO_deposito_contenedor_tapa_normal.png[39m[0m
[  17% ] [90m[1mreimport[22m | SEPT_JUEGOS_PROTOTIPO_deposito_contenedor_tapa_roughness.png[39m[0m
[  18% ] [90m[1mreimport[22m | SEPT_JUEGOS_PROTOTIPO_Don Saturados completo.png[39m[0m
[  18% ] [90m[1mreimport[22m | SEPT_JUEGOS_PROTOTIPO_Durextra completo_1.png[39m[0m
[  18% ] [90m[1mreimport[22m | SEPT_JUEGOS_PROTOTIPO_duronga.png[39m[0m
[  19% ] [90m[1mreimport[22m | SEPT_JUEGOS_PROTOTIPO_exterior_nocturno.png[39m[0m
[  19% ] [90m[1mreimport[22m | SEPT_JUEGOS_PROTOTIPO_fernetgod textura.png[39m[0m
[  20% ] [90m[1mreimport[22m | SEPT_JUEGOS_PROTOTIPO_fideos marolini.png[39m[0m
[  20% ] [90m[1mreimport[22m | SEPT_JUEGOS_PROTOTIPO_flim pof completo.png[39m[0m
[  20% ] [90m[1mreimport[22m | SEPT_JUEGOS_PROTOTIPO_frot lups.png[39m[0m
[  21% ] [90m[1mreimport[22m | SEPT_JUEGOS_PROTOTIPO_gondola_chapa_blanca_512_basecolor.png[39m[0m
[  21% ] [90m[1mreimport[22m | SEPT_JUEGOS_PROTOTIPO_gondola_panel_blanca_1024_basecolor.png[39m[0m
[  22% ] [90m[1mreimport[22m | SEPT_JUEGOS_PROTOTIPO_gondola_portaprecio_basecolor.png[39m[0m
[  22% ] [90m[1mreimport[22m | SEPT_JUEGOS_PROTOTIPO_Guía de jabones y manchas copy.png[39m[0m
[  22% ] [90m[1mreimport[22m | SEPT_JUEGOS_PROTOTIPO_interior_tiles_diff_1k.jpg[39m[0m
[  23% ] [90m[1mreimport[22m | SEPT_JUEGOS_PROTOTIPO_jabón liquido.png[39m[0m
[  23% ] [90m[1mreimport[22m | SEPT_JUEGOS_PROTOTIPO_jorgillata.png[39m[0m
[  24% ] [90m[1mreimport[22m | SEPT_JUEGOS_PROTOTIPO_Lay´snt´t completo_1.png[39m[0m
[  24% ] [90m[1mreimport[22m | SEPT_JUEGOS_PROTOTIPO_LIMPIEZA ETIQUETA (1).png[39m[0m
[  25% ] [90m[1mreimport[22m | SEPT_JUEGOS_PROTOTIPO_LIMPIEZA ETIQUETA (2).png[39m[0m
[  25% ] [90m[1mreimport[22m | SEPT_JUEGOS_PROTOTIPO_LIMPIEZA ETIQUETA (3).png[39m[0m
[  25% ] [90m[1mreimport[22m | SEPT_JUEGOS_PROTOTIPO_macumbas completo.png[39m[0m
[  26% ] [90m[1mreimport[22m | SEPT_JUEGOS_PROTOTIPO_Material.png[39m[0m
[  26% ] [90m[1mreimport[22m | SEPT_JUEGOS_PROTOTIPO_Material_6.png[39m[0m
[  27% ] [90m[1mreimport[22m | SEPT_JUEGOS_PROTOTIPO_Material_54.png[39m[0m
[  27% ] [90m[1mreimport[22m | SEPT_JUEGOS_PROTOTIPO_Material_55.png[39m[0m
[  27% ] [90m[1mreimport[22m | fernet_god.png[39m[0m
[  28% ] [90m[1mreimport[22m | flinpuf.png[39m[0m
[  28% ] [90m[1mreimport[22m | fondo.png[39m[0m
[  29% ] [90m[1mreimport[22m | fondo_inicio.png[39m[0m
[  29% ] [90m[1mreimport[22m | frotlups.png[39m[0m
[  29% ] [90m[1mreimport[22m | jorgillo.png[39m[0m
[  30% ] [90m[1mreimport[22m | laysntt.png[39m[0m
[  30% ] [90m[1mreimport[22m | linea_detalle.svg[39m[0m
[  31% ] [90m[1mreimport[22m | macumbas.png[39m[0m
[  31% ] [90m[1mreimport[22m | malbardo.png[39m[0m
[  31% ] [90m[1mreimport[22m | marolini.png[39m[0m
[  32% ] [90m[1mreimport[22m | marranos.png[39m[0m
[  32% ] [90m[1mreimport[22m | mayonchis.png[39m[0m
[  33% ] [90m[1mreimport[22m | notificacion_cliente.svg[39m[0m
[  33% ] [90m[1mreimport[22m | notificacion_lectura.svg[39m[0m
[  33% ] [90m[1mreimport[22m | notificacion_salida.svg[39m[0m
[  34% ] [90m[1mreimport[22m | oaaaa.png[39m[0m
[  34% ] [90m[1mreimport[22m | oremos.png[39m[0m
[  35% ] [90m[1mreimport[22m | pepitos.png[39m[0m
[  35% ] [90m[1mreimport[22m | petisas.png[39m[0m
[  35% ] [90m[1mreimport[22m | prongles.png[39m[0m
[  36% ] [90m[1mreimport[22m | puntos_de_carga.svg[39m[0m
[  36% ] [90m[1mreimport[22m | registro.svg[39m[0m
[  37% ] [90m[1mreimport[22m | saladik.png[39m[0m
[  37% ] [90m[1mreimport[22m | solapa.svg[39m[0m
[  37% ] [90m[1mreimport[22m | terminator.png[39m[0m
[  38% ] [90m[1mreimport[22m | titulo_inicio.png[39m[0m
[  38% ] [90m[1mreimport[22m | uakas.png[39m[0m
[  39% ] [90m[1mreimport[22m | zucarachas.png[39m[0m
[  39% ] [90m[1mreimport[22m | icon.svg[39m[0m
[  39% ] [90m[1mreimport[22m | SEPT_JUEGOS_PROTOTIPO_textura poético.png[39m[0m
[  40% ] [90m[1mreimport[22m | SEPT_JUEGOS_PROTOTIPO_textura.png[39m[0m
[  40% ] [90m[1mreimport[22m | SEPT_JUEGOS_PROTOTIPO_wakasfideos.png[39m[0m
[  41% ] [90m[1mreimport[22m | SEPT_JUEGOS_PROTOTIPO_Wood_02-128x128.png[39m[0m
[  41% ] [90m[1mreimport[22m | SEPT_JUEGOS_PROTOTIPO_Wood_09-128x128.png[39m[0m
[  41% ] [90m[1mreimport[22m | SEPT_JUEGOS_PROTOTIPO_Wood_10-128x128.png[39m[0m
[  42% ] [90m[1mreimport[22m | SEPT_JUEGOS_PROTOTIPO_Zucarachas completo_1.png[39m[0m
[  42% ] [90m[1mreimport[22m | ticket_impreso_TICKET1.png[39m[0m
[  43% ] [90m[1mreimport[22m | papel_orden.svg[39m[0m
[  43% ] [90m[1mreimport[22m | papel_tareas.svg[39m[0m
[  43% ] [90m[1mreimport[22m | subrayado_mantener.svg[39m[0m
[  44% ] [90m[1mreimport[22m | subrayado_ordenado.svg[39m[0m
[  44% ] [90m[1mreimport[22m | subrayado_tareas.svg[39m[0m
[  45% ] [90m[1mreimport[22m | titulo_mantener.svg[39m[0m
[  45% ] [90m[1mreimport[22m | titulo_ordenado.svg[39m[0m
[  45% ] [90m[1mreimport[22m | titulo_tareas.svg[39m[0m
[  46% ] [90m[1mreimport[22m | actroncito.png[39m[0m
[  46% ] [90m[1mreimport[22m | amargadito.png[39m[0m
[  47% ] [90m[1mreimport[22m | arvejas.png[39m[0m
[  47% ] [90m[1mreimport[22m | burbaloo.png[39m[0m
[  47% ] [90m[1mreimport[22m | cabecera.svg[39m[0m
[  48% ] [90m[1mreimport[22m | chisitos.png[39m[0m
[  48% ] [90m[1mreimport[22m | cindolor.png[39m[0m
[  49% ] [90m[1mreimport[22m | computadora.svg[39m[0m
[  49% ] [90m[1mreimport[22m | coracola.png[39m[0m
[  50% ] [90m[1mreimport[22m | cosa_de_mani.png[39m[0m
[  50% ] [90m[1mreimport[22m | donsaturados.png[39m[0m
[  50% ] [90m[1mreimport[22m | durextra.png[39m[0m
[  51% ] [90m[1mreimport[22m | duronga.png[39m[0m
[  51% ] [90m[1mreimport[22m | feel_ricky_fort.png[39m[0m
[  52% ] [90m[1mreimport[22m | macumbas.png[39m[0m
[  52% ] [90m[1mreimport[22m | mayonchis.png[39m[0m
[  52% ] [90m[1mreimport[22m | oaaaa.png[39m[0m
[  53% ] [90m[1mreimport[22m | petisas.png[39m[0m
[  53% ] [90m[1mreimport[22m | terminator.png[39m[0m
[  54% ] [90m[1mreimport[22m | zucarachas.png[39m[0m
[  54% ] [90m[1mreimport[22m | 01.png[39m[0m
[  54% ] [90m[1mreimport[22m | 02.png[39m[0m
[  55% ] [90m[1mreimport[22m | 03.png[39m[0m
[  55% ] [90m[1mreimport[22m | 04.png[39m[0m
[  56% ] [90m[1mreimport[22m | 05.png[39m[0m
[  56% ] [90m[1mreimport[22m | 06.png[39m[0m
[  56% ] [90m[1mreimport[22m | 07.png[39m[0m
[  57% ] [90m[1mreimport[22m | 08.png[39m[0m
[  57% ] [90m[1mreimport[22m | 01.png[39m[0m
[  58% ] [90m[1mreimport[22m | 02.png[39m[0m
[  58% ] [90m[1mreimport[22m | 03.png[39m[0m
[  58% ] [90m[1mreimport[22m | 04.png[39m[0m
[  59% ] [90m[1mreimport[22m | 05.png[39m[0m
[  59% ] [90m[1mreimport[22m | 06.png[39m[0m
[  60% ] [90m[1mreimport[22m | 07.png[39m[0m
[  60% ] [90m[1mreimport[22m | touch-button.png[39m[0m
[  60% ] [90m[1mreimport[22m | logo.png[39m[0m
[  61% ] [90m[1mreimport[22m | border_bottom.png[39m[0m
[  61% ] [90m[1mreimport[22m | border_top.png[39m[0m
[  62% ] [90m[1mreimport[22m | dot1.png[39m[0m
[  62% ] [90m[1mreimport[22m | dot2.png[39m[0m
[  62% ] [90m[1mreimport[22m | embedded.png[39m[0m
[  63% ] [90m[1mreimport[22m | horizontal-line2.png[39m[0m
[  63% ] [90m[1mreimport[22m | actroncito.png[39m[0m
[  64% ] [90m[1mreimport[22m | amargadito.png[39m[0m
[  64% ] [90m[1mreimport[22m | burbaloo.png[39m[0m
[  64% ] [90m[1mreimport[22m | cindolor.png[39m[0m
[  65% ] [90m[1mreimport[22m | cosa_de_mani.png[39m[0m
[  65% ] [90m[1mreimport[22m | donsaturados.png[39m[0m
[  66% ] [90m[1mreimport[22m | durextra.png[39m[0m
[  66% ] [90m[1mreimport[22m | duronga.png[39m[0m
[  66% ] [90m[1mreimport[22m | fernet_god.png[39m[0m
[  67% ] [90m[1mreimport[22m | flinpuf.png[39m[0m
[  67% ] [90m[1mreimport[22m | frotlups.png[39m[0m
[  68% ] [90m[1mreimport[22m | jorgillo.png[39m[0m
[  68% ] [90m[1mreimport[22m | laysntt.png[39m[0m
[  68% ] [90m[1mreimport[22m | SEPT_JUEGOS_PROTOTIPO_Burbaloo completo_1.png[39m[0m
[  69% ] [90m[1mreimport[22m | SEPT_JUEGOS_PROTOTIPO_caja luz exterior.png[39m[0m
[  69% ] [90m[1mreimport[22m | SEPT_JUEGOS_PROTOTIPO_caja luz interior.png[39m[0m
[  70% ] [90m[1mreimport[22m | SEPT_JUEGOS_PROTOTIPO_caja.png[39m[0m
[  70% ] [90m[1mreimport[22m | SEPT_JUEGOS_PROTOTIPO_cereal textura.png[39m[0m
[  70% ] [90m[1mreimport[22m | SEPT_JUEGOS_PROTOTIPO_chisito.png[39m[0m
[  71% ] [90m[1mreimport[22m | SEPT_JUEGOS_PROTOTIPO_cielorraso_emision.png[39m[0m
[  71% ] [90m[1mreimport[22m | SEPT_JUEGOS_PROTOTIPO_cielorraso_placas.png[39m[0m
[  72% ] [90m[1mreimport[22m | SEPT_JUEGOS_PROTOTIPO_cielorraso_sin_luces.png[39m[0m
[  72% ] [90m[1mreimport[22m | SEPT_JUEGOS_PROTOTIPO_cindolor completo.png[39m[0m
[  72% ] [90m[1mreimport[22m | SEPT_JUEGOS_PROTOTIPO_compu normals.png[39m[0m
[  73% ] [90m[1mreimport[22m | SEPT_JUEGOS_PROTOTIPO_concrete_floor_worn_001_rough_1k.png[39m[0m
[  73% ] [90m[1mreimport[22m | SEPT_JUEGOS_PROTOTIPO_concreto2_baseColor.png[39m[0m
[  74% ] [90m[1mreimport[22m | SEPT_JUEGOS_PROTOTIPO_cora cola.png[39m[0m
[  74% ] [90m[1mreimport[22m | SEPT_JUEGOS_PROTOTIPO_corrugated_iron_02_diff_1k.jpg[39m[0m
[  75% ] [90m[1mreimport[22m | SEPT_JUEGOS_PROTOTIPO_corrugated_iron_02_metal_1k-corrugated_iron_02_rough_1k.png[39m[0m
[  75% ] [90m[1mreimport[22m | SEPT_JUEGOS_PROTOTIPO_corrugated_iron_02_nor_gl_1k.png[39m[0m
[  75% ] [90m[1mreimport[22m | SEPT_JUEGOS_PROTOTIPO_cosa de mani interno.png[39m[0m
[  76% ] [90m[1mreimport[22m | SEPT_JUEGOS_PROTOTIPO_deposito_concreto_color.png[39m[0m
[  76% ] [90m[1mreimport[22m | SEPT_JUEGOS_PROTOTIPO_deposito_concreto_normal.png[39m[0m
[  77% ] [90m[1mreimport[22m | SEPT_JUEGOS_PROTOTIPO_deposito_contenedor_cuerpo_color.png[39m[0m
[  77% ] [90m[1mreimport[22m | 08.png[39m[0m
[  77% ] [90m[1mreimport[22m | canopy_without_lamp.png[39m[0m
[  78% ] [90m[1mreimport[22m | estacion_fondo_sin_objetos.png[39m[0m
[  78% ] [90m[1mreimport[22m | estacion_panoramica_gemini.jpg[39m[0m
[  79% ] [90m[1mreimport[22m | vidrio_marcas.png[39m[0m
[  79% ] [90m[1mreimport[22m | caja_registradora_textura caja.png[39m[0m
[  79% ] [90m[1mreimport[22m | lector_de_productos_textura lector.png[39m[0m
[  80% ] [90m[1mreimport[22m | SEPT_JUEGOS_PROTOTIPO_Actroncito completo.png[39m[0m
[  80% ] [90m[1mreimport[22m | SEPT_JUEGOS_PROTOTIPO_amargadito completo.png[39m[0m
[  81% ] [90m[1mreimport[22m | SEPT_JUEGOS_PROTOTIPO_Bricks066_1K-JPG_Roughness.png[39m[0m
[  81% ] [90m[1mreimport[22m | SEPT_JUEGOS_PROTOTIPO_Bricks066_1K-JPG_NormalGL.jpg[39m[0m
[  81% ] [90m[1mreimport[22m | SEPT_JUEGOS_PROTOTIPO_Bricks066_1K-JPG_Color.jpg[39m[0m
[  82% ] [90m[1mreimport[22m | SEPT_JUEGOS_PROTOTIPO_bano_piso_gris.png[39m[0m
[  82% ] [90m[1mreimport[22m | almacen.exr[39m[0m
[  83% ] [90m[1mreimport[22m | unscii-16.ttf[39m[0m
[  83% ] [90m[1mreimport[22m | orange_lovely.otf[39m[0m
[  83% ] [90m[1mreimport[22m | AMB_PROXIMIDAD_Neon.ogg[39m[0m
[  84% ] [90m[1mreimport[22m | MUS_Tema1.ogg[39m[0m
[  84% ] [90m[1mreimport[22m | SEPT_JUEGOS_PROTOTIPO_piso_baseColor.png[39m[0m
[  85% ] [90m[1mreimport[22m | SEPT_JUEGOS_PROTOTIPO_petisas completo.png[39m[0m
[  85% ] [90m[1mreimport[22m | SEPT_JUEGOS_PROTOTIPO_pepito.png[39m[0m
[  85% ] [90m[1mreimport[22m | SEPT_JUEGOS_PROTOTIPO_painted_plaster_wall_diff_1k.jpg[39m[0m
[  86% ] [90m[1mreimport[22m | SEPT_JUEGOS_PROTOTIPO_oremos.png[39m[0m
[  86% ] [90m[1mreimport[22m | SEPT_JUEGOS_PROTOTIPO_oaaaa completo.png[39m[0m
[  87% ] [90m[1mreimport[22m | SEPT_JUEGOS_PROTOTIPO_nota sin texto.png[39m[0m
[  87% ] [90m[1mreimport[22m | SEPT_JUEGOS_PROTOTIPO_nota baja resolución.png[39m[0m
[  87% ] [90m[1mreimport[22m | SEPT_JUEGOS_PROTOTIPO_normal nuevo.png[39m[0m
[  88% ] [90m[1mreimport[22m | SEPT_JUEGOS_PROTOTIPO_mayonchis@300x.png[39m[0m
[  88% ] [90m[1mreimport[22m | SEPT_JUEGOS_PROTOTIPO_Material_59.png[39m[0m
[  89% ] [90m[1mreimport[22m | SEPT_JUEGOS_PROTOTIPO_Material_58.png[39m[0m
[  89% ] [90m[1mreimport[22m | SEPT_JUEGOS_PROTOTIPO_Material_57.png[39m[0m
[  89% ] [90m[1mreimport[22m | SEPT_JUEGOS_PROTOTIPO_Material_56.png[39m[0m
[  90% ] [90m[1mreimport[22m | SEPT_JUEGOS_PROTOTIPO_placa_acustica_basecolor.png[39m[0m
[  90% ] [90m[1mreimport[22m | SEPT_JUEGOS_PROTOTIPO_porcelana_atlas.png[39m[0m
[  91% ] [90m[1mreimport[22m | SEPT_JUEGOS_PROTOTIPO_progres.png[39m[0m
[  91% ] [90m[1mreimport[22m | SEPT_JUEGOS_PROTOTIPO_puchos.png[39m[0m
[  91% ] [90m[1mreimport[22m | SEPT_JUEGOS_PROTOTIPO_puerta textura.png[39m[0m
[  92% ] [90m[1mreimport[22m | SEPT_JUEGOS_PROTOTIPO_rejilla_bano.png[39m[0m
[  92% ] [90m[1mreimport[22m | SEPT_JUEGOS_PROTOTIPO_reloj.png[39m[0m
[  93% ] [90m[1mreimport[22m | SEPT_JUEGOS_PROTOTIPO_saladick.png[39m[0m
[  93% ] [90m[1mreimport[22m | SEPT_JUEGOS_PROTOTIPO_techo1_baseColor.jpg[39m[0m
[  93% ] [90m[1mreimport[22m | SEPT_JUEGOS_PROTOTIPO_Terminator completo.png[39m[0m
[  94% ] [90m[1mreimport[22m | SEPT_JUEGOS_PROTOTIPO_texto instrucciones limpieza.png[39m[0m
[  94% ] [90m[1mreimport[22m | SEPT_JUEGOS_PROTOTIPO_textura balde.png[39m[0m
[  95% ] [90m[1mreimport[22m | SEPT_JUEGOS_PROTOTIPO_textura caja.png[39m[0m
[  95% ] [90m[1mreimport[22m | SEPT_JUEGOS_PROTOTIPO_textura mopa.png[39m[0m
[  95% ] [90m[1mreimport[22m | SEPT_JUEGOS_PROTOTIPO_textura portón.png[39m[0m
[  96% ] [90m[1mreimport[22m | SEPT_JUEGOS_PROTOTIPO_deposito_contenedor_cuerpo_normal.png[39m[0m
[  96% ] [90m[1mreimport[22m | SEPT_JUEGOS_PROTOTIPO_deposito_contenedor_cuerpo_roughness.png[39m[0m
[  97% ] [90m[1mreimport[22m | SEPT_JUEGOS_PROTOTIPO_deposito_contenedor_ruedas_normal.png[39m[0m
[  97% ] [90m[1mreimport[22m | SEPT_JUEGOS_PROTOTIPO_deposito_contenedor_tapa_color.png[39m[0m
[  97% ] [90m[1mreimport[22m | lector_de_productos.glb[39m[0m
[   0% ] [90m[1mimport[22m | Started Importar Escena (104 steps)[39m[0m
[   0% ] [90m[1mimport[22m | Importando Escena...[39m[0m
[   1% ] [90m[1mimport[22m | Ejecutando Script Personalizado...[39m[0m
[  99% ] [90m[1mimport[22m | Guardando...[39m[0m
[92m[ DONE ][39m [1mimport[22m
[0m
[  98% ] [90m[1mreimport[22m | caja_registradora.glb[39m[0m
[   0% ] [90m[1mimport[22m | Started Importar Escena (104 steps)[39m[0m
[   0% ] [90m[1mimport[22m | Importando Escena...[39m[0m
[   1% ] [90m[1mimport[22m | Ejecutando Script Personalizado...[39m[0m
[  99% ] [90m[1mimport[22m | Guardando...[39m[0m
[92m[ DONE ][39m [1mimport[22m
[0m
[  98% ] [90m[1mreimport[22m | SEPT_JUEGOS_PROTOTIPO.glb[39m[0m
[   0% ] [90m[1mimport[22m | Started Importar Escena (104 steps)[39m[0m
[   0% ] [90m[1mimport[22m | Importando Escena...[39m[0m
[   1% ] [90m[1mimport[22m | Ejecutando Script Personalizado...[39m[0m
[  99% ] [90m[1mimport[22m | Guardando...[39m[0m
[92m[ DONE ][39m [1mimport[22m
[0m
[  99% ] [90m[1mreimport[22m | ticket_impreso.glb[39m[0m
[   0% ] [90m[1mimport[22m | Started Importar Escena (104 steps)[39m[0m
[   0% ] [90m[1mimport[22m | Importando Escena...[39m[0m
[   1% ] [90m[1mimport[22m | Ejecutando Script Personalizado...[39m[0m
[  99% ] [90m[1mimport[22m | Guardando...[39m[0m
[92m[ DONE ][39m [1mimport[22m
[0m
[  99% ] [90m[1mreimport[22m | Finalizando la importación de recursos...[39m[0m
[92m[ DONE ][39m [1mreimport[22m
[0m
[   0% ] [90m[1mreimport[22m | Started (Re)Importación de Assets (247 steps)[39m[0m
[   0% ] [90m[1mreimport[22m | Ejecutando operaciones post-reimportación...[39m[0m
[92m[ DONE ][39m [1mreimport[22m
[0m
[   0% ] [90m[1mloading_editor_layout[22m | Started Cargando editor (5 steps)[39m[0m
[   0% ] [90m[1mloading_editor_layout[22m | Cargando diseño del editor...[39m[0m
[  16% ] [90m[1mloading_editor_layout[22m | Cargando docks...[39m[0m
[92m[ DONE ][39m [1mloading_editor_layout[22m
[0m
[MCP] WebSocket client stopped
[MCP] Godot MCP Pro stopped
ERROR: The remote port number must be between 1 and 65535 (inclusive).
   at: connect_to_host (core/io/stream_peer_tcp.cpp:69)
ERROR: Remote Debugger: Unable to connect to host '127.0.0.1:0'.
   at: create_tcp (core/debugger/remote_debugger_peer.cpp:247)
Godot Engine v4.7.2.stable.official.ed1daf0bf - https://godotengine.org

[2J[H[38;2;233;150;122m
--------------------------------------------------------------------------------------------------
GdUnit4 Comandline Tool
--------------------------------------------------------------------------------------------------[0m
[38;2;0;191;255mDisabled fail fast![0m
[38;2;0;191;255mSet write reports to D:/Usuarios/fede/Documentos/Catedra Videojuegos FADU/manada/repo/nosefia/.claude/worktrees/batch-20261010-364/reports/focal-364-0[0m
[38;2;218;165;32m
Headless mode is ignored by option '--ignoreHeadlessMode'"

Please note that tests that use UI interaction do not work correctly in headless mode.
Godot 'InputEvents' are not transported by the Godot engine in headless mode and therefore
have no effect in the test!
[0m
[38;2;100;149;237mInstalling GdUnit4 session system hooks.[0m
[38;2;100;149;237mSession hook 'GdUnitHtmlTestReporter' installed.[0m
[38;2;100;149;237mSession hook 'GdUnitXMLTestReporter' installed.[0m
[38;2;100;149;237mInstalling GdUnit4 session hooks.[0m
[38;2;100;149;237mSession hook 'Guardado de la sesión' installed.[0m
[38;2;0;206;209mRun Test Suite: [0m[38;2;250;235;215mres://test/dominio/jornada/entrada_a_la_noche_test.gd[0m
  [38;2;250;235;215mres://test/dominio/jornada/entrada_a_la_noche_test.gd[0m[38;2;128;128;128m > [0m[38;2;250;235;215mtest_la_placa_desaparece_antes_de_que_suba_la_persiana[0m[38;2;34;139;34m STARTED[0m[38;2;128;128;128m[0m
  [38;2;250;235;215mres://test/dominio/jornada/entrada_a_la_noche_test.gd[0m[38;2;128;128;128m > [0m[38;2;250;235;215mtest_la_placa_desaparece_antes_de_que_suba_la_persiana[0m[38;2;178;34;34m[1m FAILED[0m[38;2;100;149;237m 8ms[0m
  [38;2;0;206;209m[1m[4mReport:[0m
  [38;2;128;128;128m[38;2;255;69;0mExpecting:[0m
 [38;2;30;144;255m0.500000[0m
 but was
 [38;2;30;144;255m1.000000[0m[0m[38;2;173;216;230m	at 'test_la_placa_desaparece_antes_de_que_suba_la_persiana' in res://test/dominio/jornada/entrada_a_la_noche_test.gd:14[0m  [38;2;128;128;128m[38;2;255;69;0mExpecting:[0m
 equal to 0 but is [38;2;30;144;255m1.000000[0m[0m[38;2;173;216;230m	at 'test_la_placa_desaparece_antes_de_que_suba_la_persiana' in res://test/dominio/jornada/entrada_a_la_noche_test.gd:17[0m  [38;2;128;128;128m[38;2;255;69;0mExpecting:[0m
 [38;2;30;144;255m0.500000[0m
 but was
 [38;2;30;144;255m0.000000[0m[0m[38;2;173;216;230m	at 'test_la_placa_desaparece_antes_de_que_suba_la_persiana' in res://test/dominio/jornada/entrada_a_la_noche_test.gd:20[0m  [38;2;128;128;128m[38;2;255;69;0mExpecting:[0m
 [38;2;30;144;255m1.000000[0m
 but was
 [38;2;30;144;255m0.000000[0m[0m[38;2;173;216;230m	at 'test_la_placa_desaparece_antes_de_que_suba_la_persiana' in res://test/dominio/jornada/entrada_a_la_noche_test.gd:23[0m  [38;2;128;128;128m[38;2;255;69;0mExpecting:[0m '[38;2;30;144;255mtrue[0m' but is '[38;2;30;144;255mfalse[0m'[0m[38;2;173;216;230m	at 'test_la_placa_desaparece_antes_de_que_suba_la_persiana' in res://test/dominio/jornada/entrada_a_la_noche_test.gd:24[0m[38;2;128;128;128m[0m
[38;2;128;128;128m[0m
  [38;2;250;235;215mres://test/dominio/jornada/entrada_a_la_noche_test.gd[0m[38;2;128;128;128m > [0m[38;2;250;235;215mtest_los_avances_son_monotonos_acotados_y_ignoran_tiempo_no_positivo[0m[38;2;34;139;34m STARTED[0m[38;2;128;128;128m[0m
  [38;2;250;235;215mres://test/dominio/jornada/entrada_a_la_noche_test.gd[0m[38;2;128;128;128m > [0m[38;2;250;235;215mtest_los_avances_son_monotonos_acotados_y_ignoran_tiempo_no_positivo[0m[38;2;178;34;34m[1m FAILED[0m[38;2;100;149;237m 10ms[0m
  [38;2;0;206;209m[1m[4mReport:[0m
  [38;2;128;128;128m[38;2;255;69;0mExpecting:[0m '[38;2;30;144;255mtrue[0m' but is '[38;2;30;144;255mfalse[0m'[0m[38;2;173;216;230m	at 'test_los_avances_son_monotonos_acotados_y_ignoran_tiempo_no_positivo' in res://test/dominio/jornada/entrada_a_la_noche_test.gd:41[0m  [38;2;128;128;128m[38;2;255;69;0mExpecting:[0m
 equal to 0 but is [38;2;30;144;255m1.000000[0m[0m[38;2;173;216;230m	at 'test_los_avances_son_monotonos_acotados_y_ignoran_tiempo_no_positivo' in res://test/dominio/jornada/entrada_a_la_noche_test.gd:43[0m  [38;2;128;128;128m[38;2;255;69;0mExpecting:[0m
 [38;2;30;144;255m1.000000[0m
 but was
 [38;2;30;144;255m0.000000[0m[0m[38;2;173;216;230m	at 'test_los_avances_son_monotonos_acotados_y_ignoran_tiempo_no_positivo' in res://test/dominio/jornada/entrada_a_la_noche_test.gd:44[0m[38;2;128;128;128m[0m
[38;2;128;128;128m[0m
[38;2;30;144;255mStatistics:[0m[38;2;128;128;128m 2 test cases | 0 errors | 8 failures | 0 flaky | 0 skipped | 0 orphans |[0m[38;2;34;139;34m PASSED[0m[38;2;100;149;237m 45ms[0m
[38;2;128;128;128m[0m
[38;2;128;128;128m[0m
[38;2;30;144;255mOverall Summary:[0m[38;2;255;255;255m 2 test cases | 0 errors | 8 failures | 0 flaky | 0 skipped | 0 orphans |[0m
[38;2;233;150;122mExecuted test suites: (1/1)[0m
[38;2;233;150;122mExecuted test cases : (2/2)[0m
[38;2;233;150;122mTotal execution time: 45ms[0m
[38;2;255;255;255m [0m[38;2;100;149;237mOpen XML Report at: file://D:/Usuarios/fede/Documentos/Catedra Videojuegos FADU/manada/repo/nosefia/.claude/worktrees/batch-20261010-364/reports/focal-364-0/report_1/results.xml[0m
[38;2;100;149;237mOpen HTML Report at: file://D:/Usuarios/fede/Documentos/Catedra Videojuegos FADU/manada/repo/nosefia/.claude/worktrees/batch-20261010-364/reports/focal-364-0/report_1/index.html[0m
[38;2;178;34;34mExit code: 100[0m
Run dispose test resources
ERROR: The remote port number must be between 1 and 65535 (inclusive).
   at: connect_to_host (core/io/stream_peer_tcp.cpp:69)
ERROR: Remote Debugger: Unable to connect to host '127.0.0.1:0'.
   at: create_tcp (core/debugger/remote_debugger_peer.cpp:247)
Godot Engine v4.7.2.stable.official.ed1daf0bf - https://godotengine.org

[2J[H[38;2;233;150;122m
--------------------------------------------------------------------------------------------------
GdUnit4 Comandline Tool
--------------------------------------------------------------------------------------------------[0m
[38;2;0;191;255mDisabled fail fast![0m
[38;2;0;191;255mSet write reports to D:/Usuarios/fede/Documentos/Catedra Videojuegos FADU/manada/repo/nosefia/.claude/worktrees/batch-20261010-364/reports/focal-364-1[0m
[38;2;218;165;32m
Headless mode is ignored by option '--ignoreHeadlessMode'"

Please note that tests that use UI interaction do not work correctly in headless mode.
Godot 'InputEvents' are not transported by the Godot engine in headless mode and therefore
have no effect in the test!
[0m
[38;2;100;149;237mInstalling GdUnit4 session system hooks.[0m
[38;2;100;149;237mSession hook 'GdUnitHtmlTestReporter' installed.[0m
[38;2;100;149;237mSession hook 'GdUnitXMLTestReporter' installed.[0m
[38;2;100;149;237mInstalling GdUnit4 session hooks.[0m
[38;2;100;149;237mSession hook 'Guardado de la sesión' installed.[0m
[38;2;0;206;209mRun Test Suite: [0m[38;2;250;235;215mres://test/sistemas/marco/reloj_retenido_test.gd[0m
  [38;2;250;235;215mres://test/sistemas/marco/reloj_retenido_test.gd[0m[38;2;128;128;128m > [0m[38;2;250;235;215mtest_retenido_no_cobra_cuadros_ni_ausencia_al_soltar[0m[38;2;34;139;34m STARTED[0m[38;2;128;128;128m[0m
  [38;2;250;235;215mres://test/sistemas/marco/reloj_retenido_test.gd[0m[38;2;128;128;128m > [0m[38;2;250;235;215mtest_retenido_no_cobra_cuadros_ni_ausencia_al_soltar[0m[38;2;178;34;34m[1m FAILED[0m[38;2;100;149;237m 7ms[0m
  [38;2;0;206;209m[1m[4mReport:[0m
  [38;2;128;128;128m[38;2;255;69;0mExpecting:[0m
 [38;2;30;144;255m1200.000000[0m
 but was
 [38;2;30;144;255m1080.000000[0m[0m[38;2;173;216;230m	at 'test_retenido_no_cobra_cuadros_ni_ausencia_al_soltar' in res://test/sistemas/marco/reloj_retenido_test.gd:20[0m  [38;2;128;128;128m[38;2;255;69;0mExpecting:[0m
 [38;2;30;144;255m1140.000000[0m
 but was
 [38;2;30;144;255m540.000000[0m[0m[38;2;173;216;230m	at 'test_retenido_no_cobra_cuadros_ni_ausencia_al_soltar' in res://test/sistemas/marco/reloj_retenido_test.gd:27[0m  [38;2;128;128;128m[38;2;255;69;0mExpecting:[0m
 [38;2;30;144;255m1140.000000[0m
 but was
 [38;2;30;144;255m540.000000[0m[0m[38;2;173;216;230m	at 'test_retenido_no_cobra_cuadros_ni_ausencia_al_soltar' in res://test/sistemas/marco/reloj_retenido_test.gd:29[0m[38;2;128;128;128m[0m
[38;2;128;128;128m[0m
  [38;2;250;235;215mres://test/sistemas/marco/reloj_retenido_test.gd[0m[38;2;128;128;128m > [0m[38;2;250;235;215mtest_retener_no_rearma_el_turno_ni_impide_el_avance_explicito[0m[38;2;34;139;34m STARTED[0m[38;2;128;128;128m[0m
  [38;2;250;235;215mres://test/sistemas/marco/reloj_retenido_test.gd[0m[38;2;128;128;128m > [0m[38;2;250;235;215mtest_retener_no_rearma_el_turno_ni_impide_el_avance_explicito[0m[38;2;34;139;34m PASSED[0m[38;2;100;149;237m 6ms[0m
[38;2;128;128;128m[0m
[38;2;30;144;255mStatistics:[0m[38;2;128;128;128m 2 test cases | 0 errors | 3 failures | 0 flaky | 0 skipped | 0 orphans |[0m[38;2;34;139;34m PASSED[0m[38;2;100;149;237m 36ms[0m
[38;2;128;128;128m[0m
[38;2;128;128;128m[0m
[38;2;30;144;255mOverall Summary:[0m[38;2;255;255;255m 2 test cases | 0 errors | 3 failures | 0 flaky | 0 skipped | 0 orphans |[0m
[38;2;233;150;122mExecuted test suites: (1/1)[0m
[38;2;233;150;122mExecuted test cases : (2/2)[0m
[38;2;233;150;122mTotal execution time: 36ms[0m
[38;2;255;255;255m [0m[38;2;100;149;237mOpen XML Report at: file://D:/Usuarios/fede/Documentos/Catedra Videojuegos FADU/manada/repo/nosefia/.claude/worktrees/batch-20261010-364/reports/focal-364-1/report_1/results.xml[0m
[38;2;100;149;237mOpen HTML Report at: file://D:/Usuarios/fede/Documentos/Catedra Videojuegos FADU/manada/repo/nosefia/.claude/worktrees/batch-20261010-364/reports/focal-364-1/report_1/index.html[0m
[38;2;178;34;34mExit code: 100[0m
Run dispose test resources
