verify	Set up job	﻿2026-10-09T07:49:15.8481663Z Current runner version: '2.337.0'
verify	Set up job	2026-10-09T07:49:15.8518011Z ##[group]Runner Image Provisioner
verify	Set up job	2026-10-09T07:49:15.8518587Z Hosted Compute Agent
verify	Set up job	2026-10-09T07:49:15.8518985Z Version: 20261002.596
verify	Set up job	2026-10-09T07:49:15.8519371Z Commit: c3d12f3313a95f25162a1503be624f3b0617f8c0
verify	Set up job	2026-10-09T07:49:15.8519800Z Build Date: 2026-10-02T22:28:27Z
verify	Set up job	2026-10-09T07:49:15.8520242Z Worker ID: {11272ae3-389f-476a-8add-90cf4cf12398}
verify	Set up job	2026-10-09T07:49:15.8520689Z Region: centralus
verify	Set up job	2026-10-09T07:49:15.8521074Z Cloud: Azure
verify	Set up job	2026-10-09T07:49:15.8521408Z ##[endgroup]
verify	Set up job	2026-10-09T07:49:15.8522164Z ##[group]Operating System
verify	Set up job	2026-10-09T07:49:15.8522567Z Ubuntu
verify	Set up job	2026-10-09T07:49:15.8522916Z 24.04.5
verify	Set up job	2026-10-09T07:49:15.8523216Z LTS
verify	Set up job	2026-10-09T07:49:15.8523570Z ##[endgroup]
verify	Set up job	2026-10-09T07:49:15.8523898Z ##[group]Runner Image
verify	Set up job	2026-10-09T07:49:15.8524272Z Image: ubuntu-24.04
verify	Set up job	2026-10-09T07:49:15.8524652Z Version: 20261004.327.1
verify	Set up job	2026-10-09T07:49:15.8525542Z Included Software: https://github.com/actions/runner-images/blob/ubuntu24/20261004.327/images/ubuntu/Ubuntu2404-Readme.md
verify	Set up job	2026-10-09T07:49:15.8526584Z Image Release: https://github.com/actions/runner-images/releases/tag/ubuntu24%2F20261004.327
verify	Set up job	2026-10-09T07:49:15.8527162Z ##[endgroup]
verify	Set up job	2026-10-09T07:49:15.8527872Z ##[group]GITHUB_TOKEN Permissions
verify	Set up job	2026-10-09T07:49:15.8529291Z Contents: read
verify	Set up job	2026-10-09T07:49:15.8529643Z Metadata: read
verify	Set up job	2026-10-09T07:49:15.8529970Z ##[endgroup]
verify	Set up job	2026-10-09T07:49:15.8531365Z Secret source: Actions
verify	Set up job	2026-10-09T07:49:15.8531901Z Cache mode: write
verify	Set up job	2026-10-09T07:49:15.8532393Z Prepare workflow directory
verify	Set up job	2026-10-09T07:49:15.8763908Z Prepare all required actions
verify	Set up job	2026-10-09T07:49:15.8794548Z Getting action download info
verify	Set up job	2026-10-09T07:49:16.0883249Z Download action repository 'actions/checkout@v5' (SHA:fbc6f3992d24b796d5a048ff273f7fcc4a7b6c09)
verify	Set up job	2026-10-09T07:49:16.3335373Z Download action repository 'actions/setup-python@v5' (SHA:a26af69be951a213d495a4c3e4e4022e16d87065)
verify	Set up job	2026-10-09T07:49:16.6720885Z Download action repository 'actions/upload-artifact@v4' (SHA:ea165f8d65b6e75b540449e92b4886f43607fa02)
verify	Set up job	2026-10-09T07:49:17.0769785Z Complete job name: verify
verify	Run actions/checkout@v5	﻿2026-10-09T07:49:17.1455246Z ##[group]Run actions/checkout@v5
verify	Run actions/checkout@v5	2026-10-09T07:49:17.1455700Z with:
verify	Run actions/checkout@v5	2026-10-09T07:49:17.1455944Z   repository: federicohermo/nosefia
verify	Run actions/checkout@v5	2026-10-09T07:49:17.1458064Z   token: ***
verify	Run actions/checkout@v5	2026-10-09T07:49:17.1458295Z   ssh-strict: true
verify	Run actions/checkout@v5	2026-10-09T07:49:17.1458534Z   ssh-user: git
verify	Run actions/checkout@v5	2026-10-09T07:49:17.1458776Z   persist-credentials: true
verify	Run actions/checkout@v5	2026-10-09T07:49:17.1459040Z   clean: true
verify	Run actions/checkout@v5	2026-10-09T07:49:17.1459283Z   sparse-checkout-cone-mode: true
verify	Run actions/checkout@v5	2026-10-09T07:49:17.1459563Z   fetch-depth: 1
verify	Run actions/checkout@v5	2026-10-09T07:49:17.1459792Z   fetch-tags: false
verify	Run actions/checkout@v5	2026-10-09T07:49:17.1460029Z   show-progress: true
verify	Run actions/checkout@v5	2026-10-09T07:49:17.1460267Z   lfs: false
verify	Run actions/checkout@v5	2026-10-09T07:49:17.1460503Z   submodules: false
verify	Run actions/checkout@v5	2026-10-09T07:49:17.1460747Z   set-safe-directory: true
verify	Run actions/checkout@v5	2026-10-09T07:49:17.1461019Z   allow-unsafe-pr-checkout: false
verify	Run actions/checkout@v5	2026-10-09T07:49:17.1461363Z ##[endgroup]
verify	Run actions/checkout@v5	2026-10-09T07:49:17.2125471Z Syncing repository: federicohermo/nosefia
verify	Run actions/checkout@v5	2026-10-09T07:49:17.2127081Z ##[group]Getting Git version info
verify	Run actions/checkout@v5	2026-10-09T07:49:17.2127677Z Working directory is '/home/runner/work/nosefia/nosefia'
verify	Run actions/checkout@v5	2026-10-09T07:49:17.2128654Z [command]/usr/bin/git version
verify	Run actions/checkout@v5	2026-10-09T07:49:17.2177982Z git version 2.55.0
verify	Run actions/checkout@v5	2026-10-09T07:49:17.2191645Z ##[endgroup]
verify	Run actions/checkout@v5	2026-10-09T07:49:17.2201787Z Temporarily overriding HOME='/home/runner/work/_temp/b736cd89-f748-408e-8605-41c6a11a5d0d' before making global git config changes
verify	Run actions/checkout@v5	2026-10-09T07:49:17.2203021Z Adding repository directory to the temporary git global config as a safe directory
verify	Run actions/checkout@v5	2026-10-09T07:49:17.2206178Z [command]/usr/bin/git config --global --add safe.directory /home/runner/work/nosefia/nosefia
verify	Run actions/checkout@v5	2026-10-09T07:49:17.2320164Z Deleting the contents of '/home/runner/work/nosefia/nosefia'
verify	Run actions/checkout@v5	2026-10-09T07:49:17.2324107Z ##[group]Initializing the repository
verify	Run actions/checkout@v5	2026-10-09T07:49:17.2327869Z [command]/usr/bin/git init /home/runner/work/nosefia/nosefia
verify	Run actions/checkout@v5	2026-10-09T07:49:17.2535122Z hint: Using 'master' as the name for the initial branch. This default branch name
verify	Run actions/checkout@v5	2026-10-09T07:49:17.2536884Z hint: will change to "main" in Git 3.0. To configure the initial branch name
verify	Run actions/checkout@v5	2026-10-09T07:49:17.2538013Z hint: to use in all of your new repositories, which will suppress this warning,
verify	Run actions/checkout@v5	2026-10-09T07:49:17.2538821Z hint: call:
verify	Run actions/checkout@v5	2026-10-09T07:49:17.2539720Z hint:
verify	Run actions/checkout@v5	2026-10-09T07:49:17.2540279Z hint: 	git config --global init.defaultBranch <name>
verify	Run actions/checkout@v5	2026-10-09T07:49:17.2540789Z hint:
verify	Run actions/checkout@v5	2026-10-09T07:49:17.2541237Z hint: Names commonly chosen instead of 'master' are 'main', 'trunk' and
verify	Run actions/checkout@v5	2026-10-09T07:49:17.2541738Z hint: 'development'. The just-created branch can be renamed via this command:
verify	Run actions/checkout@v5	2026-10-09T07:49:17.2542149Z hint:
verify	Run actions/checkout@v5	2026-10-09T07:49:17.2542434Z hint: 	git branch -m <name>
verify	Run actions/checkout@v5	2026-10-09T07:49:17.2542765Z hint:
verify	Run actions/checkout@v5	2026-10-09T07:49:17.2543119Z hint: Disable this message with "git config set advice.defaultBranchName false"
verify	Run actions/checkout@v5	2026-10-09T07:49:17.2543936Z Initialized empty Git repository in /home/runner/work/nosefia/nosefia/.git/
verify	Run actions/checkout@v5	2026-10-09T07:49:17.2545633Z [command]/usr/bin/git remote add origin https://github.com/federicohermo/nosefia
verify	Run actions/checkout@v5	2026-10-09T07:49:17.2729423Z ##[endgroup]
verify	Run actions/checkout@v5	2026-10-09T07:49:17.2729963Z ##[group]Disabling automatic garbage collection
verify	Run actions/checkout@v5	2026-10-09T07:49:17.2732223Z [command]/usr/bin/git config --local gc.auto 0
verify	Run actions/checkout@v5	2026-10-09T07:49:17.2828456Z ##[endgroup]
verify	Run actions/checkout@v5	2026-10-09T07:49:17.2828895Z ##[group]Setting up auth
verify	Run actions/checkout@v5	2026-10-09T07:49:17.2832967Z [command]/usr/bin/git config --local --name-only --get-regexp core\.sshCommand
verify	Run actions/checkout@v5	2026-10-09T07:49:17.2861609Z [command]/usr/bin/git submodule foreach --recursive sh -c "git config --local --name-only --get-regexp 'core\.sshCommand' && git config --local --unset-all 'core.sshCommand' || :"
verify	Run actions/checkout@v5	2026-10-09T07:49:17.3168188Z [command]/usr/bin/git config --local --name-only --get-regexp http\.https\:\/\/github\.com\/\.extraheader
verify	Run actions/checkout@v5	2026-10-09T07:49:17.3195523Z [command]/usr/bin/git submodule foreach --recursive sh -c "git config --local --name-only --get-regexp 'http\.https\:\/\/github\.com\/\.extraheader' && git config --local --unset-all 'http.https://github.com/.extraheader' || :"
verify	Run actions/checkout@v5	2026-10-09T07:49:17.3368575Z [command]/usr/bin/git config --local --name-only --get-regexp ^includeIf\.gitdir:
verify	Run actions/checkout@v5	2026-10-09T07:49:17.3396078Z [command]/usr/bin/git submodule foreach --recursive git config --local --show-origin --name-only --get-regexp remote.origin.url
verify	Run actions/checkout@v5	2026-10-09T07:49:17.3571191Z [command]/usr/bin/git config --local http.https://github.com/.extraheader AUTHORIZATION: basic ***
verify	Run actions/checkout@v5	2026-10-09T07:49:17.3922370Z ##[endgroup]
verify	Run actions/checkout@v5	2026-10-09T07:49:17.3923064Z ##[group]Fetching the repository
verify	Run actions/checkout@v5	2026-10-09T07:49:17.3930564Z [command]/usr/bin/git -c protocol.version=2 fetch --no-tags --prune --no-recurse-submodules --depth=1 origin +c6aacdc23b8b0c756f9559553c0aed8fc6402bfa:refs/remotes/pull/352/merge
verify	Run actions/checkout@v5	2026-10-09T07:49:33.1784376Z From https://github.com/federicohermo/nosefia
verify	Run actions/checkout@v5	2026-10-09T07:49:33.1785251Z  * [new ref]         c6aacdc23b8b0c756f9559553c0aed8fc6402bfa -> pull/352/merge
verify	Run actions/checkout@v5	2026-10-09T07:49:33.1787529Z ##[endgroup]
verify	Run actions/checkout@v5	2026-10-09T07:49:33.1788099Z ##[group]Determining the checkout info
verify	Run actions/checkout@v5	2026-10-09T07:49:33.1793728Z ##[endgroup]
verify	Run actions/checkout@v5	2026-10-09T07:49:33.1794254Z [command]/usr/bin/git sparse-checkout disable
verify	Run actions/checkout@v5	2026-10-09T07:49:33.2090667Z [command]/usr/bin/git config --local --unset-all extensions.worktreeConfig
verify	Run actions/checkout@v5	2026-10-09T07:49:33.2178843Z ##[group]Checking out the ref
verify	Run actions/checkout@v5	2026-10-09T07:49:33.2182009Z [command]/usr/bin/git checkout --progress --force refs/remotes/pull/352/merge
verify	Run actions/checkout@v5	2026-10-09T07:49:34.2233222Z Updating files:  99% (2733/2745)
verify	Run actions/checkout@v5	2026-10-09T07:49:34.2233711Z Updating files: 100% (2745/2745)
verify	Run actions/checkout@v5	2026-10-09T07:49:34.2234068Z Updating files: 100% (2745/2745), done.
verify	Run actions/checkout@v5	2026-10-09T07:49:34.2265654Z Note: switching to 'refs/remotes/pull/352/merge'.
verify	Run actions/checkout@v5	2026-10-09T07:49:34.2266004Z 
verify	Run actions/checkout@v5	2026-10-09T07:49:34.2266286Z You are in 'detached HEAD' state. You can look around, make experimental
verify	Run actions/checkout@v5	2026-10-09T07:49:34.2266777Z changes and commit them, and you can discard any commits you make in this
verify	Run actions/checkout@v5	2026-10-09T07:49:34.2267294Z state without impacting any branches by switching back to a branch.
verify	Run actions/checkout@v5	2026-10-09T07:49:34.2267594Z 
verify	Run actions/checkout@v5	2026-10-09T07:49:34.2268323Z If you want to create a new branch to retain commits you create, you may
verify	Run actions/checkout@v5	2026-10-09T07:49:34.2268809Z do so (now or later) by using -c with the switch command. Example:
verify	Run actions/checkout@v5	2026-10-09T07:49:34.2269091Z 
verify	Run actions/checkout@v5	2026-10-09T07:49:34.2269273Z   git switch -c <new-branch-name>
verify	Run actions/checkout@v5	2026-10-09T07:49:34.2269488Z 
verify	Run actions/checkout@v5	2026-10-09T07:49:34.2269728Z Or undo this operation with:
verify	Run actions/checkout@v5	2026-10-09T07:49:34.2269936Z 
verify	Run actions/checkout@v5	2026-10-09T07:49:34.2270102Z   git switch -
verify	Run actions/checkout@v5	2026-10-09T07:49:34.2270218Z 
verify	Run actions/checkout@v5	2026-10-09T07:49:34.2270466Z Turn off this advice by setting config variable advice.detachedHead to false
verify	Run actions/checkout@v5	2026-10-09T07:49:34.2270806Z 
verify	Run actions/checkout@v5	2026-10-09T07:49:34.2271276Z HEAD is now at c6aacdc Merge 41f30b0040aa843f45a89c7cee02fbfa08ad8929 into db2ad6ac8a04bf1c475e7bdf348af26487bb8e4a
verify	Run actions/checkout@v5	2026-10-09T07:49:34.2337840Z ##[endgroup]
verify	Run actions/checkout@v5	2026-10-09T07:49:34.2380808Z [command]/usr/bin/git log -1 --format=%H
verify	Run actions/checkout@v5	2026-10-09T07:49:34.2405472Z c6aacdc23b8b0c756f9559553c0aed8fc6402bfa
verify	La versión del motor, leída de `.godot-version`	﻿2026-10-09T07:49:34.2644206Z ##[group]Run set -euo pipefail
verify	La versión del motor, leída de `.godot-version`	2026-10-09T07:49:34.2644491Z ^[[36;1mset -euo pipefail^[[0m
verify	La versión del motor, leída de `.godot-version`	2026-10-09T07:49:34.2644689Z ^[[36;1mversion="$(tr -d '[:space:]' < .godot-version)"^[[0m
verify	La versión del motor, leída de `.godot-version`	2026-10-09T07:49:34.2644882Z ^[[36;1mif [ -z "$version" ]; then^[[0m
verify	La versión del motor, leída de `.godot-version`	2026-10-09T07:49:34.2645475Z ^[[36;1m  echo '::error::falta .godot-version o está vacío: es el único lugar donde vive la versión del motor y los dos workflows la leen de ahí.'^[[0m
verify	La versión del motor, leída de `.godot-version`	2026-10-09T07:49:34.2645815Z ^[[36;1m  exit 1^[[0m
verify	La versión del motor, leída de `.godot-version`	2026-10-09T07:49:34.2645927Z ^[[36;1mfi^[[0m
verify	La versión del motor, leída de `.godot-version`	2026-10-09T07:49:34.2646069Z ^[[36;1mecho "GODOT_VERSION=$version" >> "$GITHUB_ENV"^[[0m
verify	La versión del motor, leída de `.godot-version`	2026-10-09T07:49:34.2873674Z shell: /usr/bin/bash -e {0}
verify	La versión del motor, leída de `.godot-version`	2026-10-09T07:49:34.2873902Z ##[endgroup]
verify	Run actions/setup-python@v5	﻿2026-10-09T07:49:34.3075965Z ##[group]Run actions/setup-python@v5
verify	Run actions/setup-python@v5	2026-10-09T07:49:34.3076170Z with:
verify	Run actions/setup-python@v5	2026-10-09T07:49:34.3076298Z   python-version: 3.13
verify	Run actions/setup-python@v5	2026-10-09T07:49:34.3076434Z   check-latest: false
verify	Run actions/setup-python@v5	2026-10-09T07:49:34.3077884Z   token: ***
verify	Run actions/setup-python@v5	2026-10-09T07:49:34.3078012Z   update-environment: true
verify	Run actions/setup-python@v5	2026-10-09T07:49:34.3078156Z   allow-prereleases: false
verify	Run actions/setup-python@v5	2026-10-09T07:49:34.3078317Z   freethreaded: false
verify	Run actions/setup-python@v5	2026-10-09T07:49:34.3078439Z env:
verify	Run actions/setup-python@v5	2026-10-09T07:49:34.3078555Z   GODOT_VERSION: 4.7.2-stable
verify	Run actions/setup-python@v5	2026-10-09T07:49:34.3078689Z ##[endgroup]
verify	Run actions/setup-python@v5	2026-10-09T07:49:34.3902902Z ##[group]Installed versions
verify	Run actions/setup-python@v5	2026-10-09T07:49:34.3975756Z (node:2096) [DEP0040] DeprecationWarning: The `punycode` module is deprecated. Please use a userland alternative instead.
verify	Run actions/setup-python@v5	2026-10-09T07:49:34.3976328Z (Use `node --trace-deprecation ...` to show where the warning was created)
verify	Run actions/setup-python@v5	2026-10-09T07:49:34.3976624Z Successfully set up CPython (3.13.16)
verify	Run actions/setup-python@v5	2026-10-09T07:49:34.3977020Z ##[endgroup]
verify	Run pip install "gdtoolkit==4.*"	﻿2026-10-09T07:49:34.4114493Z ##[group]Run pip install "gdtoolkit==4.*"
verify	Run pip install "gdtoolkit==4.*"	2026-10-09T07:49:34.4114841Z ^[[36;1mpip install "gdtoolkit==4.*"^[[0m
verify	Run pip install "gdtoolkit==4.*"	2026-10-09T07:49:34.4548631Z shell: /usr/bin/bash -e {0}
verify	Run pip install "gdtoolkit==4.*"	2026-10-09T07:49:34.4548882Z env:
verify	Run pip install "gdtoolkit==4.*"	2026-10-09T07:49:34.4549016Z   GODOT_VERSION: 4.7.2-stable
verify	Run pip install "gdtoolkit==4.*"	2026-10-09T07:49:34.4549202Z   pythonLocation: /opt/hostedtoolcache/Python/3.13.16/x64
verify	Run pip install "gdtoolkit==4.*"	2026-10-09T07:49:34.4549483Z   PKG_CONFIG_PATH: /opt/hostedtoolcache/Python/3.13.16/x64/lib/pkgconfig
verify	Run pip install "gdtoolkit==4.*"	2026-10-09T07:49:34.4549738Z   Python_ROOT_DIR: /opt/hostedtoolcache/Python/3.13.16/x64
verify	Run pip install "gdtoolkit==4.*"	2026-10-09T07:49:34.4549950Z   Python2_ROOT_DIR: /opt/hostedtoolcache/Python/3.13.16/x64
verify	Run pip install "gdtoolkit==4.*"	2026-10-09T07:49:34.4550157Z   Python3_ROOT_DIR: /opt/hostedtoolcache/Python/3.13.16/x64
verify	Run pip install "gdtoolkit==4.*"	2026-10-09T07:49:34.4550370Z   LD_LIBRARY_PATH: /opt/hostedtoolcache/Python/3.13.16/x64/lib
verify	Run pip install "gdtoolkit==4.*"	2026-10-09T07:49:34.4550551Z ##[endgroup]
verify	Run pip install "gdtoolkit==4.*"	2026-10-09T07:49:41.4147182Z Collecting gdtoolkit==4.*
verify	Run pip install "gdtoolkit==4.*"	2026-10-09T07:49:41.4912338Z   Downloading gdtoolkit-4.5.0-py3-none-any.whl.metadata (6.7 kB)
verify	Run pip install "gdtoolkit==4.*"	2026-10-09T07:49:41.5230574Z Collecting lark==1.2.2 (from lark[regex]==1.2.2->gdtoolkit==4.*)
verify	Run pip install "gdtoolkit==4.*"	2026-10-09T07:49:41.5380546Z   Downloading lark-1.2.2-py3-none-any.whl.metadata (1.8 kB)
verify	Run pip install "gdtoolkit==4.*"	2026-10-09T07:49:41.5591235Z Collecting docopt-ng==0.9.0 (from gdtoolkit==4.*)
verify	Run pip install "gdtoolkit==4.*"	2026-10-09T07:49:41.5741562Z   Downloading docopt_ng-0.9.0-py3-none-any.whl.metadata (13 kB)
verify	Run pip install "gdtoolkit==4.*"	2026-10-09T07:49:41.6273439Z Collecting pyyaml>=5.1 (from gdtoolkit==4.*)
verify	Run pip install "gdtoolkit==4.*"	2026-10-09T07:49:41.6428167Z   Downloading pyyaml-6.0.3-cp313-cp313-manylinux2014_x86_64.manylinux_2_17_x86_64.manylinux_2_28_x86_64.whl.metadata (2.4 kB)
verify	Run pip install "gdtoolkit==4.*"	2026-10-09T07:49:41.6670216Z Collecting radon==6.0.1 (from gdtoolkit==4.*)
verify	Run pip install "gdtoolkit==4.*"	2026-10-09T07:49:41.6821264Z   Downloading radon-6.0.1-py2.py3-none-any.whl.metadata (8.2 kB)
verify	Run pip install "gdtoolkit==4.*"	2026-10-09T07:49:41.7695184Z Collecting setuptools (from gdtoolkit==4.*)
verify	Run pip install "gdtoolkit==4.*"	2026-10-09T07:49:41.7850635Z   Downloading setuptools-84.0.0-py3-none-any.whl.metadata (6.6 kB)
verify	Run pip install "gdtoolkit==4.*"	2026-10-09T07:49:42.0214262Z Collecting regex (from lark[regex]==1.2.2->gdtoolkit==4.*)
verify	Run pip install "gdtoolkit==4.*"	2026-10-09T07:49:42.0370031Z   Downloading regex-2026.9.29-cp313-cp313-manylinux2014_x86_64.manylinux_2_17_x86_64.manylinux_2_28_x86_64.whl.metadata (40 kB)
verify	Run pip install "gdtoolkit==4.*"	2026-10-09T07:49:42.0664013Z Collecting mando<0.8,>=0.6 (from radon==6.0.1->gdtoolkit==4.*)
verify	Run pip install "gdtoolkit==4.*"	2026-10-09T07:49:42.0814045Z   Downloading mando-0.7.1-py2.py3-none-any.whl.metadata (7.4 kB)
verify	Run pip install "gdtoolkit==4.*"	2026-10-09T07:49:42.1166530Z Collecting colorama>=0.4.1 (from radon==6.0.1->gdtoolkit==4.*)
verify	Run pip install "gdtoolkit==4.*"	2026-10-09T07:49:42.1315676Z   Downloading colorama-0.4.6-py2.py3-none-any.whl.metadata (17 kB)
verify	Run pip install "gdtoolkit==4.*"	2026-10-09T07:49:42.1538600Z Collecting six (from mando<0.8,>=0.6->radon==6.0.1->gdtoolkit==4.*)
verify	Run pip install "gdtoolkit==4.*"	2026-10-09T07:49:42.1688215Z   Downloading six-1.17.0-py2.py3-none-any.whl.metadata (1.7 kB)
verify	Run pip install "gdtoolkit==4.*"	2026-10-09T07:49:42.1876073Z Downloading gdtoolkit-4.5.0-py3-none-any.whl (62 kB)
verify	Run pip install "gdtoolkit==4.*"	2026-10-09T07:49:42.2093821Z Downloading docopt_ng-0.9.0-py3-none-any.whl (16 kB)
verify	Run pip install "gdtoolkit==4.*"	2026-10-09T07:49:42.2260962Z Downloading lark-1.2.2-py3-none-any.whl (111 kB)
verify	Run pip install "gdtoolkit==4.*"	2026-10-09T07:49:42.2574178Z Downloading radon-6.0.1-py2.py3-none-any.whl (52 kB)
verify	Run pip install "gdtoolkit==4.*"	2026-10-09T07:49:42.2743189Z Downloading mando-0.7.1-py2.py3-none-any.whl (28 kB)
verify	Run pip install "gdtoolkit==4.*"	2026-10-09T07:49:42.2907135Z Downloading colorama-0.4.6-py2.py3-none-any.whl (25 kB)
verify	Run pip install "gdtoolkit==4.*"	2026-10-09T07:49:42.3107494Z Downloading pyyaml-6.0.3-cp313-cp313-manylinux2014_x86_64.manylinux_2_17_x86_64.manylinux_2_28_x86_64.whl (801 kB)
verify	Run pip install "gdtoolkit==4.*"	2026-10-09T07:49:42.3469291Z    ━━━━━━━━━━━━━━━━━━━━━━━━━━━━━━━━━━━━━━━━ 801.6/801.6 kB 27.8 MB/s  0:00:00
verify	Run pip install "gdtoolkit==4.*"	2026-10-09T07:49:42.3625845Z Downloading regex-2026.9.29-cp313-cp313-manylinux2014_x86_64.manylinux_2_17_x86_64.manylinux_2_28_x86_64.whl (807 kB)
verify	Run pip install "gdtoolkit==4.*"	2026-10-09T07:49:42.3813130Z    ━━━━━━━━━━━━━━━━━━━━━━━━━━━━━━━━━━━━━━━━ 807.9/807.9 kB 33.7 MB/s  0:00:00
verify	Run pip install "gdtoolkit==4.*"	2026-10-09T07:49:42.3965490Z Downloading setuptools-84.0.0-py3-none-any.whl (818 kB)
verify	Run pip install "gdtoolkit==4.*"	2026-10-09T07:49:42.4031166Z    ━━━━━━━━━━━━━━━━━━━━━━━━━━━━━━━━━━━━━━━━ 818.2/818.2 kB 113.5 MB/s  0:00:00
verify	Run pip install "gdtoolkit==4.*"	2026-10-09T07:49:42.4189430Z Downloading six-1.17.0-py2.py3-none-any.whl (11 kB)
verify	Run pip install "gdtoolkit==4.*"	2026-10-09T07:49:42.7288265Z Installing collected packages: six, setuptools, regex, pyyaml, lark, docopt-ng, colorama, mando, radon, gdtoolkit
verify	Run pip install "gdtoolkit==4.*"	2026-10-09T07:49:43.3870548Z 
verify	Run pip install "gdtoolkit==4.*"	2026-10-09T07:49:43.3882015Z Successfully installed colorama-0.4.6 docopt-ng-0.9.0 gdtoolkit-4.5.0 lark-1.2.2 mando-0.7.1 pyyaml-6.0.3 radon-6.0.1 regex-2026.9.29 setuptools-84.0.0 six-1.17.0
verify	Bajar Godot 4.7.2-stable	﻿2026-10-09T07:49:43.4531111Z ##[group]Run set -euo pipefail
verify	Bajar Godot 4.7.2-stable	2026-10-09T07:49:43.4531320Z ^[[36;1mset -euo pipefail^[[0m
verify	Bajar Godot 4.7.2-stable	2026-10-09T07:49:43.4531647Z ^[[36;1murl="https://github.com/godotengine/godot/releases/download/${GODOT_VERSION}/Godot_v${GODOT_VERSION}_linux.x86_64.zip"^[[0m
verify	Bajar Godot 4.7.2-stable	2026-10-09T07:49:43.4531958Z ^[[36;1mcurl -fsSL -o godot.zip "$url"^[[0m
verify	Bajar Godot 4.7.2-stable	2026-10-09T07:49:43.4532119Z ^[[36;1munzip -q godot.zip -d "$HOME/godot"^[[0m
verify	Bajar Godot 4.7.2-stable	2026-10-09T07:49:43.4532339Z ^[[36;1mbin="$(find "$HOME/godot" -maxdepth 1 -type f -name 'Godot_v*' | head -1)"^[[0m
verify	Bajar Godot 4.7.2-stable	2026-10-09T07:49:43.4532550Z ^[[36;1mchmod +x "$bin"^[[0m
verify	Bajar Godot 4.7.2-stable	2026-10-09T07:49:43.4532688Z ^[[36;1mecho "GODOT_BIN=$bin" >> "$GITHUB_ENV"^[[0m
verify	Bajar Godot 4.7.2-stable	2026-10-09T07:49:43.4584643Z shell: /usr/bin/bash -e {0}
verify	Bajar Godot 4.7.2-stable	2026-10-09T07:49:43.4584793Z env:
verify	Bajar Godot 4.7.2-stable	2026-10-09T07:49:43.4584907Z   GODOT_VERSION: 4.7.2-stable
verify	Bajar Godot 4.7.2-stable	2026-10-09T07:49:43.4585197Z   pythonLocation: /opt/hostedtoolcache/Python/3.13.16/x64
verify	Bajar Godot 4.7.2-stable	2026-10-09T07:49:43.4585442Z   PKG_CONFIG_PATH: /opt/hostedtoolcache/Python/3.13.16/x64/lib/pkgconfig
verify	Bajar Godot 4.7.2-stable	2026-10-09T07:49:43.4585675Z   Python_ROOT_DIR: /opt/hostedtoolcache/Python/3.13.16/x64
verify	Bajar Godot 4.7.2-stable	2026-10-09T07:49:43.4585935Z   Python2_ROOT_DIR: /opt/hostedtoolcache/Python/3.13.16/x64
verify	Bajar Godot 4.7.2-stable	2026-10-09T07:49:43.4586299Z   Python3_ROOT_DIR: /opt/hostedtoolcache/Python/3.13.16/x64
verify	Bajar Godot 4.7.2-stable	2026-10-09T07:49:43.4586516Z   LD_LIBRARY_PATH: /opt/hostedtoolcache/Python/3.13.16/x64/lib
verify	Bajar Godot 4.7.2-stable	2026-10-09T07:49:43.4586698Z ##[endgroup]
verify	Importar los recursos del proyecto	﻿2026-10-09T07:49:44.9786141Z ##[group]Run $GODOT_BIN --headless --path . --import || true
verify	Importar los recursos del proyecto	2026-10-09T07:49:44.9786443Z ^[[36;1m$GODOT_BIN --headless --path . --import || true^[[0m
verify	Importar los recursos del proyecto	2026-10-09T07:49:44.9837888Z shell: /usr/bin/bash -e {0}
verify	Importar los recursos del proyecto	2026-10-09T07:49:44.9838034Z env:
verify	Importar los recursos del proyecto	2026-10-09T07:49:44.9838142Z   GODOT_VERSION: 4.7.2-stable
verify	Importar los recursos del proyecto	2026-10-09T07:49:44.9838313Z   pythonLocation: /opt/hostedtoolcache/Python/3.13.16/x64
verify	Importar los recursos del proyecto	2026-10-09T07:49:44.9838549Z   PKG_CONFIG_PATH: /opt/hostedtoolcache/Python/3.13.16/x64/lib/pkgconfig
verify	Importar los recursos del proyecto	2026-10-09T07:49:44.9838778Z   Python_ROOT_DIR: /opt/hostedtoolcache/Python/3.13.16/x64
verify	Importar los recursos del proyecto	2026-10-09T07:49:44.9838985Z   Python2_ROOT_DIR: /opt/hostedtoolcache/Python/3.13.16/x64
verify	Importar los recursos del proyecto	2026-10-09T07:49:44.9839187Z   Python3_ROOT_DIR: /opt/hostedtoolcache/Python/3.13.16/x64
verify	Importar los recursos del proyecto	2026-10-09T07:49:44.9839409Z   LD_LIBRARY_PATH: /opt/hostedtoolcache/Python/3.13.16/x64/lib
verify	Importar los recursos del proyecto	2026-10-09T07:49:44.9839626Z   GODOT_BIN: /home/runner/godot/Godot_v4.7.2-stable_linux.x86_64
verify	Importar los recursos del proyecto	2026-10-09T07:49:44.9839805Z ##[endgroup]
verify	Importar los recursos del proyecto	2026-10-09T07:49:45.0870601Z Godot Engine v4.7.2.stable.official.ed1daf0bf - https://godotengine.org
verify	Importar los recursos del proyecto	2026-10-09T07:49:45.1981221Z 
verify	Importar los recursos del proyecto	2026-10-09T07:49:52.6050723Z [   0% ] ^[[90m^[[1mfirst_scan_filesystem^[[22m | Started Project initialization (5 steps)^[[39m^[[0m
verify	Importar los recursos del proyecto	2026-10-09T07:49:52.6051188Z [   0% ] ^[[90m^[[1mfirst_scan_filesystem^[[22m | Scanning file structure...^[[39m^[[0m
verify	Importar los recursos del proyecto	2026-10-09T07:49:52.6130769Z [  16% ] ^[[90m^[[1mfirst_scan_filesystem^[[22m | Loading global class names...^[[39m^[[0m
verify	Importar los recursos del proyecto	2026-10-09T07:49:52.6765974Z [  33% ] ^[[90m^[[1mfirst_scan_filesystem^[[22m | Verifying GDExtensions...^[[39m^[[0m
verify	Importar los recursos del proyecto	2026-10-09T07:49:52.6766561Z [  50% ] ^[[90m^[[1mfirst_scan_filesystem^[[22m | Creating autoload scripts...^[[39m^[[0m
verify	Importar los recursos del proyecto	2026-10-09T07:49:52.7964510Z [  66% ] ^[[90m^[[1mfirst_scan_filesystem^[[22m | Initializing plugins...^[[39m^[[0m
verify	Importar los recursos del proyecto	2026-10-09T07:49:53.2430687Z ^[[38;2;218;165;32mIt was recognized that GdUnit4 is running in a test environment, therefore the GdUnit4 plugin will not be executed!^[[0m
verify	Importar los recursos del proyecto	2026-10-09T07:49:53.6372381Z [MCP] Connecting to ports 6505-6514
verify	Importar los recursos del proyecto	2026-10-09T07:49:53.6372912Z [MCP] Godot MCP Pro v1.16.0 started (ports 6505-6514)
verify	Importar los recursos del proyecto	2026-10-09T07:49:53.6378366Z [MCP] Registered 177 commands
verify	Importar los recursos del proyecto	2026-10-09T07:49:53.6378884Z [  83% ] ^[[90m^[[1mfirst_scan_filesystem^[[22m | Starting file scan...^[[39m^[[0m
verify	Importar los recursos del proyecto	2026-10-09T07:49:53.6379467Z ^[[92m[ DONE ]^[[39m ^[[1mfirst_scan_filesystem^[[22m
verify	Importar los recursos del proyecto	2026-10-09T07:49:53.6379776Z ^[[0m
verify	Importar los recursos del proyecto	2026-10-09T07:49:54.1733179Z [   0% ] ^[[90m^[[1mupdate_scripts_classes^[[22m | Started Registering global classes... (641 steps)^[[39m^[[0m
verify	Importar los recursos del proyecto	2026-10-09T07:49:54.1733835Z [   0% ] ^[[90m^[[1mupdate_scripts_classes^[[22m | ^[[39m^[[0m
verify	Importar los recursos del proyecto	2026-10-09T07:49:54.1734122Z [   0% ] ^[[90m^[[1mupdate_scripts_classes^[[22m | ^[[39m^[[0m
verify	Importar los recursos del proyecto	2026-10-09T07:49:54.1734390Z [   0% ] ^[[90m^[[1mupdate_scripts_classes^[[22m | CallBackValueProvider^[[39m^[[0m
verify	Importar los recursos del proyecto	2026-10-09T07:49:54.1734731Z [   0% ] ^[[90m^[[1mupdate_scripts_classes^[[22m | DefaultValueProvider^[[39m^[[0m
verify	Importar los recursos del proyecto	2026-10-09T07:49:54.1735256Z [   0% ] ^[[90m^[[1mupdate_scripts_classes^[[22m | GdAssertMessages^[[39m^[[0m
verify	Importar los recursos del proyecto	2026-10-09T07:49:54.1735526Z [   0% ] ^[[90m^[[1mupdate_scripts_classes^[[22m | GdAssertReports^[[39m^[[0m
verify	Importar los recursos del proyecto	2026-10-09T07:49:54.1735818Z [   0% ] ^[[90m^[[1mupdate_scripts_classes^[[22m | GdUnitArrayAssertImpl^[[39m^[[0m
verify	Importar los recursos del proyecto	2026-10-09T07:49:54.1736098Z [   1% ] ^[[90m^[[1mupdate_scripts_classes^[[22m | GdUnitAssertImpl^[[39m^[[0m
verify	Importar los recursos del proyecto	2026-10-09T07:49:54.1736365Z [   1% ] ^[[90m^[[1mupdate_scripts_classes^[[22m | GdUnitAssertions^[[39m^[[0m
verify	Importar los recursos del proyecto	2026-10-09T07:49:54.1736762Z [   1% ] ^[[90m^[[1mupdate_scripts_classes^[[22m | ^[[39m^[[0m
verify	Importar los recursos del proyecto	2026-10-09T07:49:54.1737176Z [   1% ] ^[[90m^[[1mupdate_scripts_classes^[[22m | ^[[39m^[[0m
verify	Importar los recursos del proyecto	2026-10-09T07:49:54.1737510Z [   1% ] ^[[90m^[[1mupdate_scripts_classes^[[22m | ^[[39m^[[0m
verify	Importar los recursos del proyecto	2026-10-09T07:49:54.1737840Z [   1% ] ^[[90m^[[1mupdate_scripts_classes^[[22m | ^[[39m^[[0m
verify	Importar los recursos del proyecto	2026-10-09T07:49:54.1738462Z [   2% ] ^[[90m^[[1mupdate_scripts_classes^[[22m | ^[[39m^[[0m
verify	Importar los recursos del proyecto	2026-10-09T07:49:54.1738672Z [   2% ] ^[[90m^[[1mupdate_scripts_classes^[[22m | ^[[39m^[[0m
verify	Importar los recursos del proyecto	2026-10-09T07:49:54.1738886Z [   2% ] ^[[90m^[[1mupdate_scripts_classes^[[22m | ^[[39m^[[0m
verify	Importar los recursos del proyecto	2026-10-09T07:49:54.1739092Z [   2% ] ^[[90m^[[1mupdate_scripts_classes^[[22m | ^[[39m^[[0m
verify	Importar los recursos del proyecto	2026-10-09T07:49:54.1739483Z [   2% ] ^[[90m^[[1mupdate_scripts_classes^[[22m | ^[[39m^[[0m
verify	Importar los recursos del proyecto	2026-10-09T07:49:54.1739693Z [   2% ] ^[[90m^[[1mupdate_scripts_classes^[[22m | ^[[39m^[[0m
verify	Importar los recursos del proyecto	2026-10-09T07:49:54.1739899Z [   2% ] ^[[90m^[[1mupdate_scripts_classes^[[22m | ^[[39m^[[0m
verify	Importar los recursos del proyecto	2026-10-09T07:49:54.1740107Z [   3% ] ^[[90m^[[1mupdate_scripts_classes^[[22m | ^[[39m^[[0m
verify	Importar los recursos del proyecto	2026-10-09T07:49:54.1740314Z [   3% ] ^[[90m^[[1mupdate_scripts_classes^[[22m | ^[[39m^[[0m
verify	Importar los recursos del proyecto	2026-10-09T07:49:54.1740549Z [   3% ] ^[[90m^[[1mupdate_scripts_classes^[[22m | ValueProvider^[[39m^[[0m
verify	Importar los recursos del proyecto	2026-10-09T07:49:54.1740820Z [   3% ] ^[[90m^[[1mupdate_scripts_classes^[[22m | CmdArgumentParser^[[39m^[[0m
verify	Importar los recursos del proyecto	2026-10-09T07:49:54.1741087Z [   3% ] ^[[90m^[[1mupdate_scripts_classes^[[22m | CmdCommand^[[39m^[[0m
verify	Importar los recursos del proyecto	2026-10-09T07:49:54.1741351Z [   3% ] ^[[90m^[[1mupdate_scripts_classes^[[22m | CmdCommandHandler^[[39m^[[0m
verify	Importar los recursos del proyecto	2026-10-09T07:49:54.1741612Z [   4% ] ^[[90m^[[1mupdate_scripts_classes^[[22m | CmdOption^[[39m^[[0m
verify	Importar los recursos del proyecto	2026-10-09T07:49:54.1741856Z [   4% ] ^[[90m^[[1mupdate_scripts_classes^[[22m | CmdOptions^[[39m^[[0m
verify	Importar los recursos del proyecto	2026-10-09T07:49:54.1742117Z [   4% ] ^[[90m^[[1mupdate_scripts_classes^[[22m | TestCaseAttribute^[[39m^[[0m
verify	Importar los recursos del proyecto	2026-10-09T07:49:54.1742385Z [   4% ] ^[[90m^[[1mupdate_scripts_classes^[[22m | GdUnitBaseCommand^[[39m^[[0m
verify	Importar los recursos del proyecto	2026-10-09T07:49:54.1743882Z [   4% ] ^[[90m^[[1mupdate_scripts_classes^[[22m | GdUnitCommandFileSystem^[[39m^[[0m
verify	Importar los recursos del proyecto	2026-10-09T07:49:54.1744405Z [   4% ] ^[[90m^[[1mupdate_scripts_classes^[[22m | GdUnitCommandFileSystemDebugTests^[[39m^[[0m
verify	Importar los recursos del proyecto	2026-10-09T07:49:54.1745058Z [   4% ] ^[[90m^[[1mupdate_scripts_classes^[[22m | GdUnitCommandFileSystemRunTests^[[39m^[[0m
verify	Importar los recursos del proyecto	2026-10-09T07:49:54.1745597Z [   5% ] ^[[90m^[[1mupdate_scripts_classes^[[22m | GdUnitCommandHandler^[[39m^[[0m
verify	Importar los recursos del proyecto	2026-10-09T07:49:54.1746179Z [   5% ] ^[[90m^[[1mupdate_scripts_classes^[[22m | GdUnitCommandInspectorDebugTests^[[39m^[[0m
verify	Importar los recursos del proyecto	2026-10-09T07:49:54.1746724Z [   5% ] ^[[90m^[[1mupdate_scripts_classes^[[22m | GdUnitCommandInspectorRerunTestsUntilFailure^[[39m^[[0m
verify	Importar los recursos del proyecto	2026-10-09T07:49:54.1747088Z [   5% ] ^[[90m^[[1mupdate_scripts_classes^[[22m | GdUnitCommandInspectorRunTests^[[39m^[[0m
verify	Importar los recursos del proyecto	2026-10-09T07:49:54.1747439Z [   5% ] ^[[90m^[[1mupdate_scripts_classes^[[22m | GdUnitCommandInspectorTreeCollapse^[[39m^[[0m
verify	Importar los recursos del proyecto	2026-10-09T07:49:54.1747782Z [   5% ] ^[[90m^[[1mupdate_scripts_classes^[[22m | GdUnitCommandInspectorTreeExpand^[[39m^[[0m
verify	Importar los recursos del proyecto	2026-10-09T07:49:54.1748108Z [   6% ] ^[[90m^[[1mupdate_scripts_classes^[[22m | GdUnitCommandRunTestsOverall^[[39m^[[0m
verify	Importar los recursos del proyecto	2026-10-09T07:49:54.1748424Z [   6% ] ^[[90m^[[1mupdate_scripts_classes^[[22m | GdUnitCommandScriptEditor^[[39m^[[0m
verify	Importar los recursos del proyecto	2026-10-09T07:49:54.1748755Z [   6% ] ^[[90m^[[1mupdate_scripts_classes^[[22m | GdUnitCommandScriptEditorCreateTest^[[39m^[[0m
verify	Importar los recursos del proyecto	2026-10-09T07:49:54.1749106Z [   6% ] ^[[90m^[[1mupdate_scripts_classes^[[22m | GdUnitCommandScriptEditorDebugTests^[[39m^[[0m
verify	Importar los recursos del proyecto	2026-10-09T07:49:54.1749453Z [   6% ] ^[[90m^[[1mupdate_scripts_classes^[[22m | GdUnitCommandScriptEditorRunTests^[[39m^[[0m
verify	Importar los recursos del proyecto	2026-10-09T07:49:54.1749952Z [   6% ] ^[[90m^[[1mupdate_scripts_classes^[[22m | GdUnitCommandStopTestSession^[[39m^[[0m
verify	Importar los recursos del proyecto	2026-10-09T07:49:54.1766153Z [   7% ] ^[[90m^[[1mupdate_scripts_classes^[[22m | GdUnitCommandTestSession^[[39m^[[0m
verify	Importar los recursos del proyecto	2026-10-09T07:49:54.1766608Z [   7% ] ^[[90m^[[1mupdate_scripts_classes^[[22m | GdUnitShortcut^[[39m^[[0m
verify	Importar los recursos del proyecto	2026-10-09T07:49:54.1766973Z [   7% ] ^[[90m^[[1mupdate_scripts_classes^[[22m | GdUnitGUID^[[39m^[[0m
verify	Importar los recursos del proyecto	2026-10-09T07:49:54.1767416Z [   7% ] ^[[90m^[[1mupdate_scripts_classes^[[22m | GdUnitTestCase^[[39m^[[0m
verify	Importar los recursos del proyecto	2026-10-09T07:49:54.1767938Z [   7% ] ^[[90m^[[1mupdate_scripts_classes^[[22m | GdUnitTestDiscoverer^[[39m^[[0m
verify	Importar los recursos del proyecto	2026-10-09T07:49:54.1768484Z [   7% ] ^[[90m^[[1mupdate_scripts_classes^[[22m | GdUnitTestDiscoverGuard^[[39m^[[0m
verify	Importar los recursos del proyecto	2026-10-09T07:49:54.1769005Z [   7% ] ^[[90m^[[1mupdate_scripts_classes^[[22m | GdUnitTestDiscoverSink^[[39m^[[0m
verify	Importar los recursos del proyecto	2026-10-09T07:49:54.1769762Z [   8% ] ^[[90m^[[1mupdate_scripts_classes^[[22m | GdUnitEvent^[[39m^[[0m
verify	Importar los recursos del proyecto	2026-10-09T07:49:54.1770211Z [   8% ] ^[[90m^[[1mupdate_scripts_classes^[[22m | GdUnitInit^[[39m^[[0m
verify	Importar los recursos del proyecto	2026-10-09T07:49:54.1770640Z [   8% ] ^[[90m^[[1mupdate_scripts_classes^[[22m | GdUnitStop^[[39m^[[0m
verify	Importar los recursos del proyecto	2026-10-09T07:49:54.1771273Z [   8% ] ^[[90m^[[1mupdate_scripts_classes^[[22m | GdUnitEventTestDiscoverEnd^[[39m^[[0m
verify	Importar los recursos del proyecto	2026-10-09T07:49:54.1771776Z [   8% ] ^[[90m^[[1mupdate_scripts_classes^[[22m | GdUnitEventTestDiscoverStart^[[39m^[[0m
verify	Importar los recursos del proyecto	2026-10-09T07:49:54.1772289Z [   8% ] ^[[90m^[[1mupdate_scripts_classes^[[22m | GdUnitSessionClose^[[39m^[[0m
verify	Importar los recursos del proyecto	2026-10-09T07:49:54.1772787Z [   9% ] ^[[90m^[[1mupdate_scripts_classes^[[22m | GdUnitSessionStart^[[39m^[[0m
verify	Importar los recursos del proyecto	2026-10-09T07:49:54.1773341Z [   9% ] ^[[90m^[[1mupdate_scripts_classes^[[22m | GdUnitTestCaseFuzzedExecutionStage^[[39m^[[0m
verify	Importar los recursos del proyecto	2026-10-09T07:49:54.1773927Z [   9% ] ^[[90m^[[1mupdate_scripts_classes^[[22m | GdUnitTestCaseFuzzedTestStage^[[39m^[[0m
verify	Importar los recursos del proyecto	2026-10-09T07:49:54.1774496Z [   9% ] ^[[90m^[[1mupdate_scripts_classes^[[22m | GdUnitTestCaseSingleExecutionStage^[[39m^[[0m
verify	Importar los recursos del proyecto	2026-10-09T07:49:54.1775238Z [   9% ] ^[[90m^[[1mupdate_scripts_classes^[[22m | GdUnitTestCaseSingleTestStage^[[39m^[[0m
verify	Importar los recursos del proyecto	2026-10-09T07:49:54.1775786Z [   9% ] ^[[90m^[[1mupdate_scripts_classes^[[22m | GdUnitTestCaseAfterStage^[[39m^[[0m
verify	Importar los recursos del proyecto	2026-10-09T07:49:54.1776417Z [   9% ] ^[[90m^[[1mupdate_scripts_classes^[[22m | GdUnitTestCaseBeforeStage^[[39m^[[0m
verify	Importar los recursos del proyecto	2026-10-09T07:49:54.1777005Z [  10% ] ^[[90m^[[1mupdate_scripts_classes^[[22m | GdUnitTestCaseExecutionStage^[[39m^[[0m
verify	Importar los recursos del proyecto	2026-10-09T07:49:54.1777570Z [  10% ] ^[[90m^[[1mupdate_scripts_classes^[[22m | GdUnitTestSuiteAfterStage^[[39m^[[0m
verify	Importar los recursos del proyecto	2026-10-09T07:49:54.1778107Z [  10% ] ^[[90m^[[1mupdate_scripts_classes^[[22m | GdUnitTestSuiteBeforeStage^[[39m^[[0m
verify	Importar los recursos del proyecto	2026-10-09T07:49:54.1778669Z [  10% ] ^[[90m^[[1mupdate_scripts_classes^[[22m | GdUnitTestSuiteExecutionStage^[[39m^[[0m
verify	Importar los recursos del proyecto	2026-10-09T07:49:54.1779210Z [  10% ] ^[[90m^[[1mupdate_scripts_classes^[[22m | IGdUnitExecutionStage^[[39m^[[0m
verify	Importar los recursos del proyecto	2026-10-09T07:49:54.1779642Z [  10% ] ^[[90m^[[1mupdate_scripts_classes^[[22m | GdUnitExecutionContext^[[39m^[[0m
verify	Importar los recursos del proyecto	2026-10-09T07:49:54.1780121Z [  11% ] ^[[90m^[[1mupdate_scripts_classes^[[22m | GdUnitMemoryObserver^[[39m^[[0m
verify	Importar los recursos del proyecto	2026-10-09T07:49:54.1780653Z [  11% ] ^[[90m^[[1mupdate_scripts_classes^[[22m | GdUnitProjectSettingsSnapshot^[[39m^[[0m
verify	Importar los recursos del proyecto	2026-10-09T07:49:54.1781226Z [  11% ] ^[[90m^[[1mupdate_scripts_classes^[[22m | GdUnitTestReportCollector^[[39m^[[0m
verify	Importar los recursos del proyecto	2026-10-09T07:49:54.1781761Z [  11% ] ^[[90m^[[1mupdate_scripts_classes^[[22m | GdUnitTestSuiteExecutor^[[39m^[[0m
verify	Importar los recursos del proyecto	2026-10-09T07:49:54.1782324Z [  11% ] ^[[90m^[[1mupdate_scripts_classes^[[22m | GdUnitBaseReporterTestSessionHook^[[39m^[[0m
verify	Importar los recursos del proyecto	2026-10-09T07:49:54.1782913Z [  11% ] ^[[90m^[[1mupdate_scripts_classes^[[22m | GdUnitHtmlReporterTestSessionHook^[[39m^[[0m
verify	Importar los recursos del proyecto	2026-10-09T07:49:54.1783477Z [  11% ] ^[[90m^[[1mupdate_scripts_classes^[[22m | GdUnitTestSessionHook^[[39m^[[0m
verify	Importar los recursos del proyecto	2026-10-09T07:49:54.1783989Z [  12% ] ^[[90m^[[1mupdate_scripts_classes^[[22m | GdUnitTestSessionHookService^[[39m^[[0m
verify	Importar los recursos del proyecto	2026-10-09T07:49:54.1784557Z [  12% ] ^[[90m^[[1mupdate_scripts_classes^[[22m | GdUnitXMLReporterTestSessionHook^[[39m^[[0m
verify	Importar los recursos del proyecto	2026-10-09T07:49:54.1785189Z [  12% ] ^[[90m^[[1mupdate_scripts_classes^[[22m | GdBuiltinConstants^[[39m^[[0m
verify	Importar los recursos del proyecto	2026-10-09T07:49:54.1785711Z [  12% ] ^[[90m^[[1mupdate_scripts_classes^[[22m | GdCallableParameterSetResolver^[[39m^[[0m
verify	Importar los recursos del proyecto	2026-10-09T07:49:54.1786264Z [  12% ] ^[[90m^[[1mupdate_scripts_classes^[[22m | GdInlineParameterSetResolver^[[39m^[[0m
verify	Importar los recursos del proyecto	2026-10-09T07:49:54.1786792Z [  12% ] ^[[90m^[[1mupdate_scripts_classes^[[22m | GdParameterSetResolver^[[39m^[[0m
verify	Importar los recursos del proyecto	2026-10-09T07:49:54.1787317Z [  13% ] ^[[90m^[[1mupdate_scripts_classes^[[22m | GdParameterSetResolverFactory^[[39m^[[0m
verify	Importar los recursos del proyecto	2026-10-09T07:49:54.1787885Z [  13% ] ^[[90m^[[1mupdate_scripts_classes^[[22m | GdPropertyParameterSetResolver^[[39m^[[0m
verify	Importar los recursos del proyecto	2026-10-09T07:49:54.1788423Z [  13% ] ^[[90m^[[1mupdate_scripts_classes^[[22m | GdClassDescriptor^[[39m^[[0m
verify	Importar los recursos del proyecto	2026-10-09T07:49:54.1788948Z [  13% ] ^[[90m^[[1mupdate_scripts_classes^[[22m | GdDefaultValueDecoder^[[39m^[[0m
verify	Importar los recursos del proyecto	2026-10-09T07:49:54.1789466Z [  13% ] ^[[90m^[[1mupdate_scripts_classes^[[22m | GdFunctionArgument^[[39m^[[0m
verify	Importar los recursos del proyecto	2026-10-09T07:49:54.1790123Z [  13% ] ^[[90m^[[1mupdate_scripts_classes^[[22m | GdFunctionDescriptor^[[39m^[[0m
verify	Importar los recursos del proyecto	2026-10-09T07:49:54.1790590Z [  14% ] ^[[90m^[[1mupdate_scripts_classes^[[22m | GdScriptParser^[[39m^[[0m
verify	Importar los recursos del proyecto	2026-10-09T07:49:54.1791079Z [  14% ] ^[[90m^[[1mupdate_scripts_classes^[[22m | GdUnitExpressionRunner^[[39m^[[0m
verify	Importar los recursos del proyecto	2026-10-09T07:49:54.1791662Z [  14% ] ^[[90m^[[1mupdate_scripts_classes^[[22m | GdUnitError^[[39m^[[0m
verify	Importar los recursos del proyecto	2026-10-09T07:49:54.1792103Z [  14% ] ^[[90m^[[1mupdate_scripts_classes^[[22m | GdUnitReport^[[39m^[[0m
verify	Importar los recursos del proyecto	2026-10-09T07:49:54.1792607Z [  14% ] ^[[90m^[[1mupdate_scripts_classes^[[22m | GdUnitScriptErrorCollector^[[39m^[[0m
verify	Importar los recursos del proyecto	2026-10-09T07:49:54.1793132Z [  14% ] ^[[90m^[[1mupdate_scripts_classes^[[22m | GdUnitTestCIRunner^[[39m^[[0m
verify	Importar los recursos del proyecto	2026-10-09T07:49:54.1793576Z [  14% ] ^[[90m^[[1mupdate_scripts_classes^[[22m | ^[[39m^[[0m
verify	Importar los recursos del proyecto	2026-10-09T07:49:54.1794007Z [  15% ] ^[[90m^[[1mupdate_scripts_classes^[[22m | GdUnitTestSession^[[39m^[[0m
verify	Importar los recursos del proyecto	2026-10-09T07:49:54.1794448Z [  15% ] ^[[90m^[[1mupdate_scripts_classes^[[22m | ^[[39m^[[0m
verify	Importar los recursos del proyecto	2026-10-09T07:49:54.1794877Z [  15% ] ^[[90m^[[1mupdate_scripts_classes^[[22m | GdUnitTestSuiteDefaultTemplate^[[39m^[[0m
verify	Importar los recursos del proyecto	2026-10-09T07:49:54.1795542Z [  15% ] ^[[90m^[[1mupdate_scripts_classes^[[22m | GdUnitTestSuiteTemplate^[[39m^[[0m
verify	Importar los recursos del proyecto	2026-10-09T07:49:54.1796072Z [  15% ] ^[[90m^[[1mupdate_scripts_classes^[[22m | GdUnitThreadContext^[[39m^[[0m
verify	Importar los recursos del proyecto	2026-10-09T07:49:54.1796559Z [  15% ] ^[[90m^[[1mupdate_scripts_classes^[[22m | GdUnitThreadManager^[[39m^[[0m
verify	Importar los recursos del proyecto	2026-10-09T07:49:54.1797087Z [  16% ] ^[[90m^[[1mupdate_scripts_classes^[[22m | GdUnitCSIMessageWriter^[[39m^[[0m
verify	Importar los recursos del proyecto	2026-10-09T07:49:54.1797599Z [  16% ] ^[[90m^[[1mupdate_scripts_classes^[[22m | GdUnitMessageWriter^[[39m^[[0m
verify	Importar los recursos del proyecto	2026-10-09T07:49:54.1798140Z [  16% ] ^[[90m^[[1mupdate_scripts_classes^[[22m | GdUnitRichTextMessageWriter^[[39m^[[0m
verify	Importar los recursos del proyecto	2026-10-09T07:49:54.1798641Z [  16% ] ^[[90m^[[1mupdate_scripts_classes^[[22m | _TestCase^[[39m^[[0m
verify	Importar los recursos del proyecto	2026-10-09T07:49:54.1799071Z [  16% ] ^[[90m^[[1mupdate_scripts_classes^[[22m | GdArrayTools^[[39m^[[0m
verify	Importar los recursos del proyecto	2026-10-09T07:49:54.1799494Z [  16% ] ^[[90m^[[1mupdate_scripts_classes^[[22m | GdDiffTool^[[39m^[[0m
verify	Importar los recursos del proyecto	2026-10-09T07:49:54.1799925Z [  16% ] ^[[90m^[[1mupdate_scripts_classes^[[22m | GdObjects^[[39m^[[0m
verify	Importar los recursos del proyecto	2026-10-09T07:49:54.1800362Z [  17% ] ^[[90m^[[1mupdate_scripts_classes^[[22m | GdUnit4Version^[[39m^[[0m
verify	Importar los recursos del proyecto	2026-10-09T07:49:54.1800813Z [  17% ] ^[[90m^[[1mupdate_scripts_classes^[[22m | GdUnitFileAccess^[[39m^[[0m
verify	Importar los recursos del proyecto	2026-10-09T07:49:54.1801298Z [  17% ] ^[[90m^[[1mupdate_scripts_classes^[[22m | GdUnitProperty^[[39m^[[0m
verify	Importar los recursos del proyecto	2026-10-09T07:49:54.1801733Z [  17% ] ^[[90m^[[1mupdate_scripts_classes^[[22m | GdUnitResult^[[39m^[[0m
verify	Importar los recursos del proyecto	2026-10-09T07:49:54.1802193Z [  17% ] ^[[90m^[[1mupdate_scripts_classes^[[22m | GdUnitRunnerConfig^[[39m^[[0m
verify	Importar los recursos del proyecto	2026-10-09T07:49:54.1802687Z [  17% ] ^[[90m^[[1mupdate_scripts_classes^[[22m | GdUnitSceneRunnerImpl^[[39m^[[0m
verify	Importar los recursos del proyecto	2026-10-09T07:49:54.1803185Z [  18% ] ^[[90m^[[1mupdate_scripts_classes^[[22m | GdUnitSettings^[[39m^[[0m
verify	Importar los recursos del proyecto	2026-10-09T07:49:54.1803680Z [  18% ] ^[[90m^[[1mupdate_scripts_classes^[[22m | GdUnitSignalAwaiter^[[39m^[[0m
verify	Importar los recursos del proyecto	2026-10-09T07:49:54.1804174Z [  18% ] ^[[90m^[[1mupdate_scripts_classes^[[22m | GdUnitSignalCollector^[[39m^[[0m
verify	Importar los recursos del proyecto	2026-10-09T07:49:54.1804663Z [  18% ] ^[[90m^[[1mupdate_scripts_classes^[[22m | GdUnitSignals^[[39m^[[0m
verify	Importar los recursos del proyecto	2026-10-09T07:49:54.1805263Z [  18% ] ^[[90m^[[1mupdate_scripts_classes^[[22m | GdUnitSingleton^[[39m^[[0m
verify	Importar los recursos del proyecto	2026-10-09T07:49:54.1805742Z [  18% ] ^[[90m^[[1mupdate_scripts_classes^[[22m | GdUnitStackTrace^[[39m^[[0m
verify	Importar los recursos del proyecto	2026-10-09T07:49:54.1806243Z [  19% ] ^[[90m^[[1mupdate_scripts_classes^[[22m | GdUnitStackTraceElement^[[39m^[[0m
verify	Importar los recursos del proyecto	2026-10-09T07:49:54.1806785Z [  19% ] ^[[90m^[[1mupdate_scripts_classes^[[22m | GdUnitTestResourceLoader^[[39m^[[0m
verify	Importar los recursos del proyecto	2026-10-09T07:49:54.1807309Z [  19% ] ^[[90m^[[1mupdate_scripts_classes^[[22m | GdUnitTestSuiteBuilder^[[39m^[[0m
verify	Importar los recursos del proyecto	2026-10-09T07:49:54.1807850Z [  19% ] ^[[90m^[[1mupdate_scripts_classes^[[22m | GdUnitTestSuiteScanner^[[39m^[[0m
verify	Importar los recursos del proyecto	2026-10-09T07:49:54.1808300Z [  19% ] ^[[90m^[[1mupdate_scripts_classes^[[22m | ^[[39m^[[0m
verify	Importar los recursos del proyecto	2026-10-09T07:49:54.1808729Z [  19% ] ^[[90m^[[1mupdate_scripts_classes^[[22m | GodotVersionFixures^[[39m^[[0m
verify	Importar los recursos del proyecto	2026-10-09T07:49:54.1809168Z [  19% ] ^[[90m^[[1mupdate_scripts_classes^[[22m | LocalTime^[[39m^[[0m
verify	Importar los recursos del proyecto	2026-10-09T07:49:54.1809790Z [  20% ] ^[[90m^[[1mupdate_scripts_classes^[[22m | GdUnit4CSharpApiLoader^[[39m^[[0m
verify	Importar los recursos del proyecto	2026-10-09T07:49:54.1810293Z [  20% ] ^[[90m^[[1mupdate_scripts_classes^[[22m | CallableDoubler^[[39m^[[0m
verify	Importar los recursos del proyecto	2026-10-09T07:49:54.1810763Z [  20% ] ^[[90m^[[1mupdate_scripts_classes^[[22m | GdFunctionDoubler^[[39m^[[0m
verify	Importar los recursos del proyecto	2026-10-09T07:49:54.1811435Z [  20% ] ^[[90m^[[1mupdate_scripts_classes^[[22m | GdUnitClassDoubler^[[39m^[[0m
verify	Importar los recursos del proyecto	2026-10-09T07:49:54.1811979Z [  20% ] ^[[90m^[[1mupdate_scripts_classes^[[22m | GdUnitFunctionDoublerBuilder^[[39m^[[0m
verify	Importar los recursos del proyecto	2026-10-09T07:49:54.1812555Z [  20% ] ^[[90m^[[1mupdate_scripts_classes^[[22m | GdUnitMockFunctionDoubler^[[39m^[[0m
verify	Importar los recursos del proyecto	2026-10-09T07:49:54.1813102Z [  21% ] ^[[90m^[[1mupdate_scripts_classes^[[22m | GdUnitObjectInteractions^[[39m^[[0m
verify	Importar los recursos del proyecto	2026-10-09T07:49:54.1813704Z [  21% ] ^[[90m^[[1mupdate_scripts_classes^[[22m | GdUnitObjectInteractionsVerifier^[[39m^[[0m
verify	Importar los recursos del proyecto	2026-10-09T07:49:54.1814289Z [  21% ] ^[[90m^[[1mupdate_scripts_classes^[[22m | GdUnitSpyFunctionDoubler^[[39m^[[0m
verify	Importar los recursos del proyecto	2026-10-09T07:49:54.1814826Z [  21% ] ^[[90m^[[1mupdate_scripts_classes^[[22m | GdUnitFuncValueExtractor^[[39m^[[0m
verify	Importar los recursos del proyecto	2026-10-09T07:49:54.1815420Z [  21% ] ^[[90m^[[1mupdate_scripts_classes^[[22m | BoolFuzzer^[[39m^[[0m
verify	Importar los recursos del proyecto	2026-10-09T07:49:54.1815862Z [  21% ] ^[[90m^[[1mupdate_scripts_classes^[[22m | FloatFuzzer^[[39m^[[0m
verify	Importar los recursos del proyecto	2026-10-09T07:49:54.1816299Z [  21% ] ^[[90m^[[1mupdate_scripts_classes^[[22m | Fuzzer^[[39m^[[0m
verify	Importar los recursos del proyecto	2026-10-09T07:49:54.1816719Z [  22% ] ^[[90m^[[1mupdate_scripts_classes^[[22m | IntFuzzer^[[39m^[[0m
verify	Importar los recursos del proyecto	2026-10-09T07:49:54.1817155Z [  22% ] ^[[90m^[[1mupdate_scripts_classes^[[22m | StringFuzzer^[[39m^[[0m
verify	Importar los recursos del proyecto	2026-10-09T07:49:54.1817623Z [  22% ] ^[[90m^[[1mupdate_scripts_classes^[[22m | Vector2Fuzzer^[[39m^[[0m
verify	Importar los recursos del proyecto	2026-10-09T07:49:54.1818051Z [  22% ] ^[[90m^[[1mupdate_scripts_classes^[[22m | Vector3Fuzzer^[[39m^[[0m
verify	Importar los recursos del proyecto	2026-10-09T07:49:54.1818542Z [  22% ] ^[[90m^[[1mupdate_scripts_classes^[[22m | AnyArgumentMatcher^[[39m^[[0m
verify	Importar los recursos del proyecto	2026-10-09T07:49:54.1819092Z [  22% ] ^[[90m^[[1mupdate_scripts_classes^[[22m | AnyBuildInTypeArgumentMatcher^[[39m^[[0m
verify	Importar los recursos del proyecto	2026-10-09T07:49:54.1819660Z [  23% ] ^[[90m^[[1mupdate_scripts_classes^[[22m | AnyClazzArgumentMatcher^[[39m^[[0m
verify	Importar los recursos del proyecto	2026-10-09T07:49:54.1820194Z [  23% ] ^[[90m^[[1mupdate_scripts_classes^[[22m | ChainedArgumentMatcher^[[39m^[[0m
verify	Importar los recursos del proyecto	2026-10-09T07:49:54.1820683Z [  23% ] ^[[90m^[[1mupdate_scripts_classes^[[22m | EqualsArgumentMatcher^[[39m^[[0m
verify	Importar los recursos del proyecto	2026-10-09T07:49:54.1820976Z [  23% ] ^[[90m^[[1mupdate_scripts_classes^[[22m | GdUnitArgumentMatcher^[[39m^[[0m
verify	Importar los recursos del proyecto	2026-10-09T07:49:54.1821269Z [  23% ] ^[[90m^[[1mupdate_scripts_classes^[[22m | GdUnitArgumentMatchers^[[39m^[[0m
verify	Importar los recursos del proyecto	2026-10-09T07:49:54.1821536Z [  23% ] ^[[90m^[[1mupdate_scripts_classes^[[22m | GdUnitMock^[[39m^[[0m
verify	Importar los recursos del proyecto	2026-10-09T07:49:54.1821795Z [  23% ] ^[[90m^[[1mupdate_scripts_classes^[[22m | GdUnitMockBuilder^[[39m^[[0m
verify	Importar los recursos del proyecto	2026-10-09T07:49:54.1822099Z [  24% ] ^[[90m^[[1mupdate_scripts_classes^[[22m | DoubledMockClassSourceClassName^[[39m^[[0m
verify	Importar los recursos del proyecto	2026-10-09T07:49:54.1822395Z [  24% ] ^[[90m^[[1mupdate_scripts_classes^[[22m | ErrorLogEntry^[[39m^[[0m
verify	Importar los recursos del proyecto	2026-10-09T07:49:54.1822650Z [  24% ] ^[[90m^[[1mupdate_scripts_classes^[[22m | GdUnitMonitor^[[39m^[[0m
verify	Importar los recursos del proyecto	2026-10-09T07:49:54.1822925Z [  24% ] ^[[90m^[[1mupdate_scripts_classes^[[22m | GdUnitOrphanNodeInfo^[[39m^[[0m
verify	Importar los recursos del proyecto	2026-10-09T07:49:54.1823223Z [  24% ] ^[[90m^[[1mupdate_scripts_classes^[[22m | GdUnitOrphanNodesMonitor^[[39m^[[0m
verify	Importar los recursos del proyecto	2026-10-09T07:49:54.1823512Z [  24% ] ^[[90m^[[1mupdate_scripts_classes^[[22m | GodotGdErrorMonitor^[[39m^[[0m
verify	Importar los recursos del proyecto	2026-10-09T07:49:54.1823769Z [  25% ] ^[[90m^[[1mupdate_scripts_classes^[[22m | RPC^[[39m^[[0m
verify	Importar los recursos del proyecto	2026-10-09T07:49:54.1824020Z [  25% ] ^[[90m^[[1mupdate_scripts_classes^[[22m | RPCClientConnect^[[39m^[[0m
verify	Importar los recursos del proyecto	2026-10-09T07:49:54.1824295Z [  25% ] ^[[90m^[[1mupdate_scripts_classes^[[22m | RPCClientDisconnect^[[39m^[[0m
verify	Importar los recursos del proyecto	2026-10-09T07:49:54.1824566Z [  25% ] ^[[90m^[[1mupdate_scripts_classes^[[22m | RPCGdUnitEvent^[[39m^[[0m
verify	Importar los recursos del proyecto	2026-10-09T07:49:54.1824820Z [  25% ] ^[[90m^[[1mupdate_scripts_classes^[[22m | RPCMessage^[[39m^[[0m
verify	Importar los recursos del proyecto	2026-10-09T07:49:54.1825199Z [  25% ] ^[[90m^[[1mupdate_scripts_classes^[[22m | ^[[39m^[[0m
verify	Importar los recursos del proyecto	2026-10-09T07:49:54.1825452Z [  26% ] ^[[90m^[[1mupdate_scripts_classes^[[22m | GdUnitServerConstants^[[39m^[[0m
verify	Importar los recursos del proyecto	2026-10-09T07:49:54.1825811Z [  26% ] ^[[90m^[[1mupdate_scripts_classes^[[22m | GdUnitTask^[[39m^[[0m
verify	Importar los recursos del proyecto	2026-10-09T07:49:54.1826067Z [  26% ] ^[[90m^[[1mupdate_scripts_classes^[[22m | GdUnitTcpClient^[[39m^[[0m
verify	Importar los recursos del proyecto	2026-10-09T07:49:54.1826331Z [  26% ] ^[[90m^[[1mupdate_scripts_classes^[[22m | GdUnitTcpNode^[[39m^[[0m
verify	Importar los recursos del proyecto	2026-10-09T07:49:54.1826669Z [  26% ] ^[[90m^[[1mupdate_scripts_classes^[[22m | GdUnitTcpServer^[[39m^[[0m
verify	Importar los recursos del proyecto	2026-10-09T07:49:54.1826957Z [  26% ] ^[[90m^[[1mupdate_scripts_classes^[[22m | GdUnitConsoleTestReporter^[[39m^[[0m
verify	Importar los recursos del proyecto	2026-10-09T07:49:54.1827253Z [  26% ] ^[[90m^[[1mupdate_scripts_classes^[[22m | GdUnitByPathReport^[[39m^[[0m
verify	Importar los recursos del proyecto	2026-10-09T07:49:54.1827535Z [  27% ] ^[[90m^[[1mupdate_scripts_classes^[[22m | GdUnitHtmlEncoder^[[39m^[[0m
verify	Importar los recursos del proyecto	2026-10-09T07:49:54.1827812Z [  27% ] ^[[90m^[[1mupdate_scripts_classes^[[22m | GdUnitHtmlPatterns^[[39m^[[0m
verify	Importar los recursos del proyecto	2026-10-09T07:49:54.1828099Z [  27% ] ^[[90m^[[1mupdate_scripts_classes^[[22m | GdUnitHtmlReportWriter^[[39m^[[0m
verify	Importar los recursos del proyecto	2026-10-09T07:49:54.1828392Z [  27% ] ^[[90m^[[1mupdate_scripts_classes^[[22m | JUnitXmlReportWriter^[[39m^[[0m
verify	Importar los recursos del proyecto	2026-10-09T07:49:54.1828664Z [  27% ] ^[[90m^[[1mupdate_scripts_classes^[[22m | XmlElement^[[39m^[[0m
verify	Importar los recursos del proyecto	2026-10-09T07:49:54.1828928Z [  27% ] ^[[90m^[[1mupdate_scripts_classes^[[22m | GdUnitReportSummary^[[39m^[[0m
verify	Importar los recursos del proyecto	2026-10-09T07:49:54.1829207Z [  28% ] ^[[90m^[[1mupdate_scripts_classes^[[22m | GdUnitReportWriter^[[39m^[[0m
verify	Importar los recursos del proyecto	2026-10-09T07:49:54.1829490Z [  28% ] ^[[90m^[[1mupdate_scripts_classes^[[22m | GdUnitTestCaseReport^[[39m^[[0m
verify	Importar los recursos del proyecto	2026-10-09T07:49:54.1829773Z [  28% ] ^[[90m^[[1mupdate_scripts_classes^[[22m | GdUnitTestReporter^[[39m^[[0m
verify	Importar los recursos del proyecto	2026-10-09T07:49:54.1830054Z [  28% ] ^[[90m^[[1mupdate_scripts_classes^[[22m | GdUnitTestSuiteReport^[[39m^[[0m
verify	Importar los recursos del proyecto	2026-10-09T07:49:54.1830334Z [  28% ] ^[[90m^[[1mupdate_scripts_classes^[[22m | GdUnitSpyBuilder^[[39m^[[0m
verify	Importar los recursos del proyecto	2026-10-09T07:49:54.1830637Z [  28% ] ^[[90m^[[1mupdate_scripts_classes^[[22m | DoubledSpyClassSourceClassName^[[39m^[[0m
verify	Importar los recursos del proyecto	2026-10-09T07:49:54.1830945Z [  28% ] ^[[90m^[[1mupdate_scripts_classes^[[22m | GdUnitContextMenuItem^[[39m^[[0m
verify	Importar los recursos del proyecto	2026-10-09T07:49:54.1831198Z [  29% ] ^[[90m^[[1mupdate_scripts_classes^[[22m | ^[[39m^[[0m
verify	Importar los recursos del proyecto	2026-10-09T07:49:54.1831464Z [  29% ] ^[[90m^[[1mupdate_scripts_classes^[[22m | GdUnitInspectorContextMenu^[[39m^[[0m
verify	Importar los recursos del proyecto	2026-10-09T07:49:54.1831725Z [  29% ] ^[[90m^[[1mupdate_scripts_classes^[[22m | ^[[39m^[[0m
verify	Importar los recursos del proyecto	2026-10-09T07:49:54.1831943Z [  29% ] ^[[90m^[[1mupdate_scripts_classes^[[22m | ^[[39m^[[0m
verify	Importar los recursos del proyecto	2026-10-09T07:49:54.1832155Z [  29% ] ^[[90m^[[1mupdate_scripts_classes^[[22m | ^[[39m^[[0m
verify	Importar los recursos del proyecto	2026-10-09T07:49:54.1832384Z [  29% ] ^[[90m^[[1mupdate_scripts_classes^[[22m | ^[[39m^[[0m
verify	Importar los recursos del proyecto	2026-10-09T07:49:54.1832594Z [  30% ] ^[[90m^[[1mupdate_scripts_classes^[[22m | ^[[39m^[[0m
verify	Importar los recursos del proyecto	2026-10-09T07:49:54.1832839Z [  30% ] ^[[90m^[[1mupdate_scripts_classes^[[22m | GdUnitReportPanel^[[39m^[[0m
verify	Importar los recursos del proyecto	2026-10-09T07:49:54.1833116Z [  30% ] ^[[90m^[[1mupdate_scripts_classes^[[22m | GdUnitInputCapture^[[39m^[[0m
verify	Importar los recursos del proyecto	2026-10-09T07:49:54.1833358Z [  30% ] ^[[90m^[[1mupdate_scripts_classes^[[22m | ^[[39m^[[0m
verify	Importar los recursos del proyecto	2026-10-09T07:49:54.1833567Z [  30% ] ^[[90m^[[1mupdate_scripts_classes^[[22m | ^[[39m^[[0m
verify	Importar los recursos del proyecto	2026-10-09T07:49:54.1833775Z [  30% ] ^[[90m^[[1mupdate_scripts_classes^[[22m | ^[[39m^[[0m
verify	Importar los recursos del proyecto	2026-10-09T07:49:54.1834032Z [  30% ] ^[[90m^[[1mupdate_scripts_classes^[[22m | GdUnitEditorColorTheme^[[39m^[[0m
verify	Importar los recursos del proyecto	2026-10-09T07:49:54.1834282Z [  31% ] ^[[90m^[[1mupdate_scripts_classes^[[22m | ^[[39m^[[0m
verify	Importar los recursos del proyecto	2026-10-09T07:49:54.1834510Z [  31% ] ^[[90m^[[1mupdate_scripts_classes^[[22m | GdUnitFonts^[[39m^[[0m
verify	Importar los recursos del proyecto	2026-10-09T07:49:54.1834769Z [  31% ] ^[[90m^[[1mupdate_scripts_classes^[[22m | GdUnitInspecor^[[39m^[[0m
verify	Importar los recursos del proyecto	2026-10-09T07:49:54.1835211Z [  31% ] ^[[90m^[[1mupdate_scripts_classes^[[22m | GdUnitInspectorTreeConstants^[[39m^[[0m
verify	Importar los recursos del proyecto	2026-10-09T07:49:54.1835527Z [  31% ] ^[[90m^[[1mupdate_scripts_classes^[[22m | GdUnitScriptEditorControls^[[39m^[[0m
verify	Importar los recursos del proyecto	2026-10-09T07:49:54.1835811Z [  31% ] ^[[90m^[[1mupdate_scripts_classes^[[22m | GdUnitUiTools^[[39m^[[0m
verify	Importar los recursos del proyecto	2026-10-09T07:49:54.1836042Z [  32% ] ^[[90m^[[1mupdate_scripts_classes^[[22m | ^[[39m^[[0m
verify	Importar los recursos del proyecto	2026-10-09T07:49:54.1836270Z [  32% ] ^[[90m^[[1mupdate_scripts_classes^[[22m | GdUnitPatch^[[39m^[[0m
verify	Importar los recursos del proyecto	2026-10-09T07:49:54.1836520Z [  32% ] ^[[90m^[[1mupdate_scripts_classes^[[22m | GdUnitPatcher^[[39m^[[0m
verify	Importar los recursos del proyecto	2026-10-09T07:49:54.1836845Z [  32% ] ^[[90m^[[1mupdate_scripts_classes^[[22m | ^[[39m^[[0m
verify	Importar los recursos del proyecto	2026-10-09T07:49:54.1837058Z [  32% ] ^[[90m^[[1mupdate_scripts_classes^[[22m | ^[[39m^[[0m
verify	Importar los recursos del proyecto	2026-10-09T07:49:54.1837267Z [  32% ] ^[[90m^[[1mupdate_scripts_classes^[[22m | ^[[39m^[[0m
verify	Importar los recursos del proyecto	2026-10-09T07:49:54.1837588Z [  33% ] ^[[90m^[[1mupdate_scripts_classes^[[22m | Comparator^[[39m^[[0m
verify	Importar los recursos del proyecto	2026-10-09T07:49:54.1837831Z [  33% ] ^[[90m^[[1mupdate_scripts_classes^[[22m | Fuzzers^[[39m^[[0m
verify	Importar los recursos del proyecto	2026-10-09T07:49:54.1838087Z [  33% ] ^[[90m^[[1mupdate_scripts_classes^[[22m | GdUnitArrayAssert^[[39m^[[0m
verify	Importar los recursos del proyecto	2026-10-09T07:49:54.1838350Z [  33% ] ^[[90m^[[1mupdate_scripts_classes^[[22m | GdUnitAssert^[[39m^[[0m
verify	Importar los recursos del proyecto	2026-10-09T07:49:54.1838605Z [  33% ] ^[[90m^[[1mupdate_scripts_classes^[[22m | GdUnitAwaiter^[[39m^[[0m
verify	Importar los recursos del proyecto	2026-10-09T07:49:54.1838865Z [  33% ] ^[[90m^[[1mupdate_scripts_classes^[[22m | GdUnitBoolAssert^[[39m^[[0m
verify	Importar los recursos del proyecto	2026-10-09T07:49:54.1839132Z [  33% ] ^[[90m^[[1mupdate_scripts_classes^[[22m | GdUnitConstants^[[39m^[[0m
verify	Importar los recursos del proyecto	2026-10-09T07:49:54.1839418Z [  34% ] ^[[90m^[[1mupdate_scripts_classes^[[22m | GdUnitDictionaryAssert^[[39m^[[0m
verify	Importar los recursos del proyecto	2026-10-09T07:49:54.1839704Z [  34% ] ^[[90m^[[1mupdate_scripts_classes^[[22m | GdUnitFailureAssert^[[39m^[[0m
verify	Importar los recursos del proyecto	2026-10-09T07:49:54.1839979Z [  34% ] ^[[90m^[[1mupdate_scripts_classes^[[22m | GdUnitFileAssert^[[39m^[[0m
verify	Importar los recursos del proyecto	2026-10-09T07:49:54.1840251Z [  34% ] ^[[90m^[[1mupdate_scripts_classes^[[22m | GdUnitFloatAssert^[[39m^[[0m
verify	Importar los recursos del proyecto	2026-10-09T07:49:54.1840518Z [  34% ] ^[[90m^[[1mupdate_scripts_classes^[[22m | GdUnitFuncAssert^[[39m^[[0m
verify	Importar los recursos del proyecto	2026-10-09T07:49:54.1840798Z [  34% ] ^[[90m^[[1mupdate_scripts_classes^[[22m | GdUnitGodotErrorAssert^[[39m^[[0m
verify	Importar los recursos del proyecto	2026-10-09T07:49:54.1841078Z [  35% ] ^[[90m^[[1mupdate_scripts_classes^[[22m | GdUnitIntAssert^[[39m^[[0m
verify	Importar los recursos del proyecto	2026-10-09T07:49:54.1841350Z [  35% ] ^[[90m^[[1mupdate_scripts_classes^[[22m | GdUnitObjectAssert^[[39m^[[0m
verify	Importar los recursos del proyecto	2026-10-09T07:49:54.1841626Z [  35% ] ^[[90m^[[1mupdate_scripts_classes^[[22m | GdUnitResultAssert^[[39m^[[0m
verify	Importar los recursos del proyecto	2026-10-09T07:49:54.1841898Z [  35% ] ^[[90m^[[1mupdate_scripts_classes^[[22m | GdUnitSceneRunner^[[39m^[[0m
verify	Importar los recursos del proyecto	2026-10-09T07:49:54.1842173Z [  35% ] ^[[90m^[[1mupdate_scripts_classes^[[22m | GdUnitSignalAssert^[[39m^[[0m
verify	Importar los recursos del proyecto	2026-10-09T07:49:54.1842445Z [  35% ] ^[[90m^[[1mupdate_scripts_classes^[[22m | GdUnitStringAssert^[[39m^[[0m
verify	Importar los recursos del proyecto	2026-10-09T07:49:54.1842712Z [  35% ] ^[[90m^[[1mupdate_scripts_classes^[[22m | GdUnitTestSuite^[[39m^[[0m
verify	Importar los recursos del proyecto	2026-10-09T07:49:54.1842969Z [  36% ] ^[[90m^[[1mupdate_scripts_classes^[[22m | GdUnitTuple^[[39m^[[0m
verify	Importar los recursos del proyecto	2026-10-09T07:49:54.1843238Z [  36% ] ^[[90m^[[1mupdate_scripts_classes^[[22m | GdUnitValueExtractor^[[39m^[[0m
verify	Importar los recursos del proyecto	2026-10-09T07:49:54.1843520Z [  36% ] ^[[90m^[[1mupdate_scripts_classes^[[22m | GdUnitVectorAssert^[[39m^[[0m
verify	Importar los recursos del proyecto	2026-10-09T07:49:54.1843763Z [  36% ] ^[[90m^[[1mupdate_scripts_classes^[[22m | ^[[39m^[[0m
verify	Importar los recursos del proyecto	2026-10-09T07:49:54.1843976Z [  36% ] ^[[90m^[[1mupdate_scripts_classes^[[22m | ^[[39m^[[0m
verify	Importar los recursos del proyecto	2026-10-09T07:49:54.1844185Z [  36% ] ^[[90m^[[1mupdate_scripts_classes^[[22m | ^[[39m^[[0m
verify	Importar los recursos del proyecto	2026-10-09T07:49:54.1844395Z [  37% ] ^[[90m^[[1mupdate_scripts_classes^[[22m | ^[[39m^[[0m
verify	Importar los recursos del proyecto	2026-10-09T07:49:54.1844604Z [  37% ] ^[[90m^[[1mupdate_scripts_classes^[[22m | ^[[39m^[[0m
verify	Importar los recursos del proyecto	2026-10-09T07:49:54.1844814Z [  37% ] ^[[90m^[[1mupdate_scripts_classes^[[22m | ^[[39m^[[0m
verify	Importar los recursos del proyecto	2026-10-09T07:49:54.1845150Z [  37% ] ^[[90m^[[1mupdate_scripts_classes^[[22m | ^[[39m^[[0m
verify	Importar los recursos del proyecto	2026-10-09T07:49:54.1845392Z [  37% ] ^[[90m^[[1mupdate_scripts_classes^[[22m | ^[[39m^[[0m
verify	Importar los recursos del proyecto	2026-10-09T07:49:54.1845603Z [  37% ] ^[[90m^[[1mupdate_scripts_classes^[[22m | ^[[39m^[[0m
verify	Importar los recursos del proyecto	2026-10-09T07:49:54.1845813Z [  38% ] ^[[90m^[[1mupdate_scripts_classes^[[22m | ^[[39m^[[0m
verify	Importar los recursos del proyecto	2026-10-09T07:49:54.1846019Z [  38% ] ^[[90m^[[1mupdate_scripts_classes^[[22m | ^[[39m^[[0m
verify	Importar los recursos del proyecto	2026-10-09T07:49:54.1846225Z [  38% ] ^[[90m^[[1mupdate_scripts_classes^[[22m | ^[[39m^[[0m
verify	Importar los recursos del proyecto	2026-10-09T07:49:54.1846432Z [  38% ] ^[[90m^[[1mupdate_scripts_classes^[[22m | ^[[39m^[[0m
verify	Importar los recursos del proyecto	2026-10-09T07:49:54.1846640Z [  38% ] ^[[90m^[[1mupdate_scripts_classes^[[22m | ^[[39m^[[0m
verify	Importar los recursos del proyecto	2026-10-09T07:49:54.1846846Z [  38% ] ^[[90m^[[1mupdate_scripts_classes^[[22m | ^[[39m^[[0m
verify	Importar los recursos del proyecto	2026-10-09T07:49:54.1847053Z [  38% ] ^[[90m^[[1mupdate_scripts_classes^[[22m | ^[[39m^[[0m
verify	Importar los recursos del proyecto	2026-10-09T07:49:54.1847263Z [  39% ] ^[[90m^[[1mupdate_scripts_classes^[[22m | ^[[39m^[[0m
verify	Importar los recursos del proyecto	2026-10-09T07:49:54.1847569Z [  39% ] ^[[90m^[[1mupdate_scripts_classes^[[22m | ^[[39m^[[0m
verify	Importar los recursos del proyecto	2026-10-09T07:49:54.1847778Z [  39% ] ^[[90m^[[1mupdate_scripts_classes^[[22m | ^[[39m^[[0m
verify	Importar los recursos del proyecto	2026-10-09T07:49:54.1847987Z [  39% ] ^[[90m^[[1mupdate_scripts_classes^[[22m | ^[[39m^[[0m
verify	Importar los recursos del proyecto	2026-10-09T07:49:54.1848274Z [  39% ] ^[[90m^[[1mupdate_scripts_classes^[[22m | ^[[39m^[[0m
verify	Importar los recursos del proyecto	2026-10-09T07:49:54.1848483Z [  39% ] ^[[90m^[[1mupdate_scripts_classes^[[22m | ^[[39m^[[0m
verify	Importar los recursos del proyecto	2026-10-09T07:49:54.1848690Z [  40% ] ^[[90m^[[1mupdate_scripts_classes^[[22m | ^[[39m^[[0m
verify	Importar los recursos del proyecto	2026-10-09T07:49:54.1848897Z [  40% ] ^[[90m^[[1mupdate_scripts_classes^[[22m | ^[[39m^[[0m
verify	Importar los recursos del proyecto	2026-10-09T07:49:54.1849104Z [  40% ] ^[[90m^[[1mupdate_scripts_classes^[[22m | ^[[39m^[[0m
verify	Importar los recursos del proyecto	2026-10-09T07:49:54.1849317Z [  40% ] ^[[90m^[[1mupdate_scripts_classes^[[22m | ^[[39m^[[0m
verify	Importar los recursos del proyecto	2026-10-09T07:49:54.1849524Z [  40% ] ^[[90m^[[1mupdate_scripts_classes^[[22m | ^[[39m^[[0m
verify	Importar los recursos del proyecto	2026-10-09T07:49:54.1849731Z [  40% ] ^[[90m^[[1mupdate_scripts_classes^[[22m | ^[[39m^[[0m
verify	Importar los recursos del proyecto	2026-10-09T07:49:54.1849945Z [  40% ] ^[[90m^[[1mupdate_scripts_classes^[[22m | ^[[39m^[[0m
verify	Importar los recursos del proyecto	2026-10-09T07:49:54.1850152Z [  41% ] ^[[90m^[[1mupdate_scripts_classes^[[22m | ^[[39m^[[0m
verify	Importar los recursos del proyecto	2026-10-09T07:49:54.1850359Z [  41% ] ^[[90m^[[1mupdate_scripts_classes^[[22m | ^[[39m^[[0m
verify	Importar los recursos del proyecto	2026-10-09T07:49:54.1850565Z [  41% ] ^[[90m^[[1mupdate_scripts_classes^[[22m | ^[[39m^[[0m
verify	Importar los recursos del proyecto	2026-10-09T07:49:54.1850774Z [  41% ] ^[[90m^[[1mupdate_scripts_classes^[[22m | ^[[39m^[[0m
verify	Importar los recursos del proyecto	2026-10-09T07:49:54.1850980Z [  41% ] ^[[90m^[[1mupdate_scripts_classes^[[22m | ^[[39m^[[0m
verify	Importar los recursos del proyecto	2026-10-09T07:49:54.1851187Z [  41% ] ^[[90m^[[1mupdate_scripts_classes^[[22m | ^[[39m^[[0m
verify	Importar los recursos del proyecto	2026-10-09T07:49:54.1851394Z [  42% ] ^[[90m^[[1mupdate_scripts_classes^[[22m | ^[[39m^[[0m
verify	Importar los recursos del proyecto	2026-10-09T07:49:54.1851604Z [  42% ] ^[[90m^[[1mupdate_scripts_classes^[[22m | ^[[39m^[[0m
verify	Importar los recursos del proyecto	2026-10-09T07:49:54.1851809Z [  42% ] ^[[90m^[[1mupdate_scripts_classes^[[22m | ^[[39m^[[0m
verify	Importar los recursos del proyecto	2026-10-09T07:49:54.1852015Z [  42% ] ^[[90m^[[1mupdate_scripts_classes^[[22m | ^[[39m^[[0m
verify	Importar los recursos del proyecto	2026-10-09T07:49:54.1852223Z [  42% ] ^[[90m^[[1mupdate_scripts_classes^[[22m | ^[[39m^[[0m
verify	Importar los recursos del proyecto	2026-10-09T07:49:54.1852550Z [  42% ] ^[[90m^[[1mupdate_scripts_classes^[[22m | ^[[39m^[[0m
verify	Importar los recursos del proyecto	2026-10-09T07:49:54.1852863Z [  42% ] ^[[90m^[[1mupdate_scripts_classes^[[22m | ^[[39m^[[0m
verify	Importar los recursos del proyecto	2026-10-09T07:49:54.1853215Z [  43% ] ^[[90m^[[1mupdate_scripts_classes^[[22m | Atencion^[[39m^[[0m
verify	Importar los recursos del proyecto	2026-10-09T07:49:54.1853573Z [  43% ] ^[[90m^[[1mupdate_scripts_classes^[[22m | Balde^[[39m^[[0m
verify	Importar los recursos del proyecto	2026-10-09T07:49:54.1853808Z [  43% ] ^[[90m^[[1mupdate_scripts_classes^[[22m | Catalogo^[[39m^[[0m
verify	Importar los recursos del proyecto	2026-10-09T07:49:54.1854049Z [  43% ] ^[[90m^[[1mupdate_scripts_classes^[[22m | Comprador^[[39m^[[0m
verify	Importar los recursos del proyecto	2026-10-09T07:49:54.1854404Z [  43% ] ^[[90m^[[1mupdate_scripts_classes^[[22m | Compradores^[[39m^[[0m
verify	Importar los recursos del proyecto	2026-10-09T07:49:54.1854753Z [  43% ] ^[[90m^[[1mupdate_scripts_classes^[[22m | ContenidoDeLaCaja^[[39m^[[0m
verify	Importar los recursos del proyecto	2026-10-09T07:49:54.1855080Z [  44% ] ^[[90m^[[1mupdate_scripts_classes^[[22m | Estante^[[39m^[[0m
verify	Importar los recursos del proyecto	2026-10-09T07:49:54.1855338Z [  44% ] ^[[90m^[[1mupdate_scripts_classes^[[22m | GeneradorDeTickets^[[39m^[[0m
verify	Importar los recursos del proyecto	2026-10-09T07:49:54.1855633Z [  44% ] ^[[90m^[[1mupdate_scripts_classes^[[22m | Inventario^[[39m^[[0m
verify	Importar los recursos del proyecto	2026-10-09T07:49:54.1856019Z [  44% ] ^[[90m^[[1mupdate_scripts_classes^[[22m | Mancha^[[39m^[[0m
verify	Importar los recursos del proyecto	2026-10-09T07:49:54.1856255Z [  44% ] ^[[90m^[[1mupdate_scripts_classes^[[22m | Manos^[[39m^[[0m
verify	Importar los recursos del proyecto	2026-10-09T07:49:54.1856489Z [  44% ] ^[[90m^[[1mupdate_scripts_classes^[[22m | Mopa^[[39m^[[0m
verify	Importar los recursos del proyecto	2026-10-09T07:49:54.1856728Z [  45% ] ^[[90m^[[1mupdate_scripts_classes^[[22m | NotaPegada^[[39m^[[0m
verify	Importar los recursos del proyecto	2026-10-09T07:49:54.1857079Z [  45% ] ^[[90m^[[1mupdate_scripts_classes^[[22m | ObjetoDelAlmacen^[[39m^[[0m
verify	Importar los recursos del proyecto	2026-10-09T07:49:54.1857433Z [  45% ] ^[[90m^[[1mupdate_scripts_classes^[[22m | PisoDelLocal^[[39m^[[0m
verify	Importar los recursos del proyecto	2026-10-09T07:49:54.1857677Z [  45% ] ^[[90m^[[1mupdate_scripts_classes^[[22m | Producto^[[39m^[[0m
verify	Importar los recursos del proyecto	2026-10-09T07:49:54.1857913Z [  45% ] ^[[90m^[[1mupdate_scripts_classes^[[22m | Puerta^[[39m^[[0m
verify	Importar los recursos del proyecto	2026-10-09T07:49:54.1858207Z [  45% ] ^[[90m^[[1mupdate_scripts_classes^[[22m | RegistroDeVentas^[[39m^[[0m
verify	Importar los recursos del proyecto	2026-10-09T07:49:54.1858613Z [  45% ] ^[[90m^[[1mupdate_scripts_classes^[[22m | ReglasDelEstante^[[39m^[[0m
verify	Importar los recursos del proyecto	2026-10-09T07:49:54.1858979Z [  46% ] ^[[90m^[[1mupdate_scripts_classes^[[22m | ReglasDeLaBasura^[[39m^[[0m
verify	Importar los recursos del proyecto	2026-10-09T07:49:54.1859251Z [  46% ] ^[[90m^[[1mupdate_scripts_classes^[[22m | ReglasDeLaLimpieza^[[39m^[[0m
verify	Importar los recursos del proyecto	2026-10-09T07:49:54.1859672Z [  46% ] ^[[90m^[[1mupdate_scripts_classes^[[22m | ReglasDeLaVentanilla^[[39m^[[0m
verify	Importar los recursos del proyecto	2026-10-09T07:49:54.1860053Z [  46% ] ^[[90m^[[1mupdate_scripts_classes^[[22m | ReglasDeLosObjetos^[[39m^[[0m
verify	Importar los recursos del proyecto	2026-10-09T07:49:54.1860311Z [  46% ] ^[[90m^[[1mupdate_scripts_classes^[[22m | Rescate^[[39m^[[0m
verify	Importar los recursos del proyecto	2026-10-09T07:49:54.1860566Z [  46% ] ^[[90m^[[1mupdate_scripts_classes^[[22m | TapaDelContenedor^[[39m^[[0m
verify	Importar los recursos del proyecto	2026-10-09T07:49:54.1861021Z [  47% ] ^[[90m^[[1mupdate_scripts_classes^[[22m | TareaDeAtender^[[39m^[[0m
verify	Importar los recursos del proyecto	2026-10-09T07:49:54.1861282Z [  47% ] ^[[90m^[[1mupdate_scripts_classes^[[22m | TareaDeLaBasura^[[39m^[[0m
verify	Importar los recursos del proyecto	2026-10-09T07:49:54.1861533Z [  47% ] ^[[90m^[[1mupdate_scripts_classes^[[22m | Ticket^[[39m^[[0m
verify	Importar los recursos del proyecto	2026-10-09T07:49:54.1861769Z [  47% ] ^[[90m^[[1mupdate_scripts_classes^[[22m | Trayecto^[[39m^[[0m
verify	Importar los recursos del proyecto	2026-10-09T07:49:54.1862197Z [  47% ] ^[[90m^[[1mupdate_scripts_classes^[[22m | UnidadDeProducto^[[39m^[[0m
verify	Importar los recursos del proyecto	2026-10-09T07:49:54.1862448Z [  47% ] ^[[90m^[[1mupdate_scripts_classes^[[22m | Uso^[[39m^[[0m
verify	Importar los recursos del proyecto	2026-10-09T07:49:54.1862675Z [  47% ] ^[[90m^[[1mupdate_scripts_classes^[[22m | Venta^[[39m^[[0m
verify	Importar los recursos del proyecto	2026-10-09T07:49:54.1862935Z [  48% ] ^[[90m^[[1mupdate_scripts_classes^[[22m | ApagadoPorObstaculos^[[39m^[[0m
verify	Importar los recursos del proyecto	2026-10-09T07:49:54.1863350Z [  48% ] ^[[90m^[[1mupdate_scripts_classes^[[22m | ContadorDeGolpes^[[39m^[[0m
verify	Importar los recursos del proyecto	2026-10-09T07:49:54.1863662Z [  48% ] ^[[90m^[[1mupdate_scripts_classes^[[22m | EleccionDeVariante^[[39m^[[0m
verify	Importar los recursos del proyecto	2026-10-09T07:49:54.1863939Z [  48% ] ^[[90m^[[1mupdate_scripts_classes^[[22m | EmisoresDelAmbiente^[[39m^[[0m
verify	Importar los recursos del proyecto	2026-10-09T07:49:54.1864264Z [  48% ] ^[[90m^[[1mupdate_scripts_classes^[[22m | EntradaSonora^[[39m^[[0m
verify	Importar los recursos del proyecto	2026-10-09T07:49:54.1864643Z [  48% ] ^[[90m^[[1mupdate_scripts_classes^[[22m | IndicacionDelFoco^[[39m^[[0m
verify	Importar los recursos del proyecto	2026-10-09T07:49:54.1864902Z [  49% ] ^[[90m^[[1mupdate_scripts_classes^[[22m | RondaDeVoces^[[39m^[[0m
verify	Importar los recursos del proyecto	2026-10-09T07:49:54.1865332Z [  49% ] ^[[90m^[[1mupdate_scripts_classes^[[22m | TablaDeSonidos^[[39m^[[0m
verify	Importar los recursos del proyecto	2026-10-09T07:49:54.1865773Z [  49% ] ^[[90m^[[1mupdate_scripts_classes^[[22m | CatalogoDeReacciones^[[39m^[[0m
verify	Importar los recursos del proyecto	2026-10-09T07:49:54.1866044Z [  49% ] ^[[90m^[[1mupdate_scripts_classes^[[22m | Consecuencias^[[39m^[[0m
verify	Importar los recursos del proyecto	2026-10-09T07:49:54.1866306Z [  49% ] ^[[90m^[[1mupdate_scripts_classes^[[22m | EsperaDeLaCarga^[[39m^[[0m
verify	Importar los recursos del proyecto	2026-10-09T07:49:54.1866732Z [  49% ] ^[[90m^[[1mupdate_scripts_classes^[[22m | Legajo^[[39m^[[0m
verify	Importar los recursos del proyecto	2026-10-09T07:49:54.1866978Z [  50% ] ^[[90m^[[1mupdate_scripts_classes^[[22m | MenuDeInicio^[[39m^[[0m
verify	Importar los recursos del proyecto	2026-10-09T07:49:54.1867230Z [  50% ] ^[[90m^[[1mupdate_scripts_classes^[[22m | ParteDeCierre^[[39m^[[0m
verify	Importar los recursos del proyecto	2026-10-09T07:49:54.1867538Z [  50% ] ^[[90m^[[1mupdate_scripts_classes^[[22m | Partida^[[39m^[[0m
verify	Importar los recursos del proyecto	2026-10-09T07:49:54.1867905Z [  50% ] ^[[90m^[[1mupdate_scripts_classes^[[22m | PartidaSerializada^[[39m^[[0m
verify	Importar los recursos del proyecto	2026-10-09T07:49:54.1868178Z [  50% ] ^[[90m^[[1mupdate_scripts_classes^[[22m | PoliticaDeGuardado^[[39m^[[0m
verify	Importar los recursos del proyecto	2026-10-09T07:49:54.1868434Z [  50% ] ^[[90m^[[1mupdate_scripts_classes^[[22m | Reaccion^[[39m^[[0m
verify	Importar los recursos del proyecto	2026-10-09T07:49:54.1868857Z [  50% ] ^[[90m^[[1mupdate_scripts_classes^[[22m | ReglasDeLaPartida^[[39m^[[0m
verify	Importar los recursos del proyecto	2026-10-09T07:49:54.1869118Z [  51% ] ^[[90m^[[1mupdate_scripts_classes^[[22m | Bandeja^[[39m^[[0m
verify	Importar los recursos del proyecto	2026-10-09T07:49:54.1869384Z [  51% ] ^[[90m^[[1mupdate_scripts_classes^[[22m | Computadora^[[39m^[[0m
verify	Importar los recursos del proyecto	2026-10-09T07:49:54.1869703Z [  51% ] ^[[90m^[[1mupdate_scripts_classes^[[22m | Conversacion^[[39m^[[0m
verify	Importar los recursos del proyecto	2026-10-09T07:49:54.1870052Z [  51% ] ^[[90m^[[1mupdate_scripts_classes^[[22m | Cuaderno^[[39m^[[0m
verify	Importar los recursos del proyecto	2026-10-09T07:49:54.1870288Z [  51% ] ^[[90m^[[1mupdate_scripts_classes^[[22m | Hallazgos^[[39m^[[0m
verify	Importar los recursos del proyecto	2026-10-09T07:49:54.1870525Z [  51% ] ^[[90m^[[1mupdate_scripts_classes^[[22m | Mensaje^[[39m^[[0m
verify	Importar los recursos del proyecto	2026-10-09T07:49:54.1870848Z [  52% ] ^[[90m^[[1mupdate_scripts_classes^[[22m | Nota^[[39m^[[0m
verify	Importar los recursos del proyecto	2026-10-09T07:49:54.1871165Z [  52% ] ^[[90m^[[1mupdate_scripts_classes^[[22m | Revelacion^[[39m^[[0m
verify	Importar los recursos del proyecto	2026-10-09T07:49:54.1871402Z [  52% ] ^[[90m^[[1mupdate_scripts_classes^[[22m | Apertura^[[39m^[[0m
verify	Importar los recursos del proyecto	2026-10-09T07:49:54.1871637Z [  52% ] ^[[90m^[[1mupdate_scripts_classes^[[22m | Marcador^[[39m^[[0m
verify	Importar los recursos del proyecto	2026-10-09T07:49:54.1872141Z [  52% ] ^[[90m^[[1mupdate_scripts_classes^[[22m | Pausa^[[39m^[[0m
verify	Importar los recursos del proyecto	2026-10-09T07:49:54.1872380Z [  52% ] ^[[90m^[[1mupdate_scripts_classes^[[22m | RelojDeMesa^[[39m^[[0m
verify	Importar los recursos del proyecto	2026-10-09T07:49:54.1872615Z [  52% ] ^[[90m^[[1mupdate_scripts_classes^[[22m | Ritmo^[[39m^[[0m
verify	Importar los recursos del proyecto	2026-10-09T07:49:54.1873050Z [  53% ] ^[[90m^[[1mupdate_scripts_classes^[[22m | Tarea^[[39m^[[0m
verify	Importar los recursos del proyecto	2026-10-09T07:49:54.1873325Z [  53% ] ^[[90m^[[1mupdate_scripts_classes^[[22m | Turno^[[39m^[[0m
verify	Importar los recursos del proyecto	2026-10-09T07:49:54.1873572Z [  53% ] ^[[90m^[[1mupdate_scripts_classes^[[22m | CadenciaDePasos^[[39m^[[0m
verify	Importar los recursos del proyecto	2026-10-09T07:49:54.1873823Z [  53% ] ^[[90m^[[1mupdate_scripts_classes^[[22m | Caminata^[[39m^[[0m
verify	Importar los recursos del proyecto	2026-10-09T07:49:54.1874266Z [  53% ] ^[[90m^[[1mupdate_scripts_classes^[[22m | CampoDeInteraccion^[[39m^[[0m
verify	Importar los recursos del proyecto	2026-10-09T07:49:54.1874542Z [  53% ] ^[[90m^[[1mupdate_scripts_classes^[[22m | ControlDelJugador^[[39m^[[0m
verify	Importar los recursos del proyecto	2026-10-09T07:49:54.1874830Z [  54% ] ^[[90m^[[1mupdate_scripts_classes^[[22m | EncuadreDeLaVentanilla^[[39m^[[0m
verify	Importar los recursos del proyecto	2026-10-09T07:49:54.1875299Z [  54% ] ^[[90m^[[1mupdate_scripts_classes^[[22m | Foco^[[39m^[[0m
verify	Importar los recursos del proyecto	2026-10-09T07:49:54.1875529Z [  54% ] ^[[90m^[[1mupdate_scripts_classes^[[22m | Mirada^[[39m^[[0m
verify	Importar los recursos del proyecto	2026-10-09T07:49:54.1875779Z [  54% ] ^[[90m^[[1mupdate_scripts_classes^[[22m | ReglasDelJugador^[[39m^[[0m
verify	Importar los recursos del proyecto	2026-10-09T07:49:54.1876075Z [  54% ] ^[[90m^[[1mupdate_scripts_classes^[[22m | RetornoDeLaMano^[[39m^[[0m
verify	Importar los recursos del proyecto	2026-10-09T07:49:54.1876463Z [  54% ] ^[[90m^[[1mupdate_scripts_classes^[[22m | SuavizadoDelGiro^[[39m^[[0m
verify	Importar los recursos del proyecto	2026-10-09T07:49:54.1876714Z [  54% ] ^[[90m^[[1mupdate_scripts_classes^[[22m | Dialogo^[[39m^[[0m
verify	Importar los recursos del proyecto	2026-10-09T07:49:54.1876946Z [  55% ] ^[[90m^[[1mupdate_scripts_classes^[[22m | Reglas^[[39m^[[0m
verify	Importar los recursos del proyecto	2026-10-09T07:49:54.1877241Z [  55% ] ^[[90m^[[1mupdate_scripts_classes^[[22m | ^[[39m^[[0m
verify	Importar los recursos del proyecto	2026-10-09T07:49:54.1877522Z [  55% ] ^[[90m^[[1mupdate_scripts_classes^[[22m | ^[[39m^[[0m
verify	Importar los recursos del proyecto	2026-10-09T07:49:54.1877735Z [  55% ] ^[[90m^[[1mupdate_scripts_classes^[[22m | ^[[39m^[[0m
verify	Importar los recursos del proyecto	2026-10-09T07:49:54.1877943Z [  55% ] ^[[90m^[[1mupdate_scripts_classes^[[22m | ^[[39m^[[0m
verify	Importar los recursos del proyecto	2026-10-09T07:49:54.1878203Z [  55% ] ^[[90m^[[1mupdate_scripts_classes^[[22m | ^[[39m^[[0m
verify	Importar los recursos del proyecto	2026-10-09T07:49:54.1878505Z [  56% ] ^[[90m^[[1mupdate_scripts_classes^[[22m | ^[[39m^[[0m
verify	Importar los recursos del proyecto	2026-10-09T07:49:54.1878714Z [  56% ] ^[[90m^[[1mupdate_scripts_classes^[[22m | ^[[39m^[[0m
verify	Importar los recursos del proyecto	2026-10-09T07:49:54.1878922Z [  56% ] ^[[90m^[[1mupdate_scripts_classes^[[22m | ^[[39m^[[0m
verify	Importar los recursos del proyecto	2026-10-09T07:49:54.1879229Z [  56% ] ^[[90m^[[1mupdate_scripts_classes^[[22m | ObjetoAgarrable^[[39m^[[0m
verify	Importar los recursos del proyecto	2026-10-09T07:49:54.1879592Z [  56% ] ^[[90m^[[1mupdate_scripts_classes^[[22m | ^[[39m^[[0m
verify	Importar los recursos del proyecto	2026-10-09T07:49:54.1879801Z [  56% ] ^[[90m^[[1mupdate_scripts_classes^[[22m | ^[[39m^[[0m
verify	Importar los recursos del proyecto	2026-10-09T07:49:54.1880007Z [  57% ] ^[[90m^[[1mupdate_scripts_classes^[[22m | ^[[39m^[[0m
verify	Importar los recursos del proyecto	2026-10-09T07:49:54.1880222Z [  57% ] ^[[90m^[[1mupdate_scripts_classes^[[22m | ^[[39m^[[0m
verify	Importar los recursos del proyecto	2026-10-09T07:49:54.1880565Z [  57% ] ^[[90m^[[1mupdate_scripts_classes^[[22m | ^[[39m^[[0m
verify	Importar los recursos del proyecto	2026-10-09T07:49:54.1880777Z [  57% ] ^[[90m^[[1mupdate_scripts_classes^[[22m | ^[[39m^[[0m
verify	Importar los recursos del proyecto	2026-10-09T07:49:54.1880984Z [  57% ] ^[[90m^[[1mupdate_scripts_classes^[[22m | ^[[39m^[[0m
verify	Importar los recursos del proyecto	2026-10-09T07:49:54.1881194Z [  57% ] ^[[90m^[[1mupdate_scripts_classes^[[22m | ^[[39m^[[0m
verify	Importar los recursos del proyecto	2026-10-09T07:49:54.1881475Z [  57% ] ^[[90m^[[1mupdate_scripts_classes^[[22m | ^[[39m^[[0m
verify	Importar los recursos del proyecto	2026-10-09T07:49:54.1881749Z [  58% ] ^[[90m^[[1mupdate_scripts_classes^[[22m | ^[[39m^[[0m
verify	Importar los recursos del proyecto	2026-10-09T07:49:54.1881959Z [  58% ] ^[[90m^[[1mupdate_scripts_classes^[[22m | ^[[39m^[[0m
verify	Importar los recursos del proyecto	2026-10-09T07:49:54.1882214Z [  58% ] ^[[90m^[[1mupdate_scripts_classes^[[22m | DisposicionDeLaGondola^[[39m^[[0m
verify	Importar los recursos del proyecto	2026-10-09T07:49:54.1882564Z [  58% ] ^[[90m^[[1mupdate_scripts_classes^[[22m | ^[[39m^[[0m
verify	Importar los recursos del proyecto	2026-10-09T07:49:54.1882818Z [  58% ] ^[[90m^[[1mupdate_scripts_classes^[[22m | ^[[39m^[[0m
verify	Importar los recursos del proyecto	2026-10-09T07:49:54.1883024Z [  58% ] ^[[90m^[[1mupdate_scripts_classes^[[22m | ^[[39m^[[0m
verify	Importar los recursos del proyecto	2026-10-09T07:49:54.1883231Z [  59% ] ^[[90m^[[1mupdate_scripts_classes^[[22m | ^[[39m^[[0m
verify	Importar los recursos del proyecto	2026-10-09T07:49:54.1883498Z [  59% ] ^[[90m^[[1mupdate_scripts_classes^[[22m | ^[[39m^[[0m
verify	Importar los recursos del proyecto	2026-10-09T07:49:54.1883785Z [  59% ] ^[[90m^[[1mupdate_scripts_classes^[[22m | ^[[39m^[[0m
verify	Importar los recursos del proyecto	2026-10-09T07:49:54.1884085Z [  59% ] ^[[90m^[[1mupdate_scripts_classes^[[22m | ^[[39m^[[0m
verify	Importar los recursos del proyecto	2026-10-09T07:49:54.1884294Z [  59% ] ^[[90m^[[1mupdate_scripts_classes^[[22m | ^[[39m^[[0m
verify	Importar los recursos del proyecto	2026-10-09T07:49:54.1884576Z [  59% ] ^[[90m^[[1mupdate_scripts_classes^[[22m | ^[[39m^[[0m
verify	Importar los recursos del proyecto	2026-10-09T07:49:54.1884919Z [  59% ] ^[[90m^[[1mupdate_scripts_classes^[[22m | ^[[39m^[[0m
verify	Importar los recursos del proyecto	2026-10-09T07:49:54.1885314Z [  60% ] ^[[90m^[[1mupdate_scripts_classes^[[22m | ^[[39m^[[0m
verify	Importar los recursos del proyecto	2026-10-09T07:49:54.1885522Z [  60% ] ^[[90m^[[1mupdate_scripts_classes^[[22m | ^[[39m^[[0m
verify	Importar los recursos del proyecto	2026-10-09T07:49:54.1885882Z [  60% ] ^[[90m^[[1mupdate_scripts_classes^[[22m | ^[[39m^[[0m
verify	Importar los recursos del proyecto	2026-10-09T07:49:54.1886119Z [  60% ] ^[[90m^[[1mupdate_scripts_classes^[[22m | ^[[39m^[[0m
verify	Importar los recursos del proyecto	2026-10-09T07:49:54.1886326Z [  60% ] ^[[90m^[[1mupdate_scripts_classes^[[22m | ^[[39m^[[0m
verify	Importar los recursos del proyecto	2026-10-09T07:49:54.1886532Z [  60% ] ^[[90m^[[1mupdate_scripts_classes^[[22m | ^[[39m^[[0m
verify	Importar los recursos del proyecto	2026-10-09T07:49:54.1886829Z [  61% ] ^[[90m^[[1mupdate_scripts_classes^[[22m | ^[[39m^[[0m
verify	Importar los recursos del proyecto	2026-10-09T07:49:54.1887174Z [  61% ] ^[[90m^[[1mupdate_scripts_classes^[[22m | ComputadoraDeEscritorio^[[39m^[[0m
verify	Importar los recursos del proyecto	2026-10-09T07:49:54.1887445Z [  61% ] ^[[90m^[[1mupdate_scripts_classes^[[22m | Examen^[[39m^[[0m
verify	Importar los recursos del proyecto	2026-10-09T07:49:54.1887676Z [  61% ] ^[[90m^[[1mupdate_scripts_classes^[[22m | Agarre^[[39m^[[0m
verify	Importar los recursos del proyecto	2026-10-09T07:49:54.1888117Z [  61% ] ^[[90m^[[1mupdate_scripts_classes^[[22m | CalentamientoDeShaders^[[39m^[[0m
verify	Importar los recursos del proyecto	2026-10-09T07:49:54.1888411Z [  61% ] ^[[90m^[[1mupdate_scripts_classes^[[22m | CargaEnSegundoPlano^[[39m^[[0m
verify	Importar los recursos del proyecto	2026-10-09T07:49:54.1888685Z [  61% ] ^[[90m^[[1mupdate_scripts_classes^[[22m | CicloDeJornadas^[[39m^[[0m
verify	Importar los recursos del proyecto	2026-10-09T07:49:54.1889111Z [  62% ] ^[[90m^[[1mupdate_scripts_classes^[[22m | ControlDePausa^[[39m^[[0m
verify	Importar los recursos del proyecto	2026-10-09T07:49:54.1889377Z [  62% ] ^[[90m^[[1mupdate_scripts_classes^[[22m | EnlaceDeAudio^[[39m^[[0m
verify	Importar los recursos del proyecto	2026-10-09T07:49:54.1889637Z [  62% ] ^[[90m^[[1mupdate_scripts_classes^[[22m | EnlaceDeGuardado^[[39m^[[0m
verify	Importar los recursos del proyecto	2026-10-09T07:49:54.1889976Z [  62% ] ^[[90m^[[1mupdate_scripts_classes^[[22m | Guardado^[[39m^[[0m
verify	Importar los recursos del proyecto	2026-10-09T07:49:54.1890299Z [  62% ] ^[[90m^[[1mupdate_scripts_classes^[[22m | Locutor^[[39m^[[0m
verify	Importar los recursos del proyecto	2026-10-09T07:49:54.1890548Z [  62% ] ^[[90m^[[1mupdate_scripts_classes^[[22m | LugaresDelPiso^[[39m^[[0m
verify	Importar los recursos del proyecto	2026-10-09T07:49:54.1890809Z [  63% ] ^[[90m^[[1mupdate_scripts_classes^[[22m | MarcoDelObjetivo^[[39m^[[0m
verify	Importar los recursos del proyecto	2026-10-09T07:49:54.1891250Z [  63% ] ^[[90m^[[1mupdate_scripts_classes^[[22m | PedidosDelMenu^[[39m^[[0m
verify	Importar los recursos del proyecto	2026-10-09T07:49:54.1891509Z [  63% ] ^[[90m^[[1mupdate_scripts_classes^[[22m | RedDeSeguridad^[[39m^[[0m
verify	Importar los recursos del proyecto	2026-10-09T07:49:54.1891760Z [  63% ] ^[[90m^[[1mupdate_scripts_classes^[[22m | RelojDelTurno^[[39m^[[0m
verify	Importar los recursos del proyecto	2026-10-09T07:49:54.1892124Z [  63% ] ^[[90m^[[1mupdate_scripts_classes^[[22m | ReproductorDeSonidos^[[39m^[[0m
verify	Importar los recursos del proyecto	2026-10-09T07:49:54.1892489Z [  63% ] ^[[90m^[[1mupdate_scripts_classes^[[22m | CajaRegistradora^[[39m^[[0m
verify	Importar los recursos del proyecto	2026-10-09T07:49:54.1892747Z [  64% ] ^[[90m^[[1mupdate_scripts_classes^[[22m | Limpiador^[[39m^[[0m
verify	Importar los recursos del proyecto	2026-10-09T07:49:54.1893032Z [  64% ] ^[[90m^[[1mupdate_scripts_classes^[[22m | RecolectorDeBasura^[[39m^[[0m
verify	Importar los recursos del proyecto	2026-10-09T07:49:54.1893438Z [  64% ] ^[[90m^[[1mupdate_scripts_classes^[[22m | Repositor^[[39m^[[0m
verify	Importar los recursos del proyecto	2026-10-09T07:49:54.1893681Z [  64% ] ^[[90m^[[1mupdate_scripts_classes^[[22m | Ventanilla^[[39m^[[0m
verify	Importar los recursos del proyecto	2026-10-09T07:49:54.1893922Z [  64% ] ^[[90m^[[1mupdate_scripts_classes^[[22m | AppCaja^[[39m^[[0m
verify	Importar los recursos del proyecto	2026-10-09T07:49:54.1894252Z [  64% ] ^[[90m^[[1mupdate_scripts_classes^[[22m | AppChats^[[39m^[[0m
verify	Importar los recursos del proyecto	2026-10-09T07:49:54.1894574Z [  64% ] ^[[90m^[[1mupdate_scripts_classes^[[22m | AppNotas^[[39m^[[0m
verify	Importar los recursos del proyecto	2026-10-09T07:49:54.1894818Z [  65% ] ^[[90m^[[1mupdate_scripts_classes^[[22m | CapaDeDialogo^[[39m^[[0m
verify	Importar los recursos del proyecto	2026-10-09T07:49:54.1895208Z [  65% ] ^[[90m^[[1mupdate_scripts_classes^[[22m | LienzoDeManada^[[39m^[[0m
verify	Importar los recursos del proyecto	2026-10-09T07:49:54.1895644Z [  65% ] ^[[90m^[[1mupdate_scripts_classes^[[22m | NotaEncuadrada^[[39m^[[0m
verify	Importar los recursos del proyecto	2026-10-09T07:49:54.1895916Z [  65% ] ^[[90m^[[1mupdate_scripts_classes^[[22m | PanelDeLaVentanilla^[[39m^[[0m
verify	Importar los recursos del proyecto	2026-10-09T07:49:54.1896206Z [  65% ] ^[[90m^[[1mupdate_scripts_classes^[[22m | PantallaDeComputadora^[[39m^[[0m
verify	Importar los recursos del proyecto	2026-10-09T07:49:54.1896675Z [  65% ] ^[[90m^[[1mupdate_scripts_classes^[[22m | ProgramaDeTickets^[[39m^[[0m
verify	Importar los recursos del proyecto	2026-10-09T07:49:54.1897033Z [  66% ] ^[[90m^[[1mupdate_scripts_classes^[[22m | MenuDePausa^[[39m^[[0m
verify	Importar los recursos del proyecto	2026-10-09T07:49:54.1897291Z [  66% ] ^[[90m^[[1mupdate_scripts_classes^[[22m | PantallaDeCarga^[[39m^[[0m
verify	Importar los recursos del proyecto	2026-10-09T07:49:54.1897742Z [  66% ] ^[[90m^[[1mupdate_scripts_classes^[[22m | PantallaDeCierre^[[39m^[[0m
verify	Importar los recursos del proyecto	2026-10-09T07:49:54.1898099Z [  66% ] ^[[90m^[[1mupdate_scripts_classes^[[22m | AristasDelProducto^[[39m^[[0m
verify	Importar los recursos del proyecto	2026-10-09T07:49:54.1898351Z [  66% ] ^[[90m^[[1mupdate_scripts_classes^[[22m | Hud^[[39m^[[0m
verify	Importar los recursos del proyecto	2026-10-09T07:49:54.1898744Z [  66% ] ^[[90m^[[1mupdate_scripts_classes^[[22m | ^[[39m^[[0m
verify	Importar los recursos del proyecto	2026-10-09T07:49:54.1898959Z [  66% ] ^[[90m^[[1mupdate_scripts_classes^[[22m | ^[[39m^[[0m
verify	Importar los recursos del proyecto	2026-10-09T07:49:54.1899168Z [  67% ] ^[[90m^[[1mupdate_scripts_classes^[[22m | ^[[39m^[[0m
verify	Importar los recursos del proyecto	2026-10-09T07:49:54.1899375Z [  67% ] ^[[90m^[[1mupdate_scripts_classes^[[22m | ^[[39m^[[0m
verify	Importar los recursos del proyecto	2026-10-09T07:49:54.1899724Z [  67% ] ^[[90m^[[1mupdate_scripts_classes^[[22m | ^[[39m^[[0m
verify	Importar los recursos del proyecto	2026-10-09T07:49:54.1899966Z [  67% ] ^[[90m^[[1mupdate_scripts_classes^[[22m | ^[[39m^[[0m
verify	Importar los recursos del proyecto	2026-10-09T07:49:54.1900179Z [  67% ] ^[[90m^[[1mupdate_scripts_classes^[[22m | ^[[39m^[[0m
verify	Importar los recursos del proyecto	2026-10-09T07:49:54.1900386Z [  67% ] ^[[90m^[[1mupdate_scripts_classes^[[22m | ^[[39m^[[0m
verify	Importar los recursos del proyecto	2026-10-09T07:49:54.1900705Z [  68% ] ^[[90m^[[1mupdate_scripts_classes^[[22m | ^[[39m^[[0m
verify	Importar los recursos del proyecto	2026-10-09T07:49:54.1900975Z [  68% ] ^[[90m^[[1mupdate_scripts_classes^[[22m | ^[[39m^[[0m
verify	Importar los recursos del proyecto	2026-10-09T07:49:54.1901185Z [  68% ] ^[[90m^[[1mupdate_scripts_classes^[[22m | ^[[39m^[[0m
verify	Importar los recursos del proyecto	2026-10-09T07:49:54.1901392Z [  68% ] ^[[90m^[[1mupdate_scripts_classes^[[22m | ^[[39m^[[0m
verify	Importar los recursos del proyecto	2026-10-09T07:49:54.1901672Z [  68% ] ^[[90m^[[1mupdate_scripts_classes^[[22m | ^[[39m^[[0m
verify	Importar los recursos del proyecto	2026-10-09T07:49:54.1901990Z [  68% ] ^[[90m^[[1mupdate_scripts_classes^[[22m | ^[[39m^[[0m
verify	Importar los recursos del proyecto	2026-10-09T07:49:54.1902197Z [  69% ] ^[[90m^[[1mupdate_scripts_classes^[[22m | ^[[39m^[[0m
verify	Importar los recursos del proyecto	2026-10-09T07:49:54.1902408Z [  69% ] ^[[90m^[[1mupdate_scripts_classes^[[22m | ^[[39m^[[0m
verify	Importar los recursos del proyecto	2026-10-09T07:49:54.1902670Z [  69% ] ^[[90m^[[1mupdate_scripts_classes^[[22m | ^[[39m^[[0m
verify	Importar los recursos del proyecto	2026-10-09T07:49:54.1902998Z [  69% ] ^[[90m^[[1mupdate_scripts_classes^[[22m | ^[[39m^[[0m
verify	Importar los recursos del proyecto	2026-10-09T07:49:54.1903208Z [  69% ] ^[[90m^[[1mupdate_scripts_classes^[[22m | ^[[39m^[[0m
verify	Importar los recursos del proyecto	2026-10-09T07:49:54.1903450Z [  69% ] ^[[90m^[[1mupdate_scripts_classes^[[22m | ^[[39m^[[0m
verify	Importar los recursos del proyecto	2026-10-09T07:49:54.1903718Z [  69% ] ^[[90m^[[1mupdate_scripts_classes^[[22m | ^[[39m^[[0m
verify	Importar los recursos del proyecto	2026-10-09T07:49:54.1904045Z [  70% ] ^[[90m^[[1mupdate_scripts_classes^[[22m | ^[[39m^[[0m
verify	Importar los recursos del proyecto	2026-10-09T07:49:54.1904253Z [  70% ] ^[[90m^[[1mupdate_scripts_classes^[[22m | ^[[39m^[[0m
verify	Importar los recursos del proyecto	2026-10-09T07:49:54.1904463Z [  70% ] ^[[90m^[[1mupdate_scripts_classes^[[22m | ^[[39m^[[0m
verify	Importar los recursos del proyecto	2026-10-09T07:49:54.1904705Z [  70% ] ^[[90m^[[1mupdate_scripts_classes^[[22m | ^[[39m^[[0m
verify	Importar los recursos del proyecto	2026-10-09T07:49:54.1905137Z [  70% ] ^[[90m^[[1mupdate_scripts_classes^[[22m | ^[[39m^[[0m
verify	Importar los recursos del proyecto	2026-10-09T07:49:54.1905347Z [  70% ] ^[[90m^[[1mupdate_scripts_classes^[[22m | ^[[39m^[[0m
verify	Importar los recursos del proyecto	2026-10-09T07:49:54.1905557Z [  71% ] ^[[90m^[[1mupdate_scripts_classes^[[22m | ^[[39m^[[0m
verify	Importar los recursos del proyecto	2026-10-09T07:49:54.1905787Z [  71% ] ^[[90m^[[1mupdate_scripts_classes^[[22m | ^[[39m^[[0m
verify	Importar los recursos del proyecto	2026-10-09T07:49:54.1906150Z [  71% ] ^[[90m^[[1mupdate_scripts_classes^[[22m | ^[[39m^[[0m
verify	Importar los recursos del proyecto	2026-10-09T07:49:54.1906361Z [  71% ] ^[[90m^[[1mupdate_scripts_classes^[[22m | ^[[39m^[[0m
verify	Importar los recursos del proyecto	2026-10-09T07:49:54.1906569Z [  71% ] ^[[90m^[[1mupdate_scripts_classes^[[22m | ^[[39m^[[0m
verify	Importar los recursos del proyecto	2026-10-09T07:49:54.1906778Z [  71% ] ^[[90m^[[1mupdate_scripts_classes^[[22m | ^[[39m^[[0m
verify	Importar los recursos del proyecto	2026-10-09T07:49:54.1907059Z [  71% ] ^[[90m^[[1mupdate_scripts_classes^[[22m | ^[[39m^[[0m
verify	Importar los recursos del proyecto	2026-10-09T07:49:54.1907368Z [  72% ] ^[[90m^[[1mupdate_scripts_classes^[[22m | ^[[39m^[[0m
verify	Importar los recursos del proyecto	2026-10-09T07:49:54.1907576Z [  72% ] ^[[90m^[[1mupdate_scripts_classes^[[22m | ^[[39m^[[0m
verify	Importar los recursos del proyecto	2026-10-09T07:49:54.1907784Z [  72% ] ^[[90m^[[1mupdate_scripts_classes^[[22m | ^[[39m^[[0m
verify	Importar los recursos del proyecto	2026-10-09T07:49:54.1907993Z [  72% ] ^[[90m^[[1mupdate_scripts_classes^[[22m | ^[[39m^[[0m
verify	Importar los recursos del proyecto	2026-10-09T07:49:54.1908363Z [  72% ] ^[[90m^[[1mupdate_scripts_classes^[[22m | ^[[39m^[[0m
verify	Importar los recursos del proyecto	2026-10-09T07:49:54.1908589Z [  72% ] ^[[90m^[[1mupdate_scripts_classes^[[22m | ^[[39m^[[0m
verify	Importar los recursos del proyecto	2026-10-09T07:49:54.1908795Z [  73% ] ^[[90m^[[1mupdate_scripts_classes^[[22m | ^[[39m^[[0m
verify	Importar los recursos del proyecto	2026-10-09T07:49:54.1909003Z [  73% ] ^[[90m^[[1mupdate_scripts_classes^[[22m | ^[[39m^[[0m
verify	Importar los recursos del proyecto	2026-10-09T07:49:54.1909430Z [  73% ] ^[[90m^[[1mupdate_scripts_classes^[[22m | ^[[39m^[[0m
verify	Importar los recursos del proyecto	2026-10-09T07:49:54.1909690Z [  73% ] ^[[90m^[[1mupdate_scripts_classes^[[22m | ^[[39m^[[0m
verify	Importar los recursos del proyecto	2026-10-09T07:49:54.1909898Z [  73% ] ^[[90m^[[1mupdate_scripts_classes^[[22m | ^[[39m^[[0m
verify	Importar los recursos del proyecto	2026-10-09T07:49:54.1910222Z [  73% ] ^[[90m^[[1mupdate_scripts_classes^[[22m | ^[[39m^[[0m
verify	Importar los recursos del proyecto	2026-10-09T07:49:54.1910586Z [  73% ] ^[[90m^[[1mupdate_scripts_classes^[[22m | ^[[39m^[[0m
verify	Importar los recursos del proyecto	2026-10-09T07:49:54.1910817Z [  74% ] ^[[90m^[[1mupdate_scripts_classes^[[22m | ^[[39m^[[0m
verify	Importar los recursos del proyecto	2026-10-09T07:49:54.1911026Z [  74% ] ^[[90m^[[1mupdate_scripts_classes^[[22m | ^[[39m^[[0m
verify	Importar los recursos del proyecto	2026-10-09T07:49:54.1911236Z [  74% ] ^[[90m^[[1mupdate_scripts_classes^[[22m | ^[[39m^[[0m
verify	Importar los recursos del proyecto	2026-10-09T07:49:54.1911538Z [  74% ] ^[[90m^[[1mupdate_scripts_classes^[[22m | ^[[39m^[[0m
verify	Importar los recursos del proyecto	2026-10-09T07:49:54.1911832Z [  74% ] ^[[90m^[[1mupdate_scripts_classes^[[22m | ^[[39m^[[0m
verify	Importar los recursos del proyecto	2026-10-09T07:49:54.1912039Z [  74% ] ^[[90m^[[1mupdate_scripts_classes^[[22m | ^[[39m^[[0m
verify	Importar los recursos del proyecto	2026-10-09T07:49:54.1912252Z [  75% ] ^[[90m^[[1mupdate_scripts_classes^[[22m | ^[[39m^[[0m
verify	Importar los recursos del proyecto	2026-10-09T07:49:54.1912511Z [  75% ] ^[[90m^[[1mupdate_scripts_classes^[[22m | ^[[39m^[[0m
verify	Importar los recursos del proyecto	2026-10-09T07:49:54.1912846Z [  75% ] ^[[90m^[[1mupdate_scripts_classes^[[22m | ^[[39m^[[0m
verify	Importar los recursos del proyecto	2026-10-09T07:49:54.1913055Z [  75% ] ^[[90m^[[1mupdate_scripts_classes^[[22m | ^[[39m^[[0m
verify	Importar los recursos del proyecto	2026-10-09T07:49:54.1913264Z [  75% ] ^[[90m^[[1mupdate_scripts_classes^[[22m | ^[[39m^[[0m
verify	Importar los recursos del proyecto	2026-10-09T07:49:54.1913476Z [  75% ] ^[[90m^[[1mupdate_scripts_classes^[[22m | ^[[39m^[[0m
verify	Importar los recursos del proyecto	2026-10-09T07:49:54.1913850Z [  76% ] ^[[90m^[[1mupdate_scripts_classes^[[22m | ^[[39m^[[0m
verify	Importar los recursos del proyecto	2026-10-09T07:49:54.1914068Z [  76% ] ^[[90m^[[1mupdate_scripts_classes^[[22m | ^[[39m^[[0m
verify	Importar los recursos del proyecto	2026-10-09T07:49:54.1914273Z [  76% ] ^[[90m^[[1mupdate_scripts_classes^[[22m | ^[[39m^[[0m
verify	Importar los recursos del proyecto	2026-10-09T07:49:54.1914479Z [  76% ] ^[[90m^[[1mupdate_scripts_classes^[[22m | ^[[39m^[[0m
verify	Importar los recursos del proyecto	2026-10-09T07:49:54.1914780Z [  76% ] ^[[90m^[[1mupdate_scripts_classes^[[22m | ^[[39m^[[0m
verify	Importar los recursos del proyecto	2026-10-09T07:49:54.1915193Z [  76% ] ^[[90m^[[1mupdate_scripts_classes^[[22m | ^[[39m^[[0m
verify	Importar los recursos del proyecto	2026-10-09T07:49:54.1915402Z [  76% ] ^[[90m^[[1mupdate_scripts_classes^[[22m | ^[[39m^[[0m
verify	Importar los recursos del proyecto	2026-10-09T07:49:54.1915610Z [  77% ] ^[[90m^[[1mupdate_scripts_classes^[[22m | ^[[39m^[[0m
verify	Importar los recursos del proyecto	2026-10-09T07:49:54.1915885Z [  77% ] ^[[90m^[[1mupdate_scripts_classes^[[22m | ^[[39m^[[0m
verify	Importar los recursos del proyecto	2026-10-09T07:49:54.1916208Z [  77% ] ^[[90m^[[1mupdate_scripts_classes^[[22m | ^[[39m^[[0m
verify	Importar los recursos del proyecto	2026-10-09T07:49:54.1916415Z [  77% ] ^[[90m^[[1mupdate_scripts_classes^[[22m | ^[[39m^[[0m
verify	Importar los recursos del proyecto	2026-10-09T07:49:54.1916621Z [  77% ] ^[[90m^[[1mupdate_scripts_classes^[[22m | ^[[39m^[[0m
verify	Importar los recursos del proyecto	2026-10-09T07:49:54.1916829Z [  77% ] ^[[90m^[[1mupdate_scripts_classes^[[22m | ^[[39m^[[0m
verify	Importar los recursos del proyecto	2026-10-09T07:49:54.1917214Z [  78% ] ^[[90m^[[1mupdate_scripts_classes^[[22m | ^[[39m^[[0m
verify	Importar los recursos del proyecto	2026-10-09T07:49:54.1917426Z [  78% ] ^[[90m^[[1mupdate_scripts_classes^[[22m | ^[[39m^[[0m
verify	Importar los recursos del proyecto	2026-10-09T07:49:54.1917634Z [  78% ] ^[[90m^[[1mupdate_scripts_classes^[[22m | ^[[39m^[[0m
verify	Importar los recursos del proyecto	2026-10-09T07:49:54.1917843Z [  78% ] ^[[90m^[[1mupdate_scripts_classes^[[22m | ^[[39m^[[0m
verify	Importar los recursos del proyecto	2026-10-09T07:49:54.1918188Z [  78% ] ^[[90m^[[1mupdate_scripts_classes^[[22m | ^[[39m^[[0m
verify	Importar los recursos del proyecto	2026-10-09T07:49:54.1918440Z [  78% ] ^[[90m^[[1mupdate_scripts_classes^[[22m | ^[[39m^[[0m
verify	Importar los recursos del proyecto	2026-10-09T07:49:54.1918646Z [  78% ] ^[[90m^[[1mupdate_scripts_classes^[[22m | ^[[39m^[[0m
verify	Importar los recursos del proyecto	2026-10-09T07:49:54.1918852Z [  79% ] ^[[90m^[[1mupdate_scripts_classes^[[22m | ^[[39m^[[0m
verify	Importar los recursos del proyecto	2026-10-09T07:49:54.1919141Z [  79% ] ^[[90m^[[1mupdate_scripts_classes^[[22m | ^[[39m^[[0m
verify	Importar los recursos del proyecto	2026-10-09T07:49:54.1919443Z [  79% ] ^[[90m^[[1mupdate_scripts_classes^[[22m | ^[[39m^[[0m
verify	Importar los recursos del proyecto	2026-10-09T07:49:54.1919649Z [  79% ] ^[[90m^[[1mupdate_scripts_classes^[[22m | ^[[39m^[[0m
verify	Importar los recursos del proyecto	2026-10-09T07:49:54.1919856Z [  79% ] ^[[90m^[[1mupdate_scripts_classes^[[22m | ^[[39m^[[0m
verify	Importar los recursos del proyecto	2026-10-09T07:49:54.1920097Z [  79% ] ^[[90m^[[1mupdate_scripts_classes^[[22m | ^[[39m^[[0m
verify	Importar los recursos del proyecto	2026-10-09T07:49:54.1920451Z [  80% ] ^[[90m^[[1mupdate_scripts_classes^[[22m | ^[[39m^[[0m
verify	Importar los recursos del proyecto	2026-10-09T07:49:54.1920758Z [  80% ] ^[[90m^[[1mupdate_scripts_classes^[[22m | ^[[39m^[[0m
verify	Importar los recursos del proyecto	2026-10-09T07:49:54.1921011Z [  80% ] ^[[90m^[[1mupdate_scripts_classes^[[22m | ^[[39m^[[0m
verify	Importar los recursos del proyecto	2026-10-09T07:49:54.1921286Z [  80% ] ^[[90m^[[1mupdate_scripts_classes^[[22m | ^[[39m^[[0m
verify	Importar los recursos del proyecto	2026-10-09T07:49:54.1921687Z [  80% ] ^[[90m^[[1mupdate_scripts_classes^[[22m | ^[[39m^[[0m
verify	Importar los recursos del proyecto	2026-10-09T07:49:54.1921894Z [  80% ] ^[[90m^[[1mupdate_scripts_classes^[[22m | ^[[39m^[[0m
verify	Importar los recursos del proyecto	2026-10-09T07:49:54.1922100Z [  80% ] ^[[90m^[[1mupdate_scripts_classes^[[22m | ^[[39m^[[0m
verify	Importar los recursos del proyecto	2026-10-09T07:49:54.1922519Z [  81% ] ^[[90m^[[1mupdate_scripts_classes^[[22m | ^[[39m^[[0m
verify	Importar los recursos del proyecto	2026-10-09T07:49:54.1922775Z [  81% ] ^[[90m^[[1mupdate_scripts_classes^[[22m | ^[[39m^[[0m
verify	Importar los recursos del proyecto	2026-10-09T07:49:54.1922984Z [  81% ] ^[[90m^[[1mupdate_scripts_classes^[[22m | ^[[39m^[[0m
verify	Importar los recursos del proyecto	2026-10-09T07:49:54.1923191Z [  81% ] ^[[90m^[[1mupdate_scripts_classes^[[22m | ^[[39m^[[0m
verify	Importar los recursos del proyecto	2026-10-09T07:49:54.1923473Z [  81% ] ^[[90m^[[1mupdate_scripts_classes^[[22m | ^[[39m^[[0m
verify	Importar los recursos del proyecto	2026-10-09T07:49:54.1923784Z [  81% ] ^[[90m^[[1mupdate_scripts_classes^[[22m | ^[[39m^[[0m
verify	Importar los recursos del proyecto	2026-10-09T07:49:54.1923992Z [  82% ] ^[[90m^[[1mupdate_scripts_classes^[[22m | ^[[39m^[[0m
verify	Importar los recursos del proyecto	2026-10-09T07:49:54.1924200Z [  82% ] ^[[90m^[[1mupdate_scripts_classes^[[22m | ^[[39m^[[0m
verify	Importar los recursos del proyecto	2026-10-09T07:49:54.1924409Z [  82% ] ^[[90m^[[1mupdate_scripts_classes^[[22m | ^[[39m^[[0m
verify	Importar los recursos del proyecto	2026-10-09T07:49:54.1924801Z [  82% ] ^[[90m^[[1mupdate_scripts_classes^[[22m | ^[[39m^[[0m
verify	Importar los recursos del proyecto	2026-10-09T07:49:54.1925130Z [  82% ] ^[[90m^[[1mupdate_scripts_classes^[[22m | ^[[39m^[[0m
verify	Importar los recursos del proyecto	2026-10-09T07:49:54.1925337Z [  82% ] ^[[90m^[[1mupdate_scripts_classes^[[22m | ^[[39m^[[0m
verify	Importar los recursos del proyecto	2026-10-09T07:49:54.1925548Z [  83% ] ^[[90m^[[1mupdate_scripts_classes^[[22m | ^[[39m^[[0m
verify	Importar los recursos del proyecto	2026-10-09T07:49:54.1925879Z [  83% ] ^[[90m^[[1mupdate_scripts_classes^[[22m | ^[[39m^[[0m
verify	Importar los recursos del proyecto	2026-10-09T07:49:54.1926137Z [  83% ] ^[[90m^[[1mupdate_scripts_classes^[[22m | ^[[39m^[[0m
verify	Importar los recursos del proyecto	2026-10-09T07:49:54.1926344Z [  83% ] ^[[90m^[[1mupdate_scripts_classes^[[22m | ^[[39m^[[0m
verify	Importar los recursos del proyecto	2026-10-09T07:49:54.1926552Z [  83% ] ^[[90m^[[1mupdate_scripts_classes^[[22m | ^[[39m^[[0m
verify	Importar los recursos del proyecto	2026-10-09T07:49:54.1926825Z [  83% ] ^[[90m^[[1mupdate_scripts_classes^[[22m | ^[[39m^[[0m
verify	Importar los recursos del proyecto	2026-10-09T07:49:54.1927143Z [  83% ] ^[[90m^[[1mupdate_scripts_classes^[[22m | ^[[39m^[[0m
verify	Importar los recursos del proyecto	2026-10-09T07:49:54.1927352Z [  84% ] ^[[90m^[[1mupdate_scripts_classes^[[22m | ^[[39m^[[0m
verify	Importar los recursos del proyecto	2026-10-09T07:49:54.1927561Z [  84% ] ^[[90m^[[1mupdate_scripts_classes^[[22m | ^[[39m^[[0m
verify	Importar los recursos del proyecto	2026-10-09T07:49:54.1927768Z [  84% ] ^[[90m^[[1mupdate_scripts_classes^[[22m | ^[[39m^[[0m
verify	Importar los recursos del proyecto	2026-10-09T07:49:54.1928117Z [  84% ] ^[[90m^[[1mupdate_scripts_classes^[[22m | ^[[39m^[[0m
verify	Importar los recursos del proyecto	2026-10-09T07:49:54.1928363Z [  84% ] ^[[90m^[[1mupdate_scripts_classes^[[22m | ^[[39m^[[0m
verify	Importar los recursos del proyecto	2026-10-09T07:49:54.1928573Z [  84% ] ^[[90m^[[1mupdate_scripts_classes^[[22m | ^[[39m^[[0m
verify	Importar los recursos del proyecto	2026-10-09T07:49:54.1928779Z [  85% ] ^[[90m^[[1mupdate_scripts_classes^[[22m | ^[[39m^[[0m
verify	Importar los recursos del proyecto	2026-10-09T07:49:54.1929053Z [  85% ] ^[[90m^[[1mupdate_scripts_classes^[[22m | ^[[39m^[[0m
verify	Importar los recursos del proyecto	2026-10-09T07:49:54.1929371Z [  85% ] ^[[90m^[[1mupdate_scripts_classes^[[22m | ^[[39m^[[0m
verify	Importar los recursos del proyecto	2026-10-09T07:49:54.1929577Z [  85% ] ^[[90m^[[1mupdate_scripts_classes^[[22m | ^[[39m^[[0m
verify	Importar los recursos del proyecto	2026-10-09T07:49:54.1929783Z [  85% ] ^[[90m^[[1mupdate_scripts_classes^[[22m | ^[[39m^[[0m
verify	Importar los recursos del proyecto	2026-10-09T07:49:54.1929992Z [  85% ] ^[[90m^[[1mupdate_scripts_classes^[[22m | ^[[39m^[[0m
verify	Importar los recursos del proyecto	2026-10-09T07:49:54.1930353Z [  85% ] ^[[90m^[[1mupdate_scripts_classes^[[22m | ^[[39m^[[0m
verify	Importar los recursos del proyecto	2026-10-09T07:49:54.1930590Z [  86% ] ^[[90m^[[1mupdate_scripts_classes^[[22m | ^[[39m^[[0m
verify	Importar los recursos del proyecto	2026-10-09T07:49:54.1930796Z [  86% ] ^[[90m^[[1mupdate_scripts_classes^[[22m | ^[[39m^[[0m
verify	Importar los recursos del proyecto	2026-10-09T07:49:54.1931007Z [  86% ] ^[[90m^[[1mupdate_scripts_classes^[[22m | ^[[39m^[[0m
verify	Importar los recursos del proyecto	2026-10-09T07:49:54.1931311Z [  86% ] ^[[90m^[[1mupdate_scripts_classes^[[22m | ^[[39m^[[0m
verify	Importar los recursos del proyecto	2026-10-09T07:49:54.1931608Z [  86% ] ^[[90m^[[1mupdate_scripts_classes^[[22m | ^[[39m^[[0m
verify	Importar los recursos del proyecto	2026-10-09T07:49:54.1931816Z [  86% ] ^[[90m^[[1mupdate_scripts_classes^[[22m | ^[[39m^[[0m
verify	Importar los recursos del proyecto	2026-10-09T07:49:54.1932023Z [  87% ] ^[[90m^[[1mupdate_scripts_classes^[[22m | ^[[39m^[[0m
verify	Importar los recursos del proyecto	2026-10-09T07:49:54.1932256Z [  87% ] ^[[90m^[[1mupdate_scripts_classes^[[22m | ^[[39m^[[0m
verify	Importar los recursos del proyecto	2026-10-09T07:49:54.1932590Z [  87% ] ^[[90m^[[1mupdate_scripts_classes^[[22m | ^[[39m^[[0m
verify	Importar los recursos del proyecto	2026-10-09T07:49:54.1932834Z [  87% ] ^[[90m^[[1mupdate_scripts_classes^[[22m | ^[[39m^[[0m
verify	Importar los recursos del proyecto	2026-10-09T07:49:54.1933042Z [  87% ] ^[[90m^[[1mupdate_scripts_classes^[[22m | ^[[39m^[[0m
verify	Importar los recursos del proyecto	2026-10-09T07:49:54.1933247Z [  87% ] ^[[90m^[[1mupdate_scripts_classes^[[22m | ^[[39m^[[0m
verify	Importar los recursos del proyecto	2026-10-09T07:49:54.1933587Z [  88% ] ^[[90m^[[1mupdate_scripts_classes^[[22m | ^[[39m^[[0m
verify	Importar los recursos del proyecto	2026-10-09T07:49:54.1933939Z [  88% ] ^[[90m^[[1mupdate_scripts_classes^[[22m | ^[[39m^[[0m
verify	Importar los recursos del proyecto	2026-10-09T07:49:54.1934147Z [  88% ] ^[[90m^[[1mupdate_scripts_classes^[[22m | ^[[39m^[[0m
verify	Importar los recursos del proyecto	2026-10-09T07:49:54.1934434Z [  88% ] ^[[90m^[[1mupdate_scripts_classes^[[22m | ^[[39m^[[0m
verify	Importar los recursos del proyecto	2026-10-09T07:49:54.1934644Z [  88% ] ^[[90m^[[1mupdate_scripts_classes^[[22m | ^[[39m^[[0m
verify	Importar los recursos del proyecto	2026-10-09T07:49:54.1935050Z [  88% ] ^[[90m^[[1mupdate_scripts_classes^[[22m | ^[[39m^[[0m
verify	Importar los recursos del proyecto	2026-10-09T07:49:54.1935380Z [  88% ] ^[[90m^[[1mupdate_scripts_classes^[[22m | ^[[39m^[[0m
verify	Importar los recursos del proyecto	2026-10-09T07:49:54.1935708Z [  89% ] ^[[90m^[[1mupdate_scripts_classes^[[22m | ^[[39m^[[0m
verify	Importar los recursos del proyecto	2026-10-09T07:49:54.1935983Z [  89% ] ^[[90m^[[1mupdate_scripts_classes^[[22m | ^[[39m^[[0m
verify	Importar los recursos del proyecto	2026-10-09T07:49:54.1936345Z [  89% ] ^[[90m^[[1mupdate_scripts_classes^[[22m | ^[[39m^[[0m
verify	Importar los recursos del proyecto	2026-10-09T07:49:54.1936553Z [  89% ] ^[[90m^[[1mupdate_scripts_classes^[[22m | ^[[39m^[[0m
verify	Importar los recursos del proyecto	2026-10-09T07:49:54.1936761Z [  89% ] ^[[90m^[[1mupdate_scripts_classes^[[22m | ^[[39m^[[0m
verify	Importar los recursos del proyecto	2026-10-09T07:49:54.1936969Z [  89% ] ^[[90m^[[1mupdate_scripts_classes^[[22m | ^[[39m^[[0m
verify	Importar los recursos del proyecto	2026-10-09T07:49:54.1937260Z [  90% ] ^[[90m^[[1mupdate_scripts_classes^[[22m | ^[[39m^[[0m
verify	Importar los recursos del proyecto	2026-10-09T07:49:54.1937565Z [  90% ] ^[[90m^[[1mupdate_scripts_classes^[[22m | ^[[39m^[[0m
verify	Importar los recursos del proyecto	2026-10-09T07:49:54.1937775Z [  90% ] ^[[90m^[[1mupdate_scripts_classes^[[22m | ^[[39m^[[0m
verify	Importar los recursos del proyecto	2026-10-09T07:49:54.1937981Z [  90% ] ^[[90m^[[1mupdate_scripts_classes^[[22m | ^[[39m^[[0m
verify	Importar los recursos del proyecto	2026-10-09T07:49:54.1938192Z [  90% ] ^[[90m^[[1mupdate_scripts_classes^[[22m | ^[[39m^[[0m
verify	Importar los recursos del proyecto	2026-10-09T07:49:54.1938498Z [  90% ] ^[[90m^[[1mupdate_scripts_classes^[[22m | ^[[39m^[[0m
verify	Importar los recursos del proyecto	2026-10-09T07:49:54.1938794Z [  90% ] ^[[90m^[[1mupdate_scripts_classes^[[22m | ^[[39m^[[0m
verify	Importar los recursos del proyecto	2026-10-09T07:49:54.1939000Z [  91% ] ^[[90m^[[1mupdate_scripts_classes^[[22m | ^[[39m^[[0m
verify	Importar los recursos del proyecto	2026-10-09T07:49:54.1939207Z [  91% ] ^[[90m^[[1mupdate_scripts_classes^[[22m | ^[[39m^[[0m
verify	Importar los recursos del proyecto	2026-10-09T07:49:54.1939414Z [  91% ] ^[[90m^[[1mupdate_scripts_classes^[[22m | ^[[39m^[[0m
verify	Importar los recursos del proyecto	2026-10-09T07:49:54.1939772Z [  91% ] ^[[90m^[[1mupdate_scripts_classes^[[22m | ^[[39m^[[0m
verify	Importar los recursos del proyecto	2026-10-09T07:49:54.1940011Z [  91% ] ^[[90m^[[1mupdate_scripts_classes^[[22m | ^[[39m^[[0m
verify	Importar los recursos del proyecto	2026-10-09T07:49:54.1940217Z [  91% ] ^[[90m^[[1mupdate_scripts_classes^[[22m | ^[[39m^[[0m
verify	Importar los recursos del proyecto	2026-10-09T07:49:54.1940427Z [  92% ] ^[[90m^[[1mupdate_scripts_classes^[[22m | ^[[39m^[[0m
verify	Importar los recursos del proyecto	2026-10-09T07:49:54.1940637Z [  92% ] ^[[90m^[[1mupdate_scripts_classes^[[22m | ^[[39m^[[0m
verify	Importar los recursos del proyecto	2026-10-09T07:49:54.1941022Z [  92% ] ^[[90m^[[1mupdate_scripts_classes^[[22m | ^[[39m^[[0m
verify	Importar los recursos del proyecto	2026-10-09T07:49:54.1941231Z [  92% ] ^[[90m^[[1mupdate_scripts_classes^[[22m | ^[[39m^[[0m
verify	Importar los recursos del proyecto	2026-10-09T07:49:54.1941439Z [  92% ] ^[[90m^[[1mupdate_scripts_classes^[[22m | ^[[39m^[[0m
verify	Importar los recursos del proyecto	2026-10-09T07:49:54.1941646Z [  92% ] ^[[90m^[[1mupdate_scripts_classes^[[22m | ^[[39m^[[0m
verify	Importar los recursos del proyecto	2026-10-09T07:49:54.1941921Z [  92% ] ^[[90m^[[1mupdate_scripts_classes^[[22m | ^[[39m^[[0m
verify	Importar los recursos del proyecto	2026-10-09T07:49:54.1942241Z [  93% ] ^[[90m^[[1mupdate_scripts_classes^[[22m | ^[[39m^[[0m
verify	Importar los recursos del proyecto	2026-10-09T07:49:54.1942451Z [  93% ] ^[[90m^[[1mupdate_scripts_classes^[[22m | ^[[39m^[[0m
verify	Importar los recursos del proyecto	2026-10-09T07:49:54.1942666Z [  93% ] ^[[90m^[[1mupdate_scripts_classes^[[22m | ^[[39m^[[0m
verify	Importar los recursos del proyecto	2026-10-09T07:49:54.1942874Z [  93% ] ^[[90m^[[1mupdate_scripts_classes^[[22m | ^[[39m^[[0m
verify	Importar los recursos del proyecto	2026-10-09T07:49:54.1943178Z [  93% ] ^[[90m^[[1mupdate_scripts_classes^[[22m | ^[[39m^[[0m
verify	Importar los recursos del proyecto	2026-10-09T07:49:54.1943476Z [  93% ] ^[[90m^[[1mupdate_scripts_classes^[[22m | ^[[39m^[[0m
verify	Importar los recursos del proyecto	2026-10-09T07:49:54.1943683Z [  94% ] ^[[90m^[[1mupdate_scripts_classes^[[22m | ^[[39m^[[0m
verify	Importar los recursos del proyecto	2026-10-09T07:49:54.1943889Z [  94% ] ^[[90m^[[1mupdate_scripts_classes^[[22m | ^[[39m^[[0m
verify	Importar los recursos del proyecto	2026-10-09T07:49:54.1944095Z [  94% ] ^[[90m^[[1mupdate_scripts_classes^[[22m | ^[[39m^[[0m
verify	Importar los recursos del proyecto	2026-10-09T07:49:54.1944442Z [  94% ] ^[[90m^[[1mupdate_scripts_classes^[[22m | ^[[39m^[[0m
verify	Importar los recursos del proyecto	2026-10-09T07:49:54.1944695Z [  94% ] ^[[90m^[[1mupdate_scripts_classes^[[22m | ^[[39m^[[0m
verify	Importar los recursos del proyecto	2026-10-09T07:49:54.1944903Z [  94% ] ^[[90m^[[1mupdate_scripts_classes^[[22m | ^[[39m^[[0m
verify	Importar los recursos del proyecto	2026-10-09T07:49:54.1945233Z [  95% ] ^[[90m^[[1mupdate_scripts_classes^[[22m | ^[[39m^[[0m
verify	Importar los recursos del proyecto	2026-10-09T07:49:54.1945483Z [  95% ] ^[[90m^[[1mupdate_scripts_classes^[[22m | ^[[39m^[[0m
verify	Importar los recursos del proyecto	2026-10-09T07:49:54.1945891Z [  95% ] ^[[90m^[[1mupdate_scripts_classes^[[22m | ^[[39m^[[0m
verify	Importar los recursos del proyecto	2026-10-09T07:49:54.1946100Z [  95% ] ^[[90m^[[1mupdate_scripts_classes^[[22m | ^[[39m^[[0m
verify	Importar los recursos del proyecto	2026-10-09T07:49:54.1946310Z [  95% ] ^[[90m^[[1mupdate_scripts_classes^[[22m | ^[[39m^[[0m
verify	Importar los recursos del proyecto	2026-10-09T07:49:54.1946625Z [  95% ] ^[[90m^[[1mupdate_scripts_classes^[[22m | ^[[39m^[[0m
verify	Importar los recursos del proyecto	2026-10-09T07:49:54.1946984Z [  95% ] ^[[90m^[[1mupdate_scripts_classes^[[22m | ^[[39m^[[0m
verify	Importar los recursos del proyecto	2026-10-09T07:49:54.1947197Z [  96% ] ^[[90m^[[1mupdate_scripts_classes^[[22m | ^[[39m^[[0m
verify	Importar los recursos del proyecto	2026-10-09T07:49:54.1947406Z [  96% ] ^[[90m^[[1mupdate_scripts_classes^[[22m | ^[[39m^[[0m
verify	Importar los recursos del proyecto	2026-10-09T07:49:54.1947614Z [  96% ] ^[[90m^[[1mupdate_scripts_classes^[[22m | ^[[39m^[[0m
verify	Importar los recursos del proyecto	2026-10-09T07:49:54.1947902Z [  96% ] ^[[90m^[[1mupdate_scripts_classes^[[22m | ^[[39m^[[0m
verify	Importar los recursos del proyecto	2026-10-09T07:49:54.1948206Z [  96% ] ^[[90m^[[1mupdate_scripts_classes^[[22m | ^[[39m^[[0m
verify	Importar los recursos del proyecto	2026-10-09T07:49:54.1948416Z [  96% ] ^[[90m^[[1mupdate_scripts_classes^[[22m | ^[[39m^[[0m
verify	Importar los recursos del proyecto	2026-10-09T07:49:54.1948623Z [  97% ] ^[[90m^[[1mupdate_scripts_classes^[[22m | ^[[39m^[[0m
verify	Importar los recursos del proyecto	2026-10-09T07:49:54.1948835Z [  97% ] ^[[90m^[[1mupdate_scripts_classes^[[22m | ^[[39m^[[0m
verify	Importar los recursos del proyecto	2026-10-09T07:49:54.1949167Z [  97% ] ^[[90m^[[1mupdate_scripts_classes^[[22m | ^[[39m^[[0m
verify	Importar los recursos del proyecto	2026-10-09T07:49:54.1949432Z [  97% ] ^[[90m^[[1mupdate_scripts_classes^[[22m | ^[[39m^[[0m
verify	Importar los recursos del proyecto	2026-10-09T07:49:54.1949642Z [  97% ] ^[[90m^[[1mupdate_scripts_classes^[[22m | ^[[39m^[[0m
verify	Importar los recursos del proyecto	2026-10-09T07:49:54.1949851Z [  97% ] ^[[90m^[[1mupdate_scripts_classes^[[22m | ^[[39m^[[0m
verify	Importar los recursos del proyecto	2026-10-09T07:49:54.1950058Z [  97% ] ^[[90m^[[1mupdate_scripts_classes^[[22m | ^[[39m^[[0m
verify	Importar los recursos del proyecto	2026-10-09T07:49:54.1950450Z [  98% ] ^[[90m^[[1mupdate_scripts_classes^[[22m | ^[[39m^[[0m
verify	Importar los recursos del proyecto	2026-10-09T07:49:54.1950660Z [  98% ] ^[[90m^[[1mupdate_scripts_classes^[[22m | ^[[39m^[[0m
verify	Importar los recursos del proyecto	2026-10-09T07:49:54.1950869Z [  98% ] ^[[90m^[[1mupdate_scripts_classes^[[22m | ^[[39m^[[0m
verify	Importar los recursos del proyecto	2026-10-09T07:49:54.1951077Z [  98% ] ^[[90m^[[1mupdate_scripts_classes^[[22m | ^[[39m^[[0m
verify	Importar los recursos del proyecto	2026-10-09T07:49:54.1951351Z [  98% ] ^[[90m^[[1mupdate_scripts_classes^[[22m | ^[[39m^[[0m
verify	Importar los recursos del proyecto	2026-10-09T07:49:54.1951676Z [  98% ] ^[[90m^[[1mupdate_scripts_classes^[[22m | ^[[39m^[[0m
verify	Importar los recursos del proyecto	2026-10-09T07:49:54.1951884Z [  99% ] ^[[90m^[[1mupdate_scripts_classes^[[22m | ^[[39m^[[0m
verify	Importar los recursos del proyecto	2026-10-09T07:49:54.1952091Z [  99% ] ^[[90m^[[1mupdate_scripts_classes^[[22m | ^[[39m^[[0m
verify	Importar los recursos del proyecto	2026-10-09T07:49:54.1952299Z [  99% ] ^[[90m^[[1mupdate_scripts_classes^[[22m | ^[[39m^[[0m
verify	Importar los recursos del proyecto	2026-10-09T07:49:54.1952642Z [  99% ] ^[[90m^[[1mupdate_scripts_classes^[[22m | ^[[39m^[[0m
verify	Importar los recursos del proyecto	2026-10-09T07:49:54.1952897Z [  99% ] ^[[90m^[[1mupdate_scripts_classes^[[22m | ^[[39m^[[0m
verify	Importar los recursos del proyecto	2026-10-09T07:49:54.1953105Z ^[[92m[ DONE ]^[[39m ^[[1mupdate_scripts_classes^[[22m
verify	Importar los recursos del proyecto	2026-10-09T07:49:54.1953276Z ^[[0m
verify	Importar los recursos del proyecto	2026-10-09T07:49:54.1953508Z [   0% ] ^[[90m^[[1m_update_scan_actions^[[22m | Started Scanning actions... (213 steps)^[[39m^[[0m
verify	Importar los recursos del proyecto	2026-10-09T07:49:54.1953992Z [   0% ] ^[[90m^[[1m_update_scan_actions^[[22m | touch-button.png^[[39m^[[0m
verify	Importar los recursos del proyecto	2026-10-09T07:49:54.1954237Z [   0% ] ^[[90m^[[1m_update_scan_actions^[[22m | logo.png^[[39m^[[0m
verify	Importar los recursos del proyecto	2026-10-09T07:49:54.1954485Z [   0% ] ^[[90m^[[1m_update_scan_actions^[[22m | border_bottom.png^[[39m^[[0m
verify	Importar los recursos del proyecto	2026-10-09T07:49:54.1954798Z [   1% ] ^[[90m^[[1m_update_scan_actions^[[22m | border_top.png^[[39m^[[0m
verify	Importar los recursos del proyecto	2026-10-09T07:49:54.1955196Z [   1% ] ^[[90m^[[1m_update_scan_actions^[[22m | dot1.png^[[39m^[[0m
verify	Importar los recursos del proyecto	2026-10-09T07:49:54.1955426Z [   2% ] ^[[90m^[[1m_update_scan_actions^[[22m | dot2.png^[[39m^[[0m
verify	Importar los recursos del proyecto	2026-10-09T07:49:54.1955668Z [   2% ] ^[[90m^[[1m_update_scan_actions^[[22m | embedded.png^[[39m^[[0m
verify	Importar los recursos del proyecto	2026-10-09T07:49:54.1955927Z [   3% ] ^[[90m^[[1m_update_scan_actions^[[22m | horizontal-line2.png^[[39m^[[0m
verify	Importar los recursos del proyecto	2026-10-09T07:49:54.1956354Z [   3% ] ^[[90m^[[1m_update_scan_actions^[[22m | AMB_PROXIMIDAD_Neon.ogg^[[39m^[[0m
verify	Importar los recursos del proyecto	2026-10-09T07:49:54.1956619Z [   4% ] ^[[90m^[[1m_update_scan_actions^[[22m | MUS_Tema1.ogg^[[39m^[[0m
verify	Importar los recursos del proyecto	2026-10-09T07:49:54.1956898Z [   4% ] ^[[90m^[[1m_update_scan_actions^[[22m | SFX_EVENTO_CompraRealizada.wav^[[39m^[[0m
verify	Importar los recursos del proyecto	2026-10-09T07:49:54.1957277Z [   5% ] ^[[90m^[[1m_update_scan_actions^[[22m | SFX_EVENTO_FinJornada.wav^[[39m^[[0m
verify	Importar los recursos del proyecto	2026-10-09T07:49:54.1957630Z [   5% ] ^[[90m^[[1m_update_scan_actions^[[22m | SFX_EVENTO_Timbre.wav^[[39m^[[0m
verify	Importar los recursos del proyecto	2026-10-09T07:49:54.1958027Z [   6% ] ^[[90m^[[1m_update_scan_actions^[[22m | SFX_INTERFAZ_Celular_Mensaje_A.wav^[[39m^[[0m
verify	Importar los recursos del proyecto	2026-10-09T07:49:54.1958403Z [   6% ] ^[[90m^[[1m_update_scan_actions^[[22m | SFX_INTERFAZ_Celular_Mensaje_B.wav^[[39m^[[0m
verify	Importar los recursos del proyecto	2026-10-09T07:49:54.1958813Z [   7% ] ^[[90m^[[1m_update_scan_actions^[[22m | SFX_INTERFAZ_Computadora_Boton.wav^[[39m^[[0m
verify	Importar los recursos del proyecto	2026-10-09T07:49:54.1959225Z [   7% ] ^[[90m^[[1m_update_scan_actions^[[22m | SFX_INTERFAZ_Computadora_Imprimir.wav^[[39m^[[0m
verify	Importar los recursos del proyecto	2026-10-09T07:49:54.1959609Z [   7% ] ^[[90m^[[1m_update_scan_actions^[[22m | SFX_NOLEV_Basura_SacarBolsa.wav^[[39m^[[0m
verify	Importar los recursos del proyecto	2026-10-09T07:49:54.1959992Z [   8% ] ^[[90m^[[1m_update_scan_actions^[[22m | SFX_NOLEV_Lector_Error.wav^[[39m^[[0m
verify	Importar los recursos del proyecto	2026-10-09T07:49:54.1960289Z [   8% ] ^[[90m^[[1m_update_scan_actions^[[22m | SFX_NOLEV_Lector_Escanear.wav^[[39m^[[0m
verify	Importar los recursos del proyecto	2026-10-09T07:49:54.1960582Z [   9% ] ^[[90m^[[1m_update_scan_actions^[[22m | SFX_NOLEV_Puerta_Abrir.wav^[[39m^[[0m
verify	Importar los recursos del proyecto	2026-10-09T07:49:54.1961015Z [   9% ] ^[[90m^[[1m_update_scan_actions^[[22m | SFX_NOLEV_Puerta_Cerrar.wav^[[39m^[[0m
verify	Importar los recursos del proyecto	2026-10-09T07:49:54.1961326Z [  10% ] ^[[90m^[[1m_update_scan_actions^[[22m | SFX_NOLEV_Puerta_Garage.wav^[[39m^[[0m
verify	Importar los recursos del proyecto	2026-10-09T07:49:54.1961618Z [  10% ] ^[[90m^[[1m_update_scan_actions^[[22m | SFX_NOLEV_Puerta_NoAbre.wav^[[39m^[[0m
verify	Importar los recursos del proyecto	2026-10-09T07:49:54.1961989Z [  11% ] ^[[90m^[[1m_update_scan_actions^[[22m | SFX_OBJETO_Balde_Alzar.wav^[[39m^[[0m
verify	Importar los recursos del proyecto	2026-10-09T07:49:54.1962359Z [  11% ] ^[[90m^[[1m_update_scan_actions^[[22m | SFX_OBJETO_Balde_Dejar.wav^[[39m^[[0m
verify	Importar los recursos del proyecto	2026-10-09T07:49:54.1962650Z [  12% ] ^[[90m^[[1m_update_scan_actions^[[22m | SFX_OBJETO_Balde_Llenar.wav^[[39m^[[0m
verify	Importar los recursos del proyecto	2026-10-09T07:49:54.1962937Z [  12% ] ^[[90m^[[1m_update_scan_actions^[[22m | SFX_OBJETO_Balde_Vaciar.wav^[[39m^[[0m
verify	Importar los recursos del proyecto	2026-10-09T07:49:54.1963375Z [  13% ] ^[[90m^[[1m_update_scan_actions^[[22m | SFX_OBJETO_Bolsa_Alzar.wav^[[39m^[[0m
verify	Importar los recursos del proyecto	2026-10-09T07:49:54.1963687Z [  13% ] ^[[90m^[[1m_update_scan_actions^[[22m | SFX_OBJETO_BotellaPlastica_Alzar.wav^[[39m^[[0m
verify	Importar los recursos del proyecto	2026-10-09T07:49:54.1964020Z [  14% ] ^[[90m^[[1m_update_scan_actions^[[22m | SFX_OBJETO_BotellaPlastica_Dejar.wav^[[39m^[[0m
verify	Importar los recursos del proyecto	2026-10-09T07:49:54.1964438Z [  14% ] ^[[90m^[[1m_update_scan_actions^[[22m | SFX_OBJETO_Cajita_Alzar.wav^[[39m^[[0m
verify	Importar los recursos del proyecto	2026-10-09T07:49:54.1964772Z [  14% ] ^[[90m^[[1m_update_scan_actions^[[22m | SFX_OBJETO_Cajita_Dejar.wav^[[39m^[[0m
verify	Importar los recursos del proyecto	2026-10-09T07:49:54.1965247Z [  15% ] ^[[90m^[[1m_update_scan_actions^[[22m | SFX_OBJETO_EnvoltorioPlastico_Alzar.wav^[[39m^[[0m
verify	Importar los recursos del proyecto	2026-10-09T07:49:54.1966025Z [  15% ] ^[[90m^[[1m_update_scan_actions^[[22m | SFX_OBJETO_EnvoltorioPlastico_Dejar.wav^[[39m^[[0m
verify	Importar los recursos del proyecto	2026-10-09T07:49:54.1966448Z [  16% ] ^[[90m^[[1m_update_scan_actions^[[22m | SFX_OBJETO_Jabon_VertirEnBalde.wav^[[39m^[[0m
verify	Importar los recursos del proyecto	2026-10-09T07:49:54.1966999Z [  16% ] ^[[90m^[[1m_update_scan_actions^[[22m | SFX_OBJETO_Lata_Alzar.wav^[[39m^[[0m
verify	Importar los recursos del proyecto	2026-10-09T07:49:54.1967429Z [  17% ] ^[[90m^[[1m_update_scan_actions^[[22m | SFX_OBJETO_Lata_Dejar.wav^[[39m^[[0m
verify	Importar los recursos del proyecto	2026-10-09T07:49:54.1967795Z [  17% ] ^[[90m^[[1m_update_scan_actions^[[22m | SFX_OBJETO_Mopa_Alzar.wav^[[39m^[[0m
verify	Importar los recursos del proyecto	2026-10-09T07:49:54.1968406Z [  18% ] ^[[90m^[[1m_update_scan_actions^[[22m | SFX_OBJETO_Mopa_DejarYLimpiar.wav^[[39m^[[0m
verify	Importar los recursos del proyecto	2026-10-09T07:49:54.1968815Z [  18% ] ^[[90m^[[1m_update_scan_actions^[[22m | SFX_OBJETO_Mopa_MojarEnBalde.wav^[[39m^[[0m
verify	Importar los recursos del proyecto	2026-10-09T07:49:54.1969402Z [  19% ] ^[[90m^[[1m_update_scan_actions^[[22m | SFX_OBJETO_Papel_Alzar.wav^[[39m^[[0m
verify	Importar los recursos del proyecto	2026-10-09T07:49:54.1969808Z [  19% ] ^[[90m^[[1m_update_scan_actions^[[22m | SFX_OBJETO_Papel_Dejar.wav^[[39m^[[0m
verify	Importar los recursos del proyecto	2026-10-09T07:49:54.1970170Z [  20% ] ^[[90m^[[1m_update_scan_actions^[[22m | SFX_PERSONAJE_Paso1.wav^[[39m^[[0m
verify	Importar los recursos del proyecto	2026-10-09T07:49:54.1970689Z [  20% ] ^[[90m^[[1m_update_scan_actions^[[22m | SFX_PERSONAJE_Paso2.wav^[[39m^[[0m
verify	Importar los recursos del proyecto	2026-10-09T07:49:54.1971112Z [  21% ] ^[[90m^[[1m_update_scan_actions^[[22m | SFX_PERSONAJE_Paso3.wav^[[39m^[[0m
verify	Importar los recursos del proyecto	2026-10-09T07:49:54.1979098Z [  21% ] ^[[90m^[[1m_update_scan_actions^[[22m | SFX_PERSONAJE_Paso4.wav^[[39m^[[0m
verify	Importar los recursos del proyecto	2026-10-09T07:49:54.1979506Z [  21% ] ^[[90m^[[1m_update_scan_actions^[[22m | SFX_PERSONAJE_Pasos.wav^[[39m^[[0m
verify	Importar los recursos del proyecto	2026-10-09T07:49:54.1979862Z [  22% ] ^[[90m^[[1m_update_scan_actions^[[22m | actroncito.png^[[39m^[[0m
verify	Importar los recursos del proyecto	2026-10-09T07:49:54.1980256Z [  22% ] ^[[90m^[[1m_update_scan_actions^[[22m | amargadito.png^[[39m^[[0m
verify	Importar los recursos del proyecto	2026-10-09T07:49:54.1980510Z [  23% ] ^[[90m^[[1m_update_scan_actions^[[22m | burbaloo.png^[[39m^[[0m
verify	Importar los recursos del proyecto	2026-10-09T07:49:54.1980922Z [  23% ] ^[[90m^[[1m_update_scan_actions^[[22m | cindolor.png^[[39m^[[0m
verify	Importar los recursos del proyecto	2026-10-09T07:49:54.1981300Z [  24% ] ^[[90m^[[1m_update_scan_actions^[[22m | cosa_de_mani.png^[[39m^[[0m
verify	Importar los recursos del proyecto	2026-10-09T07:49:54.1981558Z [  24% ] ^[[90m^[[1m_update_scan_actions^[[22m | donsaturados.png^[[39m^[[0m
verify	Importar los recursos del proyecto	2026-10-09T07:49:54.1981856Z [  25% ] ^[[90m^[[1m_update_scan_actions^[[22m | durextra.png^[[39m^[[0m
verify	Importar los recursos del proyecto	2026-10-09T07:49:54.1982226Z [  25% ] ^[[90m^[[1m_update_scan_actions^[[22m | duronga.png^[[39m^[[0m
verify	Importar los recursos del proyecto	2026-10-09T07:49:54.1982477Z [  26% ] ^[[90m^[[1m_update_scan_actions^[[22m | fernet_god.png^[[39m^[[0m
verify	Importar los recursos del proyecto	2026-10-09T07:49:54.1982725Z [  26% ] ^[[90m^[[1m_update_scan_actions^[[22m | flinpuf.png^[[39m^[[0m
verify	Importar los recursos del proyecto	2026-10-09T07:49:54.1983034Z [  27% ] ^[[90m^[[1m_update_scan_actions^[[22m | frotlups.png^[[39m^[[0m
verify	Importar los recursos del proyecto	2026-10-09T07:49:54.1983395Z [  27% ] ^[[90m^[[1m_update_scan_actions^[[22m | jorgillo.png^[[39m^[[0m
verify	Importar los recursos del proyecto	2026-10-09T07:49:54.1983640Z [  28% ] ^[[90m^[[1m_update_scan_actions^[[22m | laysntt.png^[[39m^[[0m
verify	Importar los recursos del proyecto	2026-10-09T07:49:54.1983882Z [  28% ] ^[[90m^[[1m_update_scan_actions^[[22m | macumbas.png^[[39m^[[0m
verify	Importar los recursos del proyecto	2026-10-09T07:49:54.1984198Z [  28% ] ^[[90m^[[1m_update_scan_actions^[[22m | mayonchis.png^[[39m^[[0m
verify	Importar los recursos del proyecto	2026-10-09T07:49:54.1984554Z [  29% ] ^[[90m^[[1m_update_scan_actions^[[22m | oaaaa.png^[[39m^[[0m
verify	Importar los recursos del proyecto	2026-10-09T07:49:54.1984795Z [  29% ] ^[[90m^[[1m_update_scan_actions^[[22m | petisas.png^[[39m^[[0m
verify	Importar los recursos del proyecto	2026-10-09T07:49:54.1985185Z [  30% ] ^[[90m^[[1m_update_scan_actions^[[22m | terminator.png^[[39m^[[0m
verify	Importar los recursos del proyecto	2026-10-09T07:49:54.1985560Z [  30% ] ^[[90m^[[1m_update_scan_actions^[[22m | zucarachas.png^[[39m^[[0m
verify	Importar los recursos del proyecto	2026-10-09T07:49:54.1985890Z [  31% ] ^[[90m^[[1m_update_scan_actions^[[22m | canopy_without_lamp.png^[[39m^[[0m
verify	Importar los recursos del proyecto	2026-10-09T07:49:54.1986193Z [  31% ] ^[[90m^[[1m_update_scan_actions^[[22m | estacion_fondo_sin_objetos.png^[[39m^[[0m
verify	Importar los recursos del proyecto	2026-10-09T07:49:54.1986556Z [  32% ] ^[[90m^[[1m_update_scan_actions^[[22m | estacion_panoramica_gemini.jpg^[[39m^[[0m
verify	Importar los recursos del proyecto	2026-10-09T07:49:54.1986973Z [  32% ] ^[[90m^[[1m_update_scan_actions^[[22m | vidrio_marcas.png^[[39m^[[0m
verify	Importar los recursos del proyecto	2026-10-09T07:49:54.1987257Z [  33% ] ^[[90m^[[1m_update_scan_actions^[[22m | SEPT_JUEGOS_PROTOTIPO.glb^[[39m^[[0m
verify	Importar los recursos del proyecto	2026-10-09T07:49:54.1987594Z [  33% ] ^[[90m^[[1m_update_scan_actions^[[22m | SEPT_JUEGOS_PROTOTIPO_Actroncito completo.png^[[39m^[[0m
verify	Importar los recursos del proyecto	2026-10-09T07:49:54.1988144Z [  34% ] ^[[90m^[[1m_update_scan_actions^[[22m | SEPT_JUEGOS_PROTOTIPO_amargadito completo.png^[[39m^[[0m
verify	Importar los recursos del proyecto	2026-10-09T07:49:54.1988481Z [  34% ] ^[[90m^[[1m_update_scan_actions^[[22m | SEPT_JUEGOS_PROTOTIPO_arvecor.png^[[39m^[[0m
verify	Importar los recursos del proyecto	2026-10-09T07:49:54.1988838Z [  35% ] ^[[90m^[[1m_update_scan_actions^[[22m | SEPT_JUEGOS_PROTOTIPO_atun marranos.png^[[39m^[[0m
verify	Importar los recursos del proyecto	2026-10-09T07:49:54.1989369Z [  35% ] ^[[90m^[[1m_update_scan_actions^[[22m | SEPT_JUEGOS_PROTOTIPO_bano_ivory_oscuro_color.png^[[39m^[[0m
verify	Importar los recursos del proyecto	2026-10-09T07:49:54.1989755Z [  35% ] ^[[90m^[[1m_update_scan_actions^[[22m | SEPT_JUEGOS_PROTOTIPO_bano_ivory_oscuro_normal.png^[[39m^[[0m
verify	Importar los recursos del proyecto	2026-10-09T07:49:54.1990268Z [  36% ] ^[[90m^[[1m_update_scan_actions^[[22m | SEPT_JUEGOS_PROTOTIPO_bano_ivory_oscuro_orm.png^[[39m^[[0m
verify	Importar los recursos del proyecto	2026-10-09T07:49:54.1990687Z [  36% ] ^[[90m^[[1m_update_scan_actions^[[22m | SEPT_JUEGOS_PROTOTIPO_bano_piso_gris.png^[[39m^[[0m
verify	Importar los recursos del proyecto	2026-10-09T07:49:54.1991056Z [  37% ] ^[[90m^[[1m_update_scan_actions^[[22m | SEPT_JUEGOS_PROTOTIPO_Bricks066_1K-JPG_Color.jpg^[[39m^[[0m
verify	Importar los recursos del proyecto	2026-10-09T07:49:54.1991623Z [  37% ] ^[[90m^[[1m_update_scan_actions^[[22m | SEPT_JUEGOS_PROTOTIPO_Bricks066_1K-JPG_NormalGL.jpg^[[39m^[[0m
verify	Importar los recursos del proyecto	2026-10-09T07:49:54.1992018Z [  38% ] ^[[90m^[[1m_update_scan_actions^[[22m | SEPT_JUEGOS_PROTOTIPO_Bricks066_1K-JPG_Roughness.png^[[39m^[[0m
verify	Importar los recursos del proyecto	2026-10-09T07:49:54.1992496Z [  38% ] ^[[90m^[[1m_update_scan_actions^[[22m | SEPT_JUEGOS_PROTOTIPO_Burbaloo completo_1.png^[[39m^[[0m
verify	Importar los recursos del proyecto	2026-10-09T07:49:54.1992943Z [  39% ] ^[[90m^[[1m_update_scan_actions^[[22m | SEPT_JUEGOS_PROTOTIPO_caja luz exterior.png^[[39m^[[0m
verify	Importar los recursos del proyecto	2026-10-09T07:49:54.1993297Z [  39% ] ^[[90m^[[1m_update_scan_actions^[[22m | SEPT_JUEGOS_PROTOTIPO_caja luz interior.png^[[39m^[[0m
verify	Importar los recursos del proyecto	2026-10-09T07:49:54.1993916Z [  40% ] ^[[90m^[[1m_update_scan_actions^[[22m | SEPT_JUEGOS_PROTOTIPO_caja.png^[[39m^[[0m
verify	Importar los recursos del proyecto	2026-10-09T07:49:54.1994247Z [  40% ] ^[[90m^[[1m_update_scan_actions^[[22m | SEPT_JUEGOS_PROTOTIPO_cereal textura.png^[[39m^[[0m
verify	Importar los recursos del proyecto	2026-10-09T07:49:54.1994734Z [  41% ] ^[[90m^[[1m_update_scan_actions^[[22m | SEPT_JUEGOS_PROTOTIPO_chisito.png^[[39m^[[0m
verify	Importar los recursos del proyecto	2026-10-09T07:49:54.1995305Z [  41% ] ^[[90m^[[1m_update_scan_actions^[[22m | SEPT_JUEGOS_PROTOTIPO_cielorraso_emision.png^[[39m^[[0m
verify	Importar los recursos del proyecto	2026-10-09T07:49:54.1995663Z [  42% ] ^[[90m^[[1m_update_scan_actions^[[22m | SEPT_JUEGOS_PROTOTIPO_cielorraso_placas.png^[[39m^[[0m
verify	Importar los recursos del proyecto	2026-10-09T07:49:54.1996196Z [  42% ] ^[[90m^[[1m_update_scan_actions^[[22m | SEPT_JUEGOS_PROTOTIPO_cielorraso_sin_luces.png^[[39m^[[0m
verify	Importar los recursos del proyecto	2026-10-09T07:49:54.1996563Z [  42% ] ^[[90m^[[1m_update_scan_actions^[[22m | SEPT_JUEGOS_PROTOTIPO_cindolor completo.png^[[39m^[[0m
verify	Importar los recursos del proyecto	2026-10-09T07:49:54.1996920Z [  43% ] ^[[90m^[[1m_update_scan_actions^[[22m | SEPT_JUEGOS_PROTOTIPO_compu normals.png^[[39m^[[0m
verify	Importar los recursos del proyecto	2026-10-09T07:49:54.1997492Z [  43% ] ^[[90m^[[1m_update_scan_actions^[[22m | SEPT_JUEGOS_PROTOTIPO_concrete_floor_worn_001_rough_1k.png^[[39m^[[0m
verify	Importar los recursos del proyecto	2026-10-09T07:49:54.1997881Z [  44% ] ^[[90m^[[1m_update_scan_actions^[[22m | SEPT_JUEGOS_PROTOTIPO_concreto2_baseColor.png^[[39m^[[0m
verify	Importar los recursos del proyecto	2026-10-09T07:49:54.1998336Z [  44% ] ^[[90m^[[1m_update_scan_actions^[[22m | SEPT_JUEGOS_PROTOTIPO_cora cola.png^[[39m^[[0m
verify	Importar los recursos del proyecto	2026-10-09T07:49:54.1998787Z [  45% ] ^[[90m^[[1m_update_scan_actions^[[22m | SEPT_JUEGOS_PROTOTIPO_corrugated_iron_02_diff_1k.jpg^[[39m^[[0m
verify	Importar los recursos del proyecto	2026-10-09T07:49:54.1999246Z [  45% ] ^[[90m^[[1m_update_scan_actions^[[22m | SEPT_JUEGOS_PROTOTIPO_corrugated_iron_02_metal_1k-corrugated_iron_02_rough_1k.png^[[39m^[[0m
verify	Importar los recursos del proyecto	2026-10-09T07:49:54.1999881Z [  46% ] ^[[90m^[[1m_update_scan_actions^[[22m | SEPT_JUEGOS_PROTOTIPO_corrugated_iron_02_nor_gl_1k.png^[[39m^[[0m
verify	Importar los recursos del proyecto	2026-10-09T07:49:54.2000263Z [  46% ] ^[[90m^[[1m_update_scan_actions^[[22m | SEPT_JUEGOS_PROTOTIPO_cosa de mani interno.png^[[39m^[[0m
verify	Importar los recursos del proyecto	2026-10-09T07:49:54.2000818Z [  47% ] ^[[90m^[[1m_update_scan_actions^[[22m | SEPT_JUEGOS_PROTOTIPO_deposito_concreto_color.png^[[39m^[[0m
verify	Importar los recursos del proyecto	2026-10-09T07:49:54.2001203Z [  47% ] ^[[90m^[[1m_update_scan_actions^[[22m | SEPT_JUEGOS_PROTOTIPO_deposito_concreto_normal.png^[[39m^[[0m
verify	Importar los recursos del proyecto	2026-10-09T07:49:54.2001660Z [  48% ] ^[[90m^[[1m_update_scan_actions^[[22m | SEPT_JUEGOS_PROTOTIPO_deposito_contenedor_cuerpo_color.png^[[39m^[[0m
verify	Importar los recursos del proyecto	2026-10-09T07:49:54.2002211Z [  48% ] ^[[90m^[[1m_update_scan_actions^[[22m | SEPT_JUEGOS_PROTOTIPO_deposito_contenedor_cuerpo_normal.png^[[39m^[[0m
verify	Importar los recursos del proyecto	2026-10-09T07:49:54.2002638Z [  49% ] ^[[90m^[[1m_update_scan_actions^[[22m | SEPT_JUEGOS_PROTOTIPO_deposito_contenedor_cuerpo_roughness.png^[[39m^[[0m
verify	Importar los recursos del proyecto	2026-10-09T07:49:54.2003246Z [  49% ] ^[[90m^[[1m_update_scan_actions^[[22m | SEPT_JUEGOS_PROTOTIPO_deposito_contenedor_ruedas_normal.png^[[39m^[[0m
verify	Importar los recursos del proyecto	2026-10-09T07:49:54.2003661Z [  50% ] ^[[90m^[[1m_update_scan_actions^[[22m | SEPT_JUEGOS_PROTOTIPO_deposito_contenedor_tapa_color.png^[[39m^[[0m
verify	Importar los recursos del proyecto	2026-10-09T07:49:54.2004250Z [  50% ] ^[[90m^[[1m_update_scan_actions^[[22m | SEPT_JUEGOS_PROTOTIPO_deposito_contenedor_tapa_normal.png^[[39m^[[0m
verify	Importar los recursos del proyecto	2026-10-09T07:49:54.2004671Z [  50% ] ^[[90m^[[1m_update_scan_actions^[[22m | SEPT_JUEGOS_PROTOTIPO_deposito_contenedor_tapa_roughness.png^[[39m^[[0m
verify	Importar los recursos del proyecto	2026-10-09T07:49:54.2005196Z [  51% ] ^[[90m^[[1m_update_scan_actions^[[22m | SEPT_JUEGOS_PROTOTIPO_Don Saturados completo.png^[[39m^[[0m
verify	Importar los recursos del proyecto	2026-10-09T07:49:54.2005666Z [  51% ] ^[[90m^[[1m_update_scan_actions^[[22m | SEPT_JUEGOS_PROTOTIPO_Durextra completo_1.png^[[39m^[[0m
verify	Importar los recursos del proyecto	2026-10-09T07:49:54.2006011Z [  52% ] ^[[90m^[[1m_update_scan_actions^[[22m | SEPT_JUEGOS_PROTOTIPO_duronga.png^[[39m^[[0m
verify	Importar los recursos del proyecto	2026-10-09T07:49:54.2006426Z [  52% ] ^[[90m^[[1m_update_scan_actions^[[22m | SEPT_JUEGOS_PROTOTIPO_exterior_nocturno.png^[[39m^[[0m
verify	Importar los recursos del proyecto	2026-10-09T07:49:54.2006854Z [  53% ] ^[[90m^[[1m_update_scan_actions^[[22m | SEPT_JUEGOS_PROTOTIPO_fernetgod textura.png^[[39m^[[0m
verify	Importar los recursos del proyecto	2026-10-09T07:49:54.2007205Z [  53% ] ^[[90m^[[1m_update_scan_actions^[[22m | SEPT_JUEGOS_PROTOTIPO_fideos marolini.png^[[39m^[[0m
verify	Importar los recursos del proyecto	2026-10-09T07:49:54.2007682Z [  54% ] ^[[90m^[[1m_update_scan_actions^[[22m | SEPT_JUEGOS_PROTOTIPO_flim pof completo.png^[[39m^[[0m
verify	Importar los recursos del proyecto	2026-10-09T07:49:54.2008132Z [  54% ] ^[[90m^[[1m_update_scan_actions^[[22m | SEPT_JUEGOS_PROTOTIPO_frot lups.png^[[39m^[[0m
verify	Importar los recursos del proyecto	2026-10-09T07:49:54.2008519Z [  55% ] ^[[90m^[[1m_update_scan_actions^[[22m | SEPT_JUEGOS_PROTOTIPO_gondola_chapa_blanca_512_basecolor.png^[[39m^[[0m
verify	Importar los recursos del proyecto	2026-10-09T07:49:54.2009159Z [  55% ] ^[[90m^[[1m_update_scan_actions^[[22m | SEPT_JUEGOS_PROTOTIPO_gondola_panel_blanca_1024_basecolor.png^[[39m^[[0m
verify	Importar los recursos del proyecto	2026-10-09T07:49:54.2009576Z [  56% ] ^[[90m^[[1m_update_scan_actions^[[22m | SEPT_JUEGOS_PROTOTIPO_gondola_portaprecio_basecolor.png^[[39m^[[0m
verify	Importar los recursos del proyecto	2026-10-09T07:49:54.2010142Z [  56% ] ^[[90m^[[1m_update_scan_actions^[[22m | SEPT_JUEGOS_PROTOTIPO_Guía de jabones y manchas copy.png^[[39m^[[0m
verify	Importar los recursos del proyecto	2026-10-09T07:49:54.2010539Z [  57% ] ^[[90m^[[1m_update_scan_actions^[[22m | SEPT_JUEGOS_PROTOTIPO_interior_tiles_diff_1k.jpg^[[39m^[[0m
verify	Importar los recursos del proyecto	2026-10-09T07:49:54.2010951Z [  57% ] ^[[90m^[[1m_update_scan_actions^[[22m | SEPT_JUEGOS_PROTOTIPO_jabón liquido.png^[[39m^[[0m
verify	Importar los recursos del proyecto	2026-10-09T07:49:54.2011396Z [  57% ] ^[[90m^[[1m_update_scan_actions^[[22m | SEPT_JUEGOS_PROTOTIPO_jorgillata.png^[[39m^[[0m
verify	Importar los recursos del proyecto	2026-10-09T07:49:54.2011756Z [  58% ] ^[[90m^[[1m_update_scan_actions^[[22m | SEPT_JUEGOS_PROTOTIPO_Lay´snt´t completo_1.png^[[39m^[[0m
verify	Importar los recursos del proyecto	2026-10-09T07:49:54.2012202Z [  58% ] ^[[90m^[[1m_update_scan_actions^[[22m | SEPT_JUEGOS_PROTOTIPO_LIMPIEZA ETIQUETA (1).png^[[39m^[[0m
verify	Importar los recursos del proyecto	2026-10-09T07:49:54.2012648Z [  59% ] ^[[90m^[[1m_update_scan_actions^[[22m | SEPT_JUEGOS_PROTOTIPO_LIMPIEZA ETIQUETA (2).png^[[39m^[[0m
verify	Importar los recursos del proyecto	2026-10-09T07:49:54.2013017Z [  59% ] ^[[90m^[[1m_update_scan_actions^[[22m | SEPT_JUEGOS_PROTOTIPO_LIMPIEZA ETIQUETA (3).png^[[39m^[[0m
verify	Importar los recursos del proyecto	2026-10-09T07:49:54.2013526Z [  60% ] ^[[90m^[[1m_update_scan_actions^[[22m | SEPT_JUEGOS_PROTOTIPO_macumbas completo.png^[[39m^[[0m
verify	Importar los recursos del proyecto	2026-10-09T07:49:54.2013874Z [  60% ] ^[[90m^[[1m_update_scan_actions^[[22m | SEPT_JUEGOS_PROTOTIPO_Material.png^[[39m^[[0m
verify	Importar los recursos del proyecto	2026-10-09T07:49:54.2014205Z [  61% ] ^[[90m^[[1m_update_scan_actions^[[22m | SEPT_JUEGOS_PROTOTIPO_Material_6.png^[[39m^[[0m
verify	Importar los recursos del proyecto	2026-10-09T07:49:54.2014696Z [  61% ] ^[[90m^[[1m_update_scan_actions^[[22m | SEPT_JUEGOS_PROTOTIPO_Material_54.png^[[39m^[[0m
verify	Importar los recursos del proyecto	2026-10-09T07:49:54.2015191Z [  62% ] ^[[90m^[[1m_update_scan_actions^[[22m | SEPT_JUEGOS_PROTOTIPO_Material_55.png^[[39m^[[0m
verify	Importar los recursos del proyecto	2026-10-09T07:49:54.2015523Z [  62% ] ^[[90m^[[1m_update_scan_actions^[[22m | SEPT_JUEGOS_PROTOTIPO_Material_56.png^[[39m^[[0m
verify	Importar los recursos del proyecto	2026-10-09T07:49:54.2016046Z [  63% ] ^[[90m^[[1m_update_scan_actions^[[22m | SEPT_JUEGOS_PROTOTIPO_Material_57.png^[[39m^[[0m
verify	Importar los recursos del proyecto	2026-10-09T07:49:54.2016374Z [  63% ] ^[[90m^[[1m_update_scan_actions^[[22m | SEPT_JUEGOS_PROTOTIPO_Material_58.png^[[39m^[[0m
verify	Importar los recursos del proyecto	2026-10-09T07:49:54.2016705Z [  64% ] ^[[90m^[[1m_update_scan_actions^[[22m | SEPT_JUEGOS_PROTOTIPO_Material_59.png^[[39m^[[0m
verify	Importar los recursos del proyecto	2026-10-09T07:49:54.2017227Z [  64% ] ^[[90m^[[1m_update_scan_actions^[[22m | SEPT_JUEGOS_PROTOTIPO_mayonchis@300x.png^[[39m^[[0m
verify	Importar los recursos del proyecto	2026-10-09T07:49:54.2017569Z [  64% ] ^[[90m^[[1m_update_scan_actions^[[22m | SEPT_JUEGOS_PROTOTIPO_normal nuevo.png^[[39m^[[0m
verify	Importar los recursos del proyecto	2026-10-09T07:49:54.2018035Z [  65% ] ^[[90m^[[1m_update_scan_actions^[[22m | SEPT_JUEGOS_PROTOTIPO_nota baja resolución.png^[[39m^[[0m
verify	Importar los recursos del proyecto	2026-10-09T07:49:54.2018489Z [  65% ] ^[[90m^[[1m_update_scan_actions^[[22m | SEPT_JUEGOS_PROTOTIPO_nota sin texto.png^[[39m^[[0m
verify	Importar los recursos del proyecto	2026-10-09T07:49:54.2018833Z [  66% ] ^[[90m^[[1m_update_scan_actions^[[22m | SEPT_JUEGOS_PROTOTIPO_oaaaa completo.png^[[39m^[[0m
verify	Importar los recursos del proyecto	2026-10-09T07:49:54.2019297Z [  66% ] ^[[90m^[[1m_update_scan_actions^[[22m | SEPT_JUEGOS_PROTOTIPO_oremos.png^[[39m^[[0m
verify	Importar los recursos del proyecto	2026-10-09T07:49:54.2019705Z [  67% ] ^[[90m^[[1m_update_scan_actions^[[22m | SEPT_JUEGOS_PROTOTIPO_painted_plaster_wall_diff_1k.jpg^[[39m^[[0m
verify	Importar los recursos del proyecto	2026-10-09T07:49:54.2020056Z [  67% ] ^[[90m^[[1m_update_scan_actions^[[22m | SEPT_JUEGOS_PROTOTIPO_pepito.png^[[39m^[[0m
verify	Importar los recursos del proyecto	2026-10-09T07:49:54.2020571Z [  68% ] ^[[90m^[[1m_update_scan_actions^[[22m | SEPT_JUEGOS_PROTOTIPO_petisas completo.png^[[39m^[[0m
verify	Importar los recursos del proyecto	2026-10-09T07:49:54.2020919Z [  68% ] ^[[90m^[[1m_update_scan_actions^[[22m | SEPT_JUEGOS_PROTOTIPO_piso_baseColor.png^[[39m^[[0m
verify	Importar los recursos del proyecto	2026-10-09T07:49:54.2021674Z [  69% ] ^[[90m^[[1m_update_scan_actions^[[22m | SEPT_JUEGOS_PROTOTIPO_placa_acustica_basecolor.png^[[39m^[[0m
verify	Importar los recursos del proyecto	2026-10-09T07:49:54.2022774Z [  69% ] ^[[90m^[[1m_update_scan_actions^[[22m | SEPT_JUEGOS_PROTOTIPO_porcelana_atlas.png^[[39m^[[0m
verify	Importar los recursos del proyecto	2026-10-09T07:49:54.2024004Z [  70% ] ^[[90m^[[1m_update_scan_actions^[[22m | SEPT_JUEGOS_PROTOTIPO_progres.png^[[39m^[[0m
verify	Importar los recursos del proyecto	2026-10-09T07:49:54.2025175Z [  70% ] ^[[90m^[[1m_update_scan_actions^[[22m | SEPT_JUEGOS_PROTOTIPO_puchos.png^[[39m^[[0m
verify	Importar los recursos del proyecto	2026-10-09T07:49:54.2026382Z [  71% ] ^[[90m^[[1m_update_scan_actions^[[22m | SEPT_JUEGOS_PROTOTIPO_puerta textura.png^[[39m^[[0m
verify	Importar los recursos del proyecto	2026-10-09T07:49:54.2027510Z [  71% ] ^[[90m^[[1m_update_scan_actions^[[22m | SEPT_JUEGOS_PROTOTIPO_rejilla_bano.png^[[39m^[[0m
verify	Importar los recursos del proyecto	2026-10-09T07:49:54.2028642Z [  71% ] ^[[90m^[[1m_update_scan_actions^[[22m | SEPT_JUEGOS_PROTOTIPO_reloj.png^[[39m^[[0m
verify	Importar los recursos del proyecto	2026-10-09T07:49:54.2029758Z [  72% ] ^[[90m^[[1m_update_scan_actions^[[22m | SEPT_JUEGOS_PROTOTIPO_saladick.png^[[39m^[[0m
verify	Importar los recursos del proyecto	2026-10-09T07:49:54.2030928Z [  72% ] ^[[90m^[[1m_update_scan_actions^[[22m | SEPT_JUEGOS_PROTOTIPO_techo1_baseColor.jpg^[[39m^[[0m
verify	Importar los recursos del proyecto	2026-10-09T07:49:54.2032072Z [  73% ] ^[[90m^[[1m_update_scan_actions^[[22m | SEPT_JUEGOS_PROTOTIPO_Terminator completo.png^[[39m^[[0m
verify	Importar los recursos del proyecto	2026-10-09T07:49:54.2033260Z [  73% ] ^[[90m^[[1m_update_scan_actions^[[22m | SEPT_JUEGOS_PROTOTIPO_texto instrucciones limpieza.png^[[39m^[[0m
verify	Importar los recursos del proyecto	2026-10-09T07:49:54.2034270Z [  74% ] ^[[90m^[[1m_update_scan_actions^[[22m | SEPT_JUEGOS_PROTOTIPO_textura balde.png^[[39m^[[0m
verify	Importar los recursos del proyecto	2026-10-09T07:49:54.2035593Z [  74% ] ^[[90m^[[1m_update_scan_actions^[[22m | SEPT_JUEGOS_PROTOTIPO_textura caja.png^[[39m^[[0m
verify	Importar los recursos del proyecto	2026-10-09T07:49:54.2036726Z [  75% ] ^[[90m^[[1m_update_scan_actions^[[22m | SEPT_JUEGOS_PROTOTIPO_textura mopa.png^[[39m^[[0m
verify	Importar los recursos del proyecto	2026-10-09T07:49:54.2037880Z [  75% ] ^[[90m^[[1m_update_scan_actions^[[22m | SEPT_JUEGOS_PROTOTIPO_textura portón.png^[[39m^[[0m
verify	Importar los recursos del proyecto	2026-10-09T07:49:54.2038969Z [  76% ] ^[[90m^[[1m_update_scan_actions^[[22m | SEPT_JUEGOS_PROTOTIPO_textura poético.png^[[39m^[[0m
verify	Importar los recursos del proyecto	2026-10-09T07:49:54.2040116Z [  76% ] ^[[90m^[[1m_update_scan_actions^[[22m | SEPT_JUEGOS_PROTOTIPO_textura.png^[[39m^[[0m
verify	Importar los recursos del proyecto	2026-10-09T07:49:54.2041251Z [  77% ] ^[[90m^[[1m_update_scan_actions^[[22m | SEPT_JUEGOS_PROTOTIPO_wakasfideos.png^[[39m^[[0m
verify	Importar los recursos del proyecto	2026-10-09T07:49:54.2042432Z [  77% ] ^[[90m^[[1m_update_scan_actions^[[22m | SEPT_JUEGOS_PROTOTIPO_Wood_02-128x128.png^[[39m^[[0m
verify	Importar los recursos del proyecto	2026-10-09T07:49:54.2043435Z [  78% ] ^[[90m^[[1m_update_scan_actions^[[22m | SEPT_JUEGOS_PROTOTIPO_Wood_09-128x128.png^[[39m^[[0m
verify	Importar los recursos del proyecto	2026-10-09T07:49:54.2044643Z [  78% ] ^[[90m^[[1m_update_scan_actions^[[22m | SEPT_JUEGOS_PROTOTIPO_Wood_10-128x128.png^[[39m^[[0m
verify	Importar los recursos del proyecto	2026-10-09T07:49:54.2045900Z [  78% ] ^[[90m^[[1m_update_scan_actions^[[22m | SEPT_JUEGOS_PROTOTIPO_Zucarachas completo_1.png^[[39m^[[0m
verify	Importar los recursos del proyecto	2026-10-09T07:49:54.2046945Z [  79% ] ^[[90m^[[1m_update_scan_actions^[[22m | actroncito.png^[[39m^[[0m
verify	Importar los recursos del proyecto	2026-10-09T07:49:54.2048067Z [  79% ] ^[[90m^[[1m_update_scan_actions^[[22m | amargadito.png^[[39m^[[0m
verify	Importar los recursos del proyecto	2026-10-09T07:49:54.2049173Z [  80% ] ^[[90m^[[1m_update_scan_actions^[[22m | arvejas.png^[[39m^[[0m
verify	Importar los recursos del proyecto	2026-10-09T07:49:54.2050281Z [  80% ] ^[[90m^[[1m_update_scan_actions^[[22m | burbaloo.png^[[39m^[[0m
verify	Importar los recursos del proyecto	2026-10-09T07:49:54.2051394Z [  81% ] ^[[90m^[[1m_update_scan_actions^[[22m | cabecera.svg^[[39m^[[0m
verify	Importar los recursos del proyecto	2026-10-09T07:49:54.2052504Z [  81% ] ^[[90m^[[1m_update_scan_actions^[[22m | chisitos.png^[[39m^[[0m
verify	Importar los recursos del proyecto	2026-10-09T07:49:54.2053595Z [  82% ] ^[[90m^[[1m_update_scan_actions^[[22m | cindolor.png^[[39m^[[0m
verify	Importar los recursos del proyecto	2026-10-09T07:49:54.2054726Z [  82% ] ^[[90m^[[1m_update_scan_actions^[[22m | computadora.svg^[[39m^[[0m
verify	Importar los recursos del proyecto	2026-10-09T07:49:54.2055906Z [  83% ] ^[[90m^[[1m_update_scan_actions^[[22m | coracola.png^[[39m^[[0m
verify	Importar los recursos del proyecto	2026-10-09T07:49:54.2057020Z [  83% ] ^[[90m^[[1m_update_scan_actions^[[22m | cosa_de_mani.png^[[39m^[[0m
verify	Importar los recursos del proyecto	2026-10-09T07:49:54.2058131Z [  84% ] ^[[90m^[[1m_update_scan_actions^[[22m | donsaturados.png^[[39m^[[0m
verify	Importar los recursos del proyecto	2026-10-09T07:49:54.2059218Z [  84% ] ^[[90m^[[1m_update_scan_actions^[[22m | durextra.png^[[39m^[[0m
verify	Importar los recursos del proyecto	2026-10-09T07:49:54.2060321Z [  85% ] ^[[90m^[[1m_update_scan_actions^[[22m | duronga.png^[[39m^[[0m
verify	Importar los recursos del proyecto	2026-10-09T07:49:54.2061461Z [  85% ] ^[[90m^[[1m_update_scan_actions^[[22m | feel_ricky_fort.png^[[39m^[[0m
verify	Importar los recursos del proyecto	2026-10-09T07:49:54.2062561Z [  85% ] ^[[90m^[[1m_update_scan_actions^[[22m | fernet_god.png^[[39m^[[0m
verify	Importar los recursos del proyecto	2026-10-09T07:49:54.2063565Z [  86% ] ^[[90m^[[1m_update_scan_actions^[[22m | flinpuf.png^[[39m^[[0m
verify	Importar los recursos del proyecto	2026-10-09T07:49:54.2064744Z [  86% ] ^[[90m^[[1m_update_scan_actions^[[22m | fondo.png^[[39m^[[0m
verify	Importar los recursos del proyecto	2026-10-09T07:49:54.2065955Z [  87% ] ^[[90m^[[1m_update_scan_actions^[[22m | fondo_inicio.png^[[39m^[[0m
verify	Importar los recursos del proyecto	2026-10-09T07:49:54.2066994Z [  87% ] ^[[90m^[[1m_update_scan_actions^[[22m | frotlups.png^[[39m^[[0m
verify	Importar los recursos del proyecto	2026-10-09T07:49:54.2068121Z [  88% ] ^[[90m^[[1m_update_scan_actions^[[22m | jorgillo.png^[[39m^[[0m
verify	Importar los recursos del proyecto	2026-10-09T07:49:54.2069207Z [  88% ] ^[[90m^[[1m_update_scan_actions^[[22m | laysntt.png^[[39m^[[0m
verify	Importar los recursos del proyecto	2026-10-09T07:49:54.2070313Z [  89% ] ^[[90m^[[1m_update_scan_actions^[[22m | linea_detalle.svg^[[39m^[[0m
verify	Importar los recursos del proyecto	2026-10-09T07:49:54.2071401Z [  89% ] ^[[90m^[[1m_update_scan_actions^[[22m | macumbas.png^[[39m^[[0m
verify	Importar los recursos del proyecto	2026-10-09T07:49:54.2072470Z [  90% ] ^[[90m^[[1m_update_scan_actions^[[22m | malbardo.png^[[39m^[[0m
verify	Importar los recursos del proyecto	2026-10-09T07:49:54.2073561Z [  90% ] ^[[90m^[[1m_update_scan_actions^[[22m | marolini.png^[[39m^[[0m
verify	Importar los recursos del proyecto	2026-10-09T07:49:54.2074630Z [  91% ] ^[[90m^[[1m_update_scan_actions^[[22m | marranos.png^[[39m^[[0m
verify	Importar los recursos del proyecto	2026-10-09T07:49:54.2075821Z [  91% ] ^[[90m^[[1m_update_scan_actions^[[22m | mayonchis.png^[[39m^[[0m
verify	Importar los recursos del proyecto	2026-10-09T07:49:54.2076919Z [  92% ] ^[[90m^[[1m_update_scan_actions^[[22m | oaaaa.png^[[39m^[[0m
verify	Importar los recursos del proyecto	2026-10-09T07:49:54.2078030Z [  92% ] ^[[90m^[[1m_update_scan_actions^[[22m | oremos.png^[[39m^[[0m
verify	Importar los recursos del proyecto	2026-10-09T07:49:54.2079140Z [  92% ] ^[[90m^[[1m_update_scan_actions^[[22m | pepitos.png^[[39m^[[0m
verify	Importar los recursos del proyecto	2026-10-09T07:49:54.2080246Z [  93% ] ^[[90m^[[1m_update_scan_actions^[[22m | petisas.png^[[39m^[[0m
verify	Importar los recursos del proyecto	2026-10-09T07:49:54.2081382Z [  93% ] ^[[90m^[[1m_update_scan_actions^[[22m | prongles.png^[[39m^[[0m
verify	Importar los recursos del proyecto	2026-10-09T07:49:54.2082516Z [  94% ] ^[[90m^[[1m_update_scan_actions^[[22m | puntos_de_carga.svg^[[39m^[[0m
verify	Importar los recursos del proyecto	2026-10-09T07:49:54.2083598Z [  94% ] ^[[90m^[[1m_update_scan_actions^[[22m | registro.svg^[[39m^[[0m
verify	Importar los recursos del proyecto	2026-10-09T07:49:54.2084706Z [  95% ] ^[[90m^[[1m_update_scan_actions^[[22m | saladik.png^[[39m^[[0m
verify	Importar los recursos del proyecto	2026-10-09T07:49:54.2085904Z [  95% ] ^[[90m^[[1m_update_scan_actions^[[22m | solapa.svg^[[39m^[[0m
verify	Importar los recursos del proyecto	2026-10-09T07:49:54.2087013Z [  96% ] ^[[90m^[[1m_update_scan_actions^[[22m | terminator.png^[[39m^[[0m
verify	Importar los recursos del proyecto	2026-10-09T07:49:54.2088152Z [  96% ] ^[[90m^[[1m_update_scan_actions^[[22m | titulo_inicio.png^[[39m^[[0m
verify	Importar los recursos del proyecto	2026-10-09T07:49:54.2089244Z [  97% ] ^[[90m^[[1m_update_scan_actions^[[22m | uakas.png^[[39m^[[0m
verify	Importar los recursos del proyecto	2026-10-09T07:49:54.2090330Z [  97% ] ^[[90m^[[1m_update_scan_actions^[[22m | unscii-16.ttf^[[39m^[[0m
verify	Importar los recursos del proyecto	2026-10-09T07:49:54.2091448Z [  98% ] ^[[90m^[[1m_update_scan_actions^[[22m | zucarachas.png^[[39m^[[0m
verify	Importar los recursos del proyecto	2026-10-09T07:49:54.2092557Z [  98% ] ^[[90m^[[1m_update_scan_actions^[[22m | almacen.exr^[[39m^[[0m
verify	Importar los recursos del proyecto	2026-10-09T07:49:54.2093445Z [  99% ] ^[[90m^[[1m_update_scan_actions^[[22m | icon.svg^[[39m^[[0m
verify	Importar los recursos del proyecto	2026-10-09T07:49:54.2093753Z ^[[92m[ DONE ]^[[39m ^[[1m_update_scan_actions^[[22m
verify	Importar los recursos del proyecto	2026-10-09T07:49:54.2093921Z ^[[0m
verify	Importar los recursos del proyecto	2026-10-09T07:49:54.2094915Z [   0% ] ^[[90m^[[1mreimport^[[22m | Started (Re)Importing Assets (213 steps)^[[39m^[[0m
verify	Importar los recursos del proyecto	2026-10-09T07:49:54.2095352Z [   0% ] ^[[90m^[[1mreimport^[[22m | Preparing files to reimport...^[[39m^[[0m
verify	Importar los recursos del proyecto	2026-10-09T07:49:54.2096097Z [   0% ] ^[[90m^[[1mreimport^[[22m | Preparing files to reimport...^[[39m^[[0m
verify	Importar los recursos del proyecto	2026-10-09T07:49:54.2097194Z [   0% ] ^[[90m^[[1mreimport^[[22m | Preparing files to reimport...^[[39m^[[0m
verify	Importar los recursos del proyecto	2026-10-09T07:49:54.2098075Z [   1% ] ^[[90m^[[1mreimport^[[22m | Preparing files to reimport...^[[39m^[[0m
verify	Importar los recursos del proyecto	2026-10-09T07:49:54.2099162Z [   1% ] ^[[90m^[[1mreimport^[[22m | Preparing files to reimport...^[[39m^[[0m
verify	Importar los recursos del proyecto	2026-10-09T07:49:54.2100046Z [   2% ] ^[[90m^[[1mreimport^[[22m | Preparing files to reimport...^[[39m^[[0m
verify	Importar los recursos del proyecto	2026-10-09T07:49:54.2101135Z [   2% ] ^[[90m^[[1mreimport^[[22m | Preparing files to reimport...^[[39m^[[0m
verify	Importar los recursos del proyecto	2026-10-09T07:49:54.2101975Z [   3% ] ^[[90m^[[1mreimport^[[22m | Preparing files to reimport...^[[39m^[[0m
verify	Importar los recursos del proyecto	2026-10-09T07:49:54.2103064Z [   3% ] ^[[90m^[[1mreimport^[[22m | Preparing files to reimport...^[[39m^[[0m
verify	Importar los recursos del proyecto	2026-10-09T07:49:54.2103887Z [   4% ] ^[[90m^[[1mreimport^[[22m | Preparing files to reimport...^[[39m^[[0m
verify	Importar los recursos del proyecto	2026-10-09T07:49:54.2104740Z [   4% ] ^[[90m^[[1mreimport^[[22m | Preparing files to reimport...^[[39m^[[0m
verify	Importar los recursos del proyecto	2026-10-09T07:49:54.2105699Z [   5% ] ^[[90m^[[1mreimport^[[22m | Preparing files to reimport...^[[39m^[[0m
verify	Importar los recursos del proyecto	2026-10-09T07:49:54.2106535Z [   5% ] ^[[90m^[[1mreimport^[[22m | Preparing files to reimport...^[[39m^[[0m
verify	Importar los recursos del proyecto	2026-10-09T07:49:54.2107362Z [   6% ] ^[[90m^[[1mreimport^[[22m | Preparing files to reimport...^[[39m^[[0m
verify	Importar los recursos del proyecto	2026-10-09T07:49:54.2108189Z [   6% ] ^[[90m^[[1mreimport^[[22m | Preparing files to reimport...^[[39m^[[0m
verify	Importar los recursos del proyecto	2026-10-09T07:49:54.2109015Z [   7% ] ^[[90m^[[1mreimport^[[22m | Preparing files to reimport...^[[39m^[[0m
verify	Importar los recursos del proyecto	2026-10-09T07:49:54.2109825Z [   7% ] ^[[90m^[[1mreimport^[[22m | Preparing files to reimport...^[[39m^[[0m
verify	Importar los recursos del proyecto	2026-10-09T07:49:54.2110660Z [   7% ] ^[[90m^[[1mreimport^[[22m | Preparing files to reimport...^[[39m^[[0m
verify	Importar los recursos del proyecto	2026-10-09T07:49:54.2111469Z [   8% ] ^[[90m^[[1mreimport^[[22m | Preparing files to reimport...^[[39m^[[0m
verify	Importar los recursos del proyecto	2026-10-09T07:49:54.2112605Z [   8% ] ^[[90m^[[1mreimport^[[22m | Preparing files to reimport...^[[39m^[[0m
verify	Importar los recursos del proyecto	2026-10-09T07:49:54.2113249Z [   9% ] ^[[90m^[[1mreimport^[[22m | Preparing files to reimport...^[[39m^[[0m
verify	Importar los recursos del proyecto	2026-10-09T07:49:54.2114067Z [   9% ] ^[[90m^[[1mreimport^[[22m | Preparing files to reimport...^[[39m^[[0m
verify	Importar los recursos del proyecto	2026-10-09T07:49:54.2114906Z [  10% ] ^[[90m^[[1mreimport^[[22m | Preparing files to reimport...^[[39m^[[0m
verify	Importar los recursos del proyecto	2026-10-09T07:49:54.2115858Z [  10% ] ^[[90m^[[1mreimport^[[22m | Preparing files to reimport...^[[39m^[[0m
verify	Importar los recursos del proyecto	2026-10-09T07:49:54.2116662Z [  11% ] ^[[90m^[[1mreimport^[[22m | Preparing files to reimport...^[[39m^[[0m
verify	Importar los recursos del proyecto	2026-10-09T07:49:54.2117491Z [  11% ] ^[[90m^[[1mreimport^[[22m | Preparing files to reimport...^[[39m^[[0m
verify	Importar los recursos del proyecto	2026-10-09T07:49:54.2118299Z [  12% ] ^[[90m^[[1mreimport^[[22m | Preparing files to reimport...^[[39m^[[0m
verify	Importar los recursos del proyecto	2026-10-09T07:49:54.2119123Z [  12% ] ^[[90m^[[1mreimport^[[22m | Preparing files to reimport...^[[39m^[[0m
verify	Importar los recursos del proyecto	2026-10-09T07:49:54.2119951Z [  13% ] ^[[90m^[[1mreimport^[[22m | Preparing files to reimport...^[[39m^[[0m
verify	Importar los recursos del proyecto	2026-10-09T07:49:54.2120785Z [  13% ] ^[[90m^[[1mreimport^[[22m | Preparing files to reimport...^[[39m^[[0m
verify	Importar los recursos del proyecto	2026-10-09T07:49:54.2121628Z [  14% ] ^[[90m^[[1mreimport^[[22m | Preparing files to reimport...^[[39m^[[0m
verify	Importar los recursos del proyecto	2026-10-09T07:49:54.2122480Z [  14% ] ^[[90m^[[1mreimport^[[22m | Preparing files to reimport...^[[39m^[[0m
verify	Importar los recursos del proyecto	2026-10-09T07:49:54.2123316Z [  14% ] ^[[90m^[[1mreimport^[[22m | Preparing files to reimport...^[[39m^[[0m
verify	Importar los recursos del proyecto	2026-10-09T07:49:54.2124143Z [  15% ] ^[[90m^[[1mreimport^[[22m | Preparing files to reimport...^[[39m^[[0m
verify	Importar los recursos del proyecto	2026-10-09T07:49:54.2125113Z [  15% ] ^[[90m^[[1mreimport^[[22m | Preparing files to reimport...^[[39m^[[0m
verify	Importar los recursos del proyecto	2026-10-09T07:49:54.2126001Z [  16% ] ^[[90m^[[1mreimport^[[22m | Preparing files to reimport...^[[39m^[[0m
verify	Importar los recursos del proyecto	2026-10-09T07:49:54.2126804Z [  16% ] ^[[90m^[[1mreimport^[[22m | Preparing files to reimport...^[[39m^[[0m
verify	Importar los recursos del proyecto	2026-10-09T07:49:54.2135748Z [  17% ] ^[[90m^[[1mreimport^[[22m | Preparing files to reimport...^[[39m^[[0m
verify	Importar los recursos del proyecto	2026-10-09T07:49:54.2136206Z [  17% ] ^[[90m^[[1mreimport^[[22m | Preparing files to reimport...^[[39m^[[0m
verify	Importar los recursos del proyecto	2026-10-09T07:49:54.2136639Z [  18% ] ^[[90m^[[1mreimport^[[22m | Preparing files to reimport...^[[39m^[[0m
verify	Importar los recursos del proyecto	2026-10-09T07:49:54.2137073Z [  18% ] ^[[90m^[[1mreimport^[[22m | Preparing files to reimport...^[[39m^[[0m
verify	Importar los recursos del proyecto	2026-10-09T07:49:54.2137519Z [  19% ] ^[[90m^[[1mreimport^[[22m | Preparing files to reimport...^[[39m^[[0m
verify	Importar los recursos del proyecto	2026-10-09T07:49:54.2137954Z [  19% ] ^[[90m^[[1mreimport^[[22m | Preparing files to reimport...^[[39m^[[0m
verify	Importar los recursos del proyecto	2026-10-09T07:49:54.2138387Z [  20% ] ^[[90m^[[1mreimport^[[22m | Preparing files to reimport...^[[39m^[[0m
verify	Importar los recursos del proyecto	2026-10-09T07:49:54.2138822Z [  20% ] ^[[90m^[[1mreimport^[[22m | Preparing files to reimport...^[[39m^[[0m
verify	Importar los recursos del proyecto	2026-10-09T07:49:54.2139258Z [  21% ] ^[[90m^[[1mreimport^[[22m | Preparing files to reimport...^[[39m^[[0m
verify	Importar los recursos del proyecto	2026-10-09T07:49:54.2139687Z [  21% ] ^[[90m^[[1mreimport^[[22m | Preparing files to reimport...^[[39m^[[0m
verify	Importar los recursos del proyecto	2026-10-09T07:49:54.2140125Z [  21% ] ^[[90m^[[1mreimport^[[22m | Preparing files to reimport...^[[39m^[[0m
verify	Importar los recursos del proyecto	2026-10-09T07:49:54.2140560Z [  22% ] ^[[90m^[[1mreimport^[[22m | Preparing files to reimport...^[[39m^[[0m
verify	Importar los recursos del proyecto	2026-10-09T07:49:54.2141002Z [  22% ] ^[[90m^[[1mreimport^[[22m | Preparing files to reimport...^[[39m^[[0m
verify	Importar los recursos del proyecto	2026-10-09T07:49:54.2141438Z [  23% ] ^[[90m^[[1mreimport^[[22m | Preparing files to reimport...^[[39m^[[0m
verify	Importar los recursos del proyecto	2026-10-09T07:49:54.2142099Z [  23% ] ^[[90m^[[1mreimport^[[22m | Preparing files to reimport...^[[39m^[[0m
verify	Importar los recursos del proyecto	2026-10-09T07:49:54.2142545Z [  24% ] ^[[90m^[[1mreimport^[[22m | Preparing files to reimport...^[[39m^[[0m
verify	Importar los recursos del proyecto	2026-10-09T07:49:54.2142972Z [  24% ] ^[[90m^[[1mreimport^[[22m | Preparing files to reimport...^[[39m^[[0m
verify	Importar los recursos del proyecto	2026-10-09T07:49:54.2143512Z [  25% ] ^[[90m^[[1mreimport^[[22m | Preparing files to reimport...^[[39m^[[0m
verify	Importar los recursos del proyecto	2026-10-09T07:49:54.2143944Z [  25% ] ^[[90m^[[1mreimport^[[22m | Preparing files to reimport...^[[39m^[[0m
verify	Importar los recursos del proyecto	2026-10-09T07:49:54.2144387Z [  26% ] ^[[90m^[[1mreimport^[[22m | Preparing files to reimport...^[[39m^[[0m
verify	Importar los recursos del proyecto	2026-10-09T07:49:54.2144816Z [  26% ] ^[[90m^[[1mreimport^[[22m | Preparing files to reimport...^[[39m^[[0m
verify	Importar los recursos del proyecto	2026-10-09T07:49:54.2145365Z [  27% ] ^[[90m^[[1mreimport^[[22m | Preparing files to reimport...^[[39m^[[0m
verify	Importar los recursos del proyecto	2026-10-09T07:49:54.2145799Z [  27% ] ^[[90m^[[1mreimport^[[22m | Preparing files to reimport...^[[39m^[[0m
verify	Importar los recursos del proyecto	2026-10-09T07:49:54.2146243Z [  28% ] ^[[90m^[[1mreimport^[[22m | Preparing files to reimport...^[[39m^[[0m
verify	Importar los recursos del proyecto	2026-10-09T07:49:54.2146679Z [  28% ] ^[[90m^[[1mreimport^[[22m | Preparing files to reimport...^[[39m^[[0m
verify	Importar los recursos del proyecto	2026-10-09T07:49:54.2147296Z [  28% ] ^[[90m^[[1mreimport^[[22m | Preparing files to reimport...^[[39m^[[0m
verify	Importar los recursos del proyecto	2026-10-09T07:49:54.2148180Z [  29% ] ^[[90m^[[1mreimport^[[22m | Preparing files to reimport...^[[39m^[[0m
verify	Importar los recursos del proyecto	2026-10-09T07:49:54.2149072Z [  29% ] ^[[90m^[[1mreimport^[[22m | Preparing files to reimport...^[[39m^[[0m
verify	Importar los recursos del proyecto	2026-10-09T07:49:54.2149895Z [  30% ] ^[[90m^[[1mreimport^[[22m | Preparing files to reimport...^[[39m^[[0m
verify	Importar los recursos del proyecto	2026-10-09T07:49:54.2150782Z [  30% ] ^[[90m^[[1mreimport^[[22m | Preparing files to reimport...^[[39m^[[0m
verify	Importar los recursos del proyecto	2026-10-09T07:49:54.2151664Z [  31% ] ^[[90m^[[1mreimport^[[22m | Preparing files to reimport...^[[39m^[[0m
verify	Importar los recursos del proyecto	2026-10-09T07:49:54.2152562Z [  31% ] ^[[90m^[[1mreimport^[[22m | Preparing files to reimport...^[[39m^[[0m
verify	Importar los recursos del proyecto	2026-10-09T07:49:54.2153461Z [  32% ] ^[[90m^[[1mreimport^[[22m | Preparing files to reimport...^[[39m^[[0m
verify	Importar los recursos del proyecto	2026-10-09T07:49:54.2154341Z [  32% ] ^[[90m^[[1mreimport^[[22m | Preparing files to reimport...^[[39m^[[0m
verify	Importar los recursos del proyecto	2026-10-09T07:49:54.2155303Z [  33% ] ^[[90m^[[1mreimport^[[22m | Preparing files to reimport...^[[39m^[[0m
verify	Importar los recursos del proyecto	2026-10-09T07:49:54.2156180Z [  33% ] ^[[90m^[[1mreimport^[[22m | Preparing files to reimport...^[[39m^[[0m
verify	Importar los recursos del proyecto	2026-10-09T07:49:54.2157239Z [  34% ] ^[[90m^[[1mreimport^[[22m | Preparing files to reimport...^[[39m^[[0m
verify	Importar los recursos del proyecto	2026-10-09T07:49:54.2158040Z [  34% ] ^[[90m^[[1mreimport^[[22m | Preparing files to reimport...^[[39m^[[0m
verify	Importar los recursos del proyecto	2026-10-09T07:49:54.2159067Z [  35% ] ^[[90m^[[1mreimport^[[22m | Preparing files to reimport...^[[39m^[[0m
verify	Importar los recursos del proyecto	2026-10-09T07:49:54.2159905Z [  35% ] ^[[90m^[[1mreimport^[[22m | Preparing files to reimport...^[[39m^[[0m
verify	Importar los recursos del proyecto	2026-10-09T07:49:54.2160856Z [  35% ] ^[[90m^[[1mreimport^[[22m | Preparing files to reimport...^[[39m^[[0m
verify	Importar los recursos del proyecto	2026-10-09T07:49:54.2161796Z [  36% ] ^[[90m^[[1mreimport^[[22m | Preparing files to reimport...^[[39m^[[0m
verify	Importar los recursos del proyecto	2026-10-09T07:49:54.2162747Z [  36% ] ^[[90m^[[1mreimport^[[22m | Preparing files to reimport...^[[39m^[[0m
verify	Importar los recursos del proyecto	2026-10-09T07:49:54.2163691Z [  37% ] ^[[90m^[[1mreimport^[[22m | Preparing files to reimport...^[[39m^[[0m
verify	Importar los recursos del proyecto	2026-10-09T07:49:54.2164638Z [  37% ] ^[[90m^[[1mreimport^[[22m | Preparing files to reimport...^[[39m^[[0m
verify	Importar los recursos del proyecto	2026-10-09T07:49:54.2165710Z [  38% ] ^[[90m^[[1mreimport^[[22m | Preparing files to reimport...^[[39m^[[0m
verify	Importar los recursos del proyecto	2026-10-09T07:49:54.2166677Z [  38% ] ^[[90m^[[1mreimport^[[22m | Preparing files to reimport...^[[39m^[[0m
verify	Importar los recursos del proyecto	2026-10-09T07:49:54.2167629Z [  39% ] ^[[90m^[[1mreimport^[[22m | Preparing files to reimport...^[[39m^[[0m
verify	Importar los recursos del proyecto	2026-10-09T07:49:54.2168562Z [  39% ] ^[[90m^[[1mreimport^[[22m | Preparing files to reimport...^[[39m^[[0m
verify	Importar los recursos del proyecto	2026-10-09T07:49:54.2169521Z [  40% ] ^[[90m^[[1mreimport^[[22m | Preparing files to reimport...^[[39m^[[0m
verify	Importar los recursos del proyecto	2026-10-09T07:49:54.2170445Z [  40% ] ^[[90m^[[1mreimport^[[22m | Preparing files to reimport...^[[39m^[[0m
verify	Importar los recursos del proyecto	2026-10-09T07:49:54.2171386Z [  41% ] ^[[90m^[[1mreimport^[[22m | Preparing files to reimport...^[[39m^[[0m
verify	Importar los recursos del proyecto	2026-10-09T07:49:54.2172306Z [  41% ] ^[[90m^[[1mreimport^[[22m | Preparing files to reimport...^[[39m^[[0m
verify	Importar los recursos del proyecto	2026-10-09T07:49:54.2173200Z [  42% ] ^[[90m^[[1mreimport^[[22m | Preparing files to reimport...^[[39m^[[0m
verify	Importar los recursos del proyecto	2026-10-09T07:49:54.2174128Z [  42% ] ^[[90m^[[1mreimport^[[22m | Preparing files to reimport...^[[39m^[[0m
verify	Importar los recursos del proyecto	2026-10-09T07:49:54.2175145Z [  42% ] ^[[90m^[[1mreimport^[[22m | Preparing files to reimport...^[[39m^[[0m
verify	Importar los recursos del proyecto	2026-10-09T07:49:54.2176067Z [  43% ] ^[[90m^[[1mreimport^[[22m | Preparing files to reimport...^[[39m^[[0m
verify	Importar los recursos del proyecto	2026-10-09T07:49:54.2177190Z [  43% ] ^[[90m^[[1mreimport^[[22m | Preparing files to reimport...^[[39m^[[0m
verify	Importar los recursos del proyecto	2026-10-09T07:49:54.2178043Z [  44% ] ^[[90m^[[1mreimport^[[22m | Preparing files to reimport...^[[39m^[[0m
verify	Importar los recursos del proyecto	2026-10-09T07:49:54.2179007Z [  44% ] ^[[90m^[[1mreimport^[[22m | Preparing files to reimport...^[[39m^[[0m
verify	Importar los recursos del proyecto	2026-10-09T07:49:54.2179949Z [  45% ] ^[[90m^[[1mreimport^[[22m | Preparing files to reimport...^[[39m^[[0m
verify	Importar los recursos del proyecto	2026-10-09T07:49:54.2180906Z [  45% ] ^[[90m^[[1mreimport^[[22m | Preparing files to reimport...^[[39m^[[0m
verify	Importar los recursos del proyecto	2026-10-09T07:49:54.2181946Z [  46% ] ^[[90m^[[1mreimport^[[22m | Preparing files to reimport...^[[39m^[[0m
verify	Importar los recursos del proyecto	2026-10-09T07:49:54.2182906Z [  46% ] ^[[90m^[[1mreimport^[[22m | Preparing files to reimport...^[[39m^[[0m
verify	Importar los recursos del proyecto	2026-10-09T07:49:54.2183861Z [  47% ] ^[[90m^[[1mreimport^[[22m | Preparing files to reimport...^[[39m^[[0m
verify	Importar los recursos del proyecto	2026-10-09T07:49:54.2184821Z [  47% ] ^[[90m^[[1mreimport^[[22m | Preparing files to reimport...^[[39m^[[0m
verify	Importar los recursos del proyecto	2026-10-09T07:49:54.2185885Z [  48% ] ^[[90m^[[1mreimport^[[22m | Preparing files to reimport...^[[39m^[[0m
verify	Importar los recursos del proyecto	2026-10-09T07:49:54.2186860Z [  48% ] ^[[90m^[[1mreimport^[[22m | Preparing files to reimport...^[[39m^[[0m
verify	Importar los recursos del proyecto	2026-10-09T07:49:54.2187842Z [  49% ] ^[[90m^[[1mreimport^[[22m | Preparing files to reimport...^[[39m^[[0m
verify	Importar los recursos del proyecto	2026-10-09T07:49:54.2188811Z [  49% ] ^[[90m^[[1mreimport^[[22m | Preparing files to reimport...^[[39m^[[0m
verify	Importar los recursos del proyecto	2026-10-09T07:49:54.2189762Z [  50% ] ^[[90m^[[1mreimport^[[22m | Preparing files to reimport...^[[39m^[[0m
verify	Importar los recursos del proyecto	2026-10-09T07:49:54.2190737Z [  50% ] ^[[90m^[[1mreimport^[[22m | Preparing files to reimport...^[[39m^[[0m
verify	Importar los recursos del proyecto	2026-10-09T07:49:54.2191683Z [  50% ] ^[[90m^[[1mreimport^[[22m | Preparing files to reimport...^[[39m^[[0m
verify	Importar los recursos del proyecto	2026-10-09T07:49:54.2192641Z [  51% ] ^[[90m^[[1mreimport^[[22m | Preparing files to reimport...^[[39m^[[0m
verify	Importar los recursos del proyecto	2026-10-09T07:49:54.2193589Z [  51% ] ^[[90m^[[1mreimport^[[22m | Preparing files to reimport...^[[39m^[[0m
verify	Importar los recursos del proyecto	2026-10-09T07:49:54.2194535Z [  52% ] ^[[90m^[[1mreimport^[[22m | Preparing files to reimport...^[[39m^[[0m
verify	Importar los recursos del proyecto	2026-10-09T07:49:54.2195581Z [  52% ] ^[[90m^[[1mreimport^[[22m | Preparing files to reimport...^[[39m^[[0m
verify	Importar los recursos del proyecto	2026-10-09T07:49:54.2196536Z [  53% ] ^[[90m^[[1mreimport^[[22m | Preparing files to reimport...^[[39m^[[0m
verify	Importar los recursos del proyecto	2026-10-09T07:49:54.2197490Z [  53% ] ^[[90m^[[1mreimport^[[22m | Preparing files to reimport...^[[39m^[[0m
verify	Importar los recursos del proyecto	2026-10-09T07:49:54.2198434Z [  54% ] ^[[90m^[[1mreimport^[[22m | Preparing files to reimport...^[[39m^[[0m
verify	Importar los recursos del proyecto	2026-10-09T07:49:54.2199375Z [  54% ] ^[[90m^[[1mreimport^[[22m | Preparing files to reimport...^[[39m^[[0m
verify	Importar los recursos del proyecto	2026-10-09T07:49:54.2200320Z [  55% ] ^[[90m^[[1mreimport^[[22m | Preparing files to reimport...^[[39m^[[0m
verify	Importar los recursos del proyecto	2026-10-09T07:49:54.2201275Z [  55% ] ^[[90m^[[1mreimport^[[22m | Preparing files to reimport...^[[39m^[[0m
verify	Importar los recursos del proyecto	2026-10-09T07:49:54.2202243Z [  56% ] ^[[90m^[[1mreimport^[[22m | Preparing files to reimport...^[[39m^[[0m
verify	Importar los recursos del proyecto	2026-10-09T07:49:54.2203198Z [  56% ] ^[[90m^[[1mreimport^[[22m | Preparing files to reimport...^[[39m^[[0m
verify	Importar los recursos del proyecto	2026-10-09T07:49:54.2204160Z [  57% ] ^[[90m^[[1mreimport^[[22m | Preparing files to reimport...^[[39m^[[0m
verify	Importar los recursos del proyecto	2026-10-09T07:49:54.2205202Z [  57% ] ^[[90m^[[1mreimport^[[22m | Preparing files to reimport...^[[39m^[[0m
verify	Importar los recursos del proyecto	2026-10-09T07:49:54.2206150Z [  57% ] ^[[90m^[[1mreimport^[[22m | Preparing files to reimport...^[[39m^[[0m
verify	Importar los recursos del proyecto	2026-10-09T07:49:54.2207103Z [  58% ] ^[[90m^[[1mreimport^[[22m | Preparing files to reimport...^[[39m^[[0m
verify	Importar los recursos del proyecto	2026-10-09T07:49:54.2208041Z [  58% ] ^[[90m^[[1mreimport^[[22m | Preparing files to reimport...^[[39m^[[0m
verify	Importar los recursos del proyecto	2026-10-09T07:49:54.2208996Z [  59% ] ^[[90m^[[1mreimport^[[22m | Preparing files to reimport...^[[39m^[[0m
verify	Importar los recursos del proyecto	2026-10-09T07:49:54.2209947Z [  59% ] ^[[90m^[[1mreimport^[[22m | Preparing files to reimport...^[[39m^[[0m
verify	Importar los recursos del proyecto	2026-10-09T07:49:54.2210890Z [  60% ] ^[[90m^[[1mreimport^[[22m | Preparing files to reimport...^[[39m^[[0m
verify	Importar los recursos del proyecto	2026-10-09T07:49:54.2211853Z [  60% ] ^[[90m^[[1mreimport^[[22m | Preparing files to reimport...^[[39m^[[0m
verify	Importar los recursos del proyecto	2026-10-09T07:49:54.2212799Z [  61% ] ^[[90m^[[1mreimport^[[22m | Preparing files to reimport...^[[39m^[[0m
verify	Importar los recursos del proyecto	2026-10-09T07:49:54.2213724Z [  61% ] ^[[90m^[[1mreimport^[[22m | Preparing files to reimport...^[[39m^[[0m
verify	Importar los recursos del proyecto	2026-10-09T07:49:54.2214679Z [  62% ] ^[[90m^[[1mreimport^[[22m | Preparing files to reimport...^[[39m^[[0m
verify	Importar los recursos del proyecto	2026-10-09T07:49:54.2215714Z [  62% ] ^[[90m^[[1mreimport^[[22m | Preparing files to reimport...^[[39m^[[0m
verify	Importar los recursos del proyecto	2026-10-09T07:49:54.2216705Z [  63% ] ^[[90m^[[1mreimport^[[22m | Preparing files to reimport...^[[39m^[[0m
verify	Importar los recursos del proyecto	2026-10-09T07:49:54.2217648Z [  63% ] ^[[90m^[[1mreimport^[[22m | Preparing files to reimport...^[[39m^[[0m
verify	Importar los recursos del proyecto	2026-10-09T07:49:54.2218596Z [  64% ] ^[[90m^[[1mreimport^[[22m | Preparing files to reimport...^[[39m^[[0m
verify	Importar los recursos del proyecto	2026-10-09T07:49:54.2219551Z [  64% ] ^[[90m^[[1mreimport^[[22m | Preparing files to reimport...^[[39m^[[0m
verify	Importar los recursos del proyecto	2026-10-09T07:49:54.2220484Z [  64% ] ^[[90m^[[1mreimport^[[22m | Preparing files to reimport...^[[39m^[[0m
verify	Importar los recursos del proyecto	2026-10-09T07:49:54.2221415Z [  65% ] ^[[90m^[[1mreimport^[[22m | Preparing files to reimport...^[[39m^[[0m
verify	Importar los recursos del proyecto	2026-10-09T07:49:54.2222387Z [  65% ] ^[[90m^[[1mreimport^[[22m | Preparing files to reimport...^[[39m^[[0m
verify	Importar los recursos del proyecto	2026-10-09T07:49:54.2223325Z [  66% ] ^[[90m^[[1mreimport^[[22m | Preparing files to reimport...^[[39m^[[0m
verify	Importar los recursos del proyecto	2026-10-09T07:49:54.2224263Z [  66% ] ^[[90m^[[1mreimport^[[22m | Preparing files to reimport...^[[39m^[[0m
verify	Importar los recursos del proyecto	2026-10-09T07:49:54.2225235Z [  67% ] ^[[90m^[[1mreimport^[[22m | Preparing files to reimport...^[[39m^[[0m
verify	Importar los recursos del proyecto	2026-10-09T07:49:54.2226298Z [  67% ] ^[[90m^[[1mreimport^[[22m | Preparing files to reimport...^[[39m^[[0m
verify	Importar los recursos del proyecto	2026-10-09T07:49:54.2227239Z [  68% ] ^[[90m^[[1mreimport^[[22m | Preparing files to reimport...^[[39m^[[0m
verify	Importar los recursos del proyecto	2026-10-09T07:49:54.2228194Z [  68% ] ^[[90m^[[1mreimport^[[22m | Preparing files to reimport...^[[39m^[[0m
verify	Importar los recursos del proyecto	2026-10-09T07:49:54.2229135Z [  69% ] ^[[90m^[[1mreimport^[[22m | Preparing files to reimport...^[[39m^[[0m
verify	Importar los recursos del proyecto	2026-10-09T07:49:54.2230088Z [  69% ] ^[[90m^[[1mreimport^[[22m | Preparing files to reimport...^[[39m^[[0m
verify	Importar los recursos del proyecto	2026-10-09T07:49:54.2231034Z [  70% ] ^[[90m^[[1mreimport^[[22m | Preparing files to reimport...^[[39m^[[0m
verify	Importar los recursos del proyecto	2026-10-09T07:49:54.2231966Z [  70% ] ^[[90m^[[1mreimport^[[22m | Preparing files to reimport...^[[39m^[[0m
verify	Importar los recursos del proyecto	2026-10-09T07:49:54.2232908Z [  71% ] ^[[90m^[[1mreimport^[[22m | Preparing files to reimport...^[[39m^[[0m
verify	Importar los recursos del proyecto	2026-10-09T07:49:54.2233855Z [  71% ] ^[[90m^[[1mreimport^[[22m | Preparing files to reimport...^[[39m^[[0m
verify	Importar los recursos del proyecto	2026-10-09T07:49:54.2234805Z [  71% ] ^[[90m^[[1mreimport^[[22m | Preparing files to reimport...^[[39m^[[0m
verify	Importar los recursos del proyecto	2026-10-09T07:49:54.2235858Z [  72% ] ^[[90m^[[1mreimport^[[22m | Preparing files to reimport...^[[39m^[[0m
verify	Importar los recursos del proyecto	2026-10-09T07:49:54.2236803Z [  72% ] ^[[90m^[[1mreimport^[[22m | Preparing files to reimport...^[[39m^[[0m
verify	Importar los recursos del proyecto	2026-10-09T07:49:54.2237735Z [  73% ] ^[[90m^[[1mreimport^[[22m | Preparing files to reimport...^[[39m^[[0m
verify	Importar los recursos del proyecto	2026-10-09T07:49:54.2238689Z [  73% ] ^[[90m^[[1mreimport^[[22m | Preparing files to reimport...^[[39m^[[0m
verify	Importar los recursos del proyecto	2026-10-09T07:49:54.2239653Z [  74% ] ^[[90m^[[1mreimport^[[22m | Preparing files to reimport...^[[39m^[[0m
verify	Importar los recursos del proyecto	2026-10-09T07:49:54.2240611Z [  74% ] ^[[90m^[[1mreimport^[[22m | Preparing files to reimport...^[[39m^[[0m
verify	Importar los recursos del proyecto	2026-10-09T07:49:54.2241554Z [  75% ] ^[[90m^[[1mreimport^[[22m | Preparing files to reimport...^[[39m^[[0m
verify	Importar los recursos del proyecto	2026-10-09T07:49:54.2242505Z [  75% ] ^[[90m^[[1mreimport^[[22m | Preparing files to reimport...^[[39m^[[0m
verify	Importar los recursos del proyecto	2026-10-09T07:49:54.2243448Z [  76% ] ^[[90m^[[1mreimport^[[22m | Preparing files to reimport...^[[39m^[[0m
verify	Importar los recursos del proyecto	2026-10-09T07:49:54.2244331Z [  76% ] ^[[90m^[[1mreimport^[[22m | Preparing files to reimport...^[[39m^[[0m
verify	Importar los recursos del proyecto	2026-10-09T07:49:54.2245355Z [  77% ] ^[[90m^[[1mreimport^[[22m | Preparing files to reimport...^[[39m^[[0m
verify	Importar los recursos del proyecto	2026-10-09T07:49:54.2246304Z [  77% ] ^[[90m^[[1mreimport^[[22m | Preparing files to reimport...^[[39m^[[0m
verify	Importar los recursos del proyecto	2026-10-09T07:49:54.2247228Z [  78% ] ^[[90m^[[1mreimport^[[22m | Preparing files to reimport...^[[39m^[[0m
verify	Importar los recursos del proyecto	2026-10-09T07:49:54.2248279Z [  78% ] ^[[90m^[[1mreimport^[[22m | Preparing files to reimport...^[[39m^[[0m
verify	Importar los recursos del proyecto	2026-10-09T07:49:54.2249107Z [  78% ] ^[[90m^[[1mreimport^[[22m | Preparing files to reimport...^[[39m^[[0m
verify	Importar los recursos del proyecto	2026-10-09T07:49:54.2250060Z [  79% ] ^[[90m^[[1mreimport^[[22m | Preparing files to reimport...^[[39m^[[0m
verify	Importar los recursos del proyecto	2026-10-09T07:49:54.2250957Z [  79% ] ^[[90m^[[1mreimport^[[22m | Preparing files to reimport...^[[39m^[[0m
verify	Importar los recursos del proyecto	2026-10-09T07:49:54.2251833Z [  80% ] ^[[90m^[[1mreimport^[[22m | Preparing files to reimport...^[[39m^[[0m
verify	Importar los recursos del proyecto	2026-10-09T07:49:54.2252732Z [  80% ] ^[[90m^[[1mreimport^[[22m | Preparing files to reimport...^[[39m^[[0m
verify	Importar los recursos del proyecto	2026-10-09T07:49:54.2253611Z [  81% ] ^[[90m^[[1mreimport^[[22m | Preparing files to reimport...^[[39m^[[0m
verify	Importar los recursos del proyecto	2026-10-09T07:49:54.2254471Z [  81% ] ^[[90m^[[1mreimport^[[22m | Preparing files to reimport...^[[39m^[[0m
verify	Importar los recursos del proyecto	2026-10-09T07:49:54.2255444Z [  82% ] ^[[90m^[[1mreimport^[[22m | Preparing files to reimport...^[[39m^[[0m
verify	Importar los recursos del proyecto	2026-10-09T07:49:54.2256331Z [  82% ] ^[[90m^[[1mreimport^[[22m | Preparing files to reimport...^[[39m^[[0m
verify	Importar los recursos del proyecto	2026-10-09T07:49:54.2257209Z [  83% ] ^[[90m^[[1mreimport^[[22m | Preparing files to reimport...^[[39m^[[0m
verify	Importar los recursos del proyecto	2026-10-09T07:49:54.2258080Z [  83% ] ^[[90m^[[1mreimport^[[22m | Preparing files to reimport...^[[39m^[[0m
verify	Importar los recursos del proyecto	2026-10-09T07:49:54.2258964Z [  84% ] ^[[90m^[[1mreimport^[[22m | Preparing files to reimport...^[[39m^[[0m
verify	Importar los recursos del proyecto	2026-10-09T07:49:54.2259832Z [  84% ] ^[[90m^[[1mreimport^[[22m | Preparing files to reimport...^[[39m^[[0m
verify	Importar los recursos del proyecto	2026-10-09T07:49:54.2260702Z [  85% ] ^[[90m^[[1mreimport^[[22m | Preparing files to reimport...^[[39m^[[0m
verify	Importar los recursos del proyecto	2026-10-09T07:49:54.2261574Z [  85% ] ^[[90m^[[1mreimport^[[22m | Preparing files to reimport...^[[39m^[[0m
verify	Importar los recursos del proyecto	2026-10-09T07:49:54.2262470Z [  85% ] ^[[90m^[[1mreimport^[[22m | Preparing files to reimport...^[[39m^[[0m
verify	Importar los recursos del proyecto	2026-10-09T07:49:54.2263367Z [  86% ] ^[[90m^[[1mreimport^[[22m | Preparing files to reimport...^[[39m^[[0m
verify	Importar los recursos del proyecto	2026-10-09T07:49:54.2264245Z [  86% ] ^[[90m^[[1mreimport^[[22m | Preparing files to reimport...^[[39m^[[0m
verify	Importar los recursos del proyecto	2026-10-09T07:49:54.2265212Z [  87% ] ^[[90m^[[1mreimport^[[22m | Preparing files to reimport...^[[39m^[[0m
verify	Importar los recursos del proyecto	2026-10-09T07:49:54.2266138Z [  87% ] ^[[90m^[[1mreimport^[[22m | Preparing files to reimport...^[[39m^[[0m
verify	Importar los recursos del proyecto	2026-10-09T07:49:54.2267356Z [  88% ] ^[[90m^[[1mreimport^[[22m | Preparing files to reimport...^[[39m^[[0m
verify	Importar los recursos del proyecto	2026-10-09T07:49:54.2268118Z [  88% ] ^[[90m^[[1mreimport^[[22m | Preparing files to reimport...^[[39m^[[0m
verify	Importar los recursos del proyecto	2026-10-09T07:49:54.2268971Z [  89% ] ^[[90m^[[1mreimport^[[22m | Preparing files to reimport...^[[39m^[[0m
verify	Importar los recursos del proyecto	2026-10-09T07:49:54.2269840Z [  89% ] ^[[90m^[[1mreimport^[[22m | Preparing files to reimport...^[[39m^[[0m
verify	Importar los recursos del proyecto	2026-10-09T07:49:54.2270717Z [  90% ] ^[[90m^[[1mreimport^[[22m | Preparing files to reimport...^[[39m^[[0m
verify	Importar los recursos del proyecto	2026-10-09T07:49:54.2271582Z [  90% ] ^[[90m^[[1mreimport^[[22m | Preparing files to reimport...^[[39m^[[0m
verify	Importar los recursos del proyecto	2026-10-09T07:49:54.2272458Z [  91% ] ^[[90m^[[1mreimport^[[22m | Preparing files to reimport...^[[39m^[[0m
verify	Importar los recursos del proyecto	2026-10-09T07:49:54.2273330Z [  91% ] ^[[90m^[[1mreimport^[[22m | Preparing files to reimport...^[[39m^[[0m
verify	Importar los recursos del proyecto	2026-10-09T07:49:54.2274206Z [  92% ] ^[[90m^[[1mreimport^[[22m | Preparing files to reimport...^[[39m^[[0m
verify	Importar los recursos del proyecto	2026-10-09T07:49:54.2275315Z [  92% ] ^[[90m^[[1mreimport^[[22m | Preparing files to reimport...^[[39m^[[0m
verify	Importar los recursos del proyecto	2026-10-09T07:49:54.2276155Z [  92% ] ^[[90m^[[1mreimport^[[22m | Preparing files to reimport...^[[39m^[[0m
verify	Importar los recursos del proyecto	2026-10-09T07:49:54.2277040Z [  93% ] ^[[90m^[[1mreimport^[[22m | Preparing files to reimport...^[[39m^[[0m
verify	Importar los recursos del proyecto	2026-10-09T07:49:54.2277933Z [  93% ] ^[[90m^[[1mreimport^[[22m | Preparing files to reimport...^[[39m^[[0m
verify	Importar los recursos del proyecto	2026-10-09T07:49:54.2278782Z [  94% ] ^[[90m^[[1mreimport^[[22m | Preparing files to reimport...^[[39m^[[0m
verify	Importar los recursos del proyecto	2026-10-09T07:49:54.2279669Z [  94% ] ^[[90m^[[1mreimport^[[22m | Preparing files to reimport...^[[39m^[[0m
verify	Importar los recursos del proyecto	2026-10-09T07:49:54.2280548Z [  95% ] ^[[90m^[[1mreimport^[[22m | Preparing files to reimport...^[[39m^[[0m
verify	Importar los recursos del proyecto	2026-10-09T07:49:54.2281462Z [  95% ] ^[[90m^[[1mreimport^[[22m | Preparing files to reimport...^[[39m^[[0m
verify	Importar los recursos del proyecto	2026-10-09T07:49:54.2282350Z [  96% ] ^[[90m^[[1mreimport^[[22m | Preparing files to reimport...^[[39m^[[0m
verify	Importar los recursos del proyecto	2026-10-09T07:49:54.2283232Z [  96% ] ^[[90m^[[1mreimport^[[22m | Preparing files to reimport...^[[39m^[[0m
verify	Importar los recursos del proyecto	2026-10-09T07:49:54.2284125Z [  97% ] ^[[90m^[[1mreimport^[[22m | Preparing files to reimport...^[[39m^[[0m
verify	Importar los recursos del proyecto	2026-10-09T07:49:54.2285132Z [  97% ] ^[[90m^[[1mreimport^[[22m | Preparing files to reimport...^[[39m^[[0m
verify	Importar los recursos del proyecto	2026-10-09T07:49:54.2285961Z [  98% ] ^[[90m^[[1mreimport^[[22m | Preparing files to reimport...^[[39m^[[0m
verify	Importar los recursos del proyecto	2026-10-09T07:49:54.2287026Z [  98% ] ^[[90m^[[1mreimport^[[22m | Preparing files to reimport...^[[39m^[[0m
verify	Importar los recursos del proyecto	2026-10-09T07:49:54.2287870Z [  99% ] ^[[90m^[[1mreimport^[[22m | Preparing files to reimport...^[[39m^[[0m
verify	Importar los recursos del proyecto	2026-10-09T07:49:54.2289016Z [   0% ] ^[[90m^[[1mreimport^[[22m | Executing pre-reimport operations...^[[39m^[[0m
verify	Importar los recursos del proyecto	2026-10-09T07:49:54.2303724Z [   0% ] ^[[90m^[[1mpreload_reimporting_scene^[[22m | Started Preparing scenes for reload (1 steps)^[[39m^[[0m
verify	Importar los recursos del proyecto	2026-10-09T07:49:54.2303981Z [   0% ] ^[[90m^[[1mpreload_reimporting_scene^[[22m | Analyzing scene [empty]^[[39m^[[0m
verify	Importar los recursos del proyecto	2026-10-09T07:49:54.2304209Z [  50% ] ^[[90m^[[1mpreload_reimporting_scene^[[22m | Preparation done.^[[39m^[[0m
verify	Importar los recursos del proyecto	2026-10-09T07:49:54.2304374Z ^[[92m[ DONE ]^[[39m ^[[1mpreload_reimporting_scene^[[22m
verify	Importar los recursos del proyecto	2026-10-09T07:49:54.2304460Z ^[[0m
verify	Importar los recursos del proyecto	2026-10-09T07:49:54.2304618Z [   0% ] ^[[90m^[[1mreimport^[[22m | almacen.exr^[[39m^[[0m
verify	Importar los recursos del proyecto	2026-10-09T07:50:15.0639456Z [   0% ] ^[[90m^[[1mreimport^[[22m | unscii-16.ttf^[[39m^[[0m
verify	Importar los recursos del proyecto	2026-10-09T07:50:15.0831177Z res://assets/ui/manada/unscii-16.ttf: Pixel font detected, disabling subpixel positioning.
verify	Importar los recursos del proyecto	2026-10-09T07:50:15.0831731Z res://assets/ui/manada/unscii-16.ttf: Pixel font detected, disabling hinting.
verify	Importar los recursos del proyecto	2026-10-09T07:50:15.0866558Z [   0% ] ^[[90m^[[1mreimport^[[22m | almacen.exr^[[39m^[[0m
verify	Importar los recursos del proyecto	2026-10-09T07:50:15.0902429Z [   1% ] ^[[90m^[[1mreimport^[[22m | unscii-16.ttf^[[39m^[[0m
verify	Importar los recursos del proyecto	2026-10-09T07:50:15.1124620Z [   1% ] ^[[90m^[[1mreimport^[[22m | almacen.exr^[[39m^[[0m
verify	Importar los recursos del proyecto	2026-10-09T07:50:15.1165439Z [   2% ] ^[[90m^[[1mreimport^[[22m | unscii-16.ttf^[[39m^[[0m
verify	Importar los recursos del proyecto	2026-10-09T07:50:15.1345717Z [   2% ] ^[[90m^[[1mreimport^[[22m | AMB_PROXIMIDAD_Neon.ogg^[[39m^[[0m
verify	Importar los recursos del proyecto	2026-10-09T07:50:15.1385626Z [   3% ] ^[[90m^[[1mreimport^[[22m | MUS_Tema1.ogg^[[39m^[[0m
verify	Importar los recursos del proyecto	2026-10-09T07:50:15.1415391Z [   3% ] ^[[90m^[[1mreimport^[[22m | SEPT_JUEGOS_PROTOTIPO_Material_56.png^[[39m^[[0m
verify	Importar los recursos del proyecto	2026-10-09T07:50:15.1445374Z [   4% ] ^[[90m^[[1mreimport^[[22m | SEPT_JUEGOS_PROTOTIPO_Material_57.png^[[39m^[[0m
verify	Importar los recursos del proyecto	2026-10-09T07:50:15.1445919Z [   4% ] ^[[90m^[[1mreimport^[[22m | SEPT_JUEGOS_PROTOTIPO_Material_58.png^[[39m^[[0m
verify	Importar los recursos del proyecto	2026-10-09T07:50:15.1505405Z [   5% ] ^[[90m^[[1mreimport^[[22m | SEPT_JUEGOS_PROTOTIPO_Material_59.png^[[39m^[[0m
verify	Importar los recursos del proyecto	2026-10-09T07:50:15.1585938Z [   5% ] ^[[90m^[[1mreimport^[[22m | SEPT_JUEGOS_PROTOTIPO_mayonchis@300x.png^[[39m^[[0m
verify	Importar los recursos del proyecto	2026-10-09T07:50:15.1615624Z [   6% ] ^[[90m^[[1mreimport^[[22m | SEPT_JUEGOS_PROTOTIPO_normal nuevo.png^[[39m^[[0m
verify	Importar los recursos del proyecto	2026-10-09T07:50:15.1685663Z [   6% ] ^[[90m^[[1mreimport^[[22m | SEPT_JUEGOS_PROTOTIPO_nota baja resolución.png^[[39m^[[0m
verify	Importar los recursos del proyecto	2026-10-09T07:50:15.1745548Z [   7% ] ^[[90m^[[1mreimport^[[22m | SEPT_JUEGOS_PROTOTIPO_nota sin texto.png^[[39m^[[0m
verify	Importar los recursos del proyecto	2026-10-09T07:50:15.1775427Z [   7% ] ^[[90m^[[1mreimport^[[22m | SEPT_JUEGOS_PROTOTIPO_oaaaa completo.png^[[39m^[[0m
verify	Importar los recursos del proyecto	2026-10-09T07:50:15.1835437Z [   7% ] ^[[90m^[[1mreimport^[[22m | SEPT_JUEGOS_PROTOTIPO_oremos.png^[[39m^[[0m
verify	Importar los recursos del proyecto	2026-10-09T07:50:15.1865447Z [   8% ] ^[[90m^[[1mreimport^[[22m | SEPT_JUEGOS_PROTOTIPO_painted_plaster_wall_diff_1k.jpg^[[39m^[[0m
verify	Importar los recursos del proyecto	2026-10-09T07:50:15.1945661Z [   8% ] ^[[90m^[[1mreimport^[[22m | SEPT_JUEGOS_PROTOTIPO_pepito.png^[[39m^[[0m
verify	Importar los recursos del proyecto	2026-10-09T07:50:15.1971643Z [   9% ] ^[[90m^[[1mreimport^[[22m | SEPT_JUEGOS_PROTOTIPO_petisas completo.png^[[39m^[[0m
verify	Importar los recursos del proyecto	2026-10-09T07:50:15.1995366Z [   9% ] ^[[90m^[[1mreimport^[[22m | SEPT_JUEGOS_PROTOTIPO_piso_baseColor.png^[[39m^[[0m
verify	Importar los recursos del proyecto	2026-10-09T07:50:15.2020245Z [  10% ] ^[[90m^[[1mreimport^[[22m | SEPT_JUEGOS_PROTOTIPO_placa_acustica_basecolor.png^[[39m^[[0m
verify	Importar los recursos del proyecto	2026-10-09T07:50:15.2035543Z [  10% ] ^[[90m^[[1mreimport^[[22m | SEPT_JUEGOS_PROTOTIPO_porcelana_atlas.png^[[39m^[[0m
verify	Importar los recursos del proyecto	2026-10-09T07:50:15.2108610Z [  11% ] ^[[90m^[[1mreimport^[[22m | SEPT_JUEGOS_PROTOTIPO_progres.png^[[39m^[[0m
verify	Importar los recursos del proyecto	2026-10-09T07:50:15.2135487Z [  11% ] ^[[90m^[[1mreimport^[[22m | SEPT_JUEGOS_PROTOTIPO_puchos.png^[[39m^[[0m
verify	Importar los recursos del proyecto	2026-10-09T07:50:15.2255862Z [  12% ] ^[[90m^[[1mreimport^[[22m | SEPT_JUEGOS_PROTOTIPO_puerta textura.png^[[39m^[[0m
verify	Importar los recursos del proyecto	2026-10-09T07:50:15.2286698Z [  12% ] ^[[90m^[[1mreimport^[[22m | SEPT_JUEGOS_PROTOTIPO_rejilla_bano.png^[[39m^[[0m
verify	Importar los recursos del proyecto	2026-10-09T07:50:15.2315454Z [  13% ] ^[[90m^[[1mreimport^[[22m | SEPT_JUEGOS_PROTOTIPO_reloj.png^[[39m^[[0m
verify	Importar los recursos del proyecto	2026-10-09T07:50:15.2330122Z [  13% ] ^[[90m^[[1mreimport^[[22m | SEPT_JUEGOS_PROTOTIPO_saladick.png^[[39m^[[0m
verify	Importar los recursos del proyecto	2026-10-09T07:50:15.2365497Z [  14% ] ^[[90m^[[1mreimport^[[22m | SEPT_JUEGOS_PROTOTIPO_techo1_baseColor.jpg^[[39m^[[0m
verify	Importar los recursos del proyecto	2026-10-09T07:50:15.2395639Z [  14% ] ^[[90m^[[1mreimport^[[22m | SEPT_JUEGOS_PROTOTIPO_Terminator completo.png^[[39m^[[0m
verify	Importar los recursos del proyecto	2026-10-09T07:50:15.2455658Z [  14% ] ^[[90m^[[1mreimport^[[22m | SEPT_JUEGOS_PROTOTIPO_texto instrucciones limpieza.png^[[39m^[[0m
verify	Importar los recursos del proyecto	2026-10-09T07:50:15.2485464Z [  15% ] ^[[90m^[[1mreimport^[[22m | SEPT_JUEGOS_PROTOTIPO_deposito_contenedor_tapa_normal.png^[[39m^[[0m
verify	Importar los recursos del proyecto	2026-10-09T07:50:15.2515557Z [  15% ] ^[[90m^[[1mreimport^[[22m | SEPT_JUEGOS_PROTOTIPO_deposito_contenedor_tapa_roughness.png^[[39m^[[0m
verify	Importar los recursos del proyecto	2026-10-09T07:50:15.2545624Z [  16% ] ^[[90m^[[1mreimport^[[22m | SEPT_JUEGOS_PROTOTIPO_Don Saturados completo.png^[[39m^[[0m
verify	Importar los recursos del proyecto	2026-10-09T07:50:15.2565546Z [  16% ] ^[[90m^[[1mreimport^[[22m | SEPT_JUEGOS_PROTOTIPO_Durextra completo_1.png^[[39m^[[0m
verify	Importar los recursos del proyecto	2026-10-09T07:50:15.2595518Z [  17% ] ^[[90m^[[1mreimport^[[22m | SEPT_JUEGOS_PROTOTIPO_duronga.png^[[39m^[[0m
verify	Importar los recursos del proyecto	2026-10-09T07:50:15.2646468Z [  17% ] ^[[90m^[[1mreimport^[[22m | SEPT_JUEGOS_PROTOTIPO_exterior_nocturno.png^[[39m^[[0m
verify	Importar los recursos del proyecto	2026-10-09T07:50:15.2675683Z [  18% ] ^[[90m^[[1mreimport^[[22m | SEPT_JUEGOS_PROTOTIPO_fernetgod textura.png^[[39m^[[0m
verify	Importar los recursos del proyecto	2026-10-09T07:50:15.2715617Z [  18% ] ^[[90m^[[1mreimport^[[22m | SEPT_JUEGOS_PROTOTIPO_fideos marolini.png^[[39m^[[0m
verify	Importar los recursos del proyecto	2026-10-09T07:50:15.2725380Z [  19% ] ^[[90m^[[1mreimport^[[22m | SEPT_JUEGOS_PROTOTIPO_flim pof completo.png^[[39m^[[0m
verify	Importar los recursos del proyecto	2026-10-09T07:50:15.2909717Z [  19% ] ^[[90m^[[1mreimport^[[22m | SEPT_JUEGOS_PROTOTIPO_frot lups.png^[[39m^[[0m
verify	Importar los recursos del proyecto	2026-10-09T07:50:15.2935676Z [  20% ] ^[[90m^[[1mreimport^[[22m | SEPT_JUEGOS_PROTOTIPO_gondola_chapa_blanca_512_basecolor.png^[[39m^[[0m
verify	Importar los recursos del proyecto	2026-10-09T07:50:15.2955968Z [  20% ] ^[[90m^[[1mreimport^[[22m | SEPT_JUEGOS_PROTOTIPO_gondola_panel_blanca_1024_basecolor.png^[[39m^[[0m
verify	Importar los recursos del proyecto	2026-10-09T07:50:15.2979767Z [  21% ] ^[[90m^[[1mreimport^[[22m | SEPT_JUEGOS_PROTOTIPO_gondola_portaprecio_basecolor.png^[[39m^[[0m
verify	Importar los recursos del proyecto	2026-10-09T07:50:15.2995607Z [  21% ] ^[[90m^[[1mreimport^[[22m | SEPT_JUEGOS_PROTOTIPO_Guía de jabones y manchas copy.png^[[39m^[[0m
verify	Importar los recursos del proyecto	2026-10-09T07:50:15.3023886Z [  21% ] ^[[90m^[[1mreimport^[[22m | SEPT_JUEGOS_PROTOTIPO_interior_tiles_diff_1k.jpg^[[39m^[[0m
verify	Importar los recursos del proyecto	2026-10-09T07:50:15.3055688Z [  22% ] ^[[90m^[[1mreimport^[[22m | SEPT_JUEGOS_PROTOTIPO_jabón liquido.png^[[39m^[[0m
verify	Importar los recursos del proyecto	2026-10-09T07:50:15.3085390Z [  22% ] ^[[90m^[[1mreimport^[[22m | SEPT_JUEGOS_PROTOTIPO_jorgillata.png^[[39m^[[0m
verify	Importar los recursos del proyecto	2026-10-09T07:50:15.3106201Z [  23% ] ^[[90m^[[1mreimport^[[22m | SEPT_JUEGOS_PROTOTIPO_Lay´snt´t completo_1.png^[[39m^[[0m
verify	Importar los recursos del proyecto	2026-10-09T07:50:15.3145783Z [  23% ] ^[[90m^[[1mreimport^[[22m | SEPT_JUEGOS_PROTOTIPO_LIMPIEZA ETIQUETA (1).png^[[39m^[[0m
verify	Importar los recursos del proyecto	2026-10-09T07:50:15.3185455Z [  24% ] ^[[90m^[[1mreimport^[[22m | SEPT_JUEGOS_PROTOTIPO_LIMPIEZA ETIQUETA (2).png^[[39m^[[0m
verify	Importar los recursos del proyecto	2026-10-09T07:50:15.3215353Z [  24% ] ^[[90m^[[1mreimport^[[22m | SEPT_JUEGOS_PROTOTIPO_LIMPIEZA ETIQUETA (3).png^[[39m^[[0m
verify	Importar los recursos del proyecto	2026-10-09T07:50:15.3235424Z [  25% ] ^[[90m^[[1mreimport^[[22m | SEPT_JUEGOS_PROTOTIPO_macumbas completo.png^[[39m^[[0m
verify	Importar los recursos del proyecto	2026-10-09T07:50:15.3255348Z [  25% ] ^[[90m^[[1mreimport^[[22m | SEPT_JUEGOS_PROTOTIPO_Material.png^[[39m^[[0m
verify	Importar los recursos del proyecto	2026-10-09T07:50:15.3786261Z [  26% ] ^[[90m^[[1mreimport^[[22m | SEPT_JUEGOS_PROTOTIPO_Material_6.png^[[39m^[[0m
verify	Importar los recursos del proyecto	2026-10-09T07:50:15.4630072Z [  26% ] ^[[90m^[[1mreimport^[[22m | SEPT_JUEGOS_PROTOTIPO_Material_54.png^[[39m^[[0m
verify	Importar los recursos del proyecto	2026-10-09T07:50:15.5306616Z [  27% ] ^[[90m^[[1mreimport^[[22m | SEPT_JUEGOS_PROTOTIPO_Material_55.png^[[39m^[[0m
verify	Importar los recursos del proyecto	2026-10-09T07:50:15.5922191Z [  27% ] ^[[90m^[[1mreimport^[[22m | flinpuf.png^[[39m^[[0m
verify	Importar los recursos del proyecto	2026-10-09T07:50:15.5955344Z [  28% ] ^[[90m^[[1mreimport^[[22m | fondo.png^[[39m^[[0m
verify	Importar los recursos del proyecto	2026-10-09T07:50:15.6556205Z [  28% ] ^[[90m^[[1mreimport^[[22m | fondo_inicio.png^[[39m^[[0m
verify	Importar los recursos del proyecto	2026-10-09T07:50:15.7244738Z [  28% ] ^[[90m^[[1mreimport^[[22m | frotlups.png^[[39m^[[0m
verify	Importar los recursos del proyecto	2026-10-09T07:50:15.7974914Z [  29% ] ^[[90m^[[1mreimport^[[22m | jorgillo.png^[[39m^[[0m
verify	Importar los recursos del proyecto	2026-10-09T07:50:15.8166107Z [  29% ] ^[[90m^[[1mreimport^[[22m | laysntt.png^[[39m^[[0m
verify	Importar los recursos del proyecto	2026-10-09T07:50:15.8586257Z [  30% ] ^[[90m^[[1mreimport^[[22m | linea_detalle.svg^[[39m^[[0m
verify	Importar los recursos del proyecto	2026-10-09T07:50:15.8875913Z [  30% ] ^[[90m^[[1mreimport^[[22m | macumbas.png^[[39m^[[0m
verify	Importar los recursos del proyecto	2026-10-09T07:50:15.9208341Z [  31% ] ^[[90m^[[1mreimport^[[22m | malbardo.png^[[39m^[[0m
verify	Importar los recursos del proyecto	2026-10-09T07:50:15.9617610Z [  31% ] ^[[90m^[[1mreimport^[[22m | marolini.png^[[39m^[[0m
verify	Importar los recursos del proyecto	2026-10-09T07:50:15.9976075Z [  32% ] ^[[90m^[[1mreimport^[[22m | marranos.png^[[39m^[[0m
verify	Importar los recursos del proyecto	2026-10-09T07:50:16.0082411Z [  32% ] ^[[90m^[[1mreimport^[[22m | mayonchis.png^[[39m^[[0m
verify	Importar los recursos del proyecto	2026-10-09T07:50:16.0286443Z [  33% ] ^[[90m^[[1mreimport^[[22m | oaaaa.png^[[39m^[[0m
verify	Importar los recursos del proyecto	2026-10-09T07:50:16.0305897Z [  33% ] ^[[90m^[[1mreimport^[[22m | oremos.png^[[39m^[[0m
verify	Importar los recursos del proyecto	2026-10-09T07:50:16.0605224Z [  34% ] ^[[90m^[[1mreimport^[[22m | pepitos.png^[[39m^[[0m
verify	Importar los recursos del proyecto	2026-10-09T07:50:16.0617264Z [  34% ] ^[[90m^[[1mreimport^[[22m | petisas.png^[[39m^[[0m
verify	Importar los recursos del proyecto	2026-10-09T07:50:16.1035744Z [  35% ] ^[[90m^[[1mreimport^[[22m | prongles.png^[[39m^[[0m
verify	Importar los recursos del proyecto	2026-10-09T07:50:16.1095303Z [  35% ] ^[[90m^[[1mreimport^[[22m | puntos_de_carga.svg^[[39m^[[0m
verify	Importar los recursos del proyecto	2026-10-09T07:50:16.1245395Z [  35% ] ^[[90m^[[1mreimport^[[22m | registro.svg^[[39m^[[0m
verify	Importar los recursos del proyecto	2026-10-09T07:50:16.1756059Z [  36% ] ^[[90m^[[1mreimport^[[22m | saladik.png^[[39m^[[0m
verify	Importar los recursos del proyecto	2026-10-09T07:50:16.1785616Z [  36% ] ^[[90m^[[1mreimport^[[22m | solapa.svg^[[39m^[[0m
verify	Importar los recursos del proyecto	2026-10-09T07:50:16.1876340Z [  37% ] ^[[90m^[[1mreimport^[[22m | terminator.png^[[39m^[[0m
verify	Importar los recursos del proyecto	2026-10-09T07:50:16.2019481Z [  37% ] ^[[90m^[[1mreimport^[[22m | titulo_inicio.png^[[39m^[[0m
verify	Importar los recursos del proyecto	2026-10-09T07:50:16.2045576Z [  38% ] ^[[90m^[[1mreimport^[[22m | uakas.png^[[39m^[[0m
verify	Importar los recursos del proyecto	2026-10-09T07:50:16.2166509Z [  38% ] ^[[90m^[[1mreimport^[[22m | zucarachas.png^[[39m^[[0m
verify	Importar los recursos del proyecto	2026-10-09T07:50:16.2236083Z [  39% ] ^[[90m^[[1mreimport^[[22m | icon.svg^[[39m^[[0m
verify	Importar los recursos del proyecto	2026-10-09T07:50:16.2265540Z [  39% ] ^[[90m^[[1mreimport^[[22m | SEPT_JUEGOS_PROTOTIPO_textura balde.png^[[39m^[[0m
verify	Importar los recursos del proyecto	2026-10-09T07:50:16.2315441Z [  40% ] ^[[90m^[[1mreimport^[[22m | SEPT_JUEGOS_PROTOTIPO_textura caja.png^[[39m^[[0m
verify	Importar los recursos del proyecto	2026-10-09T07:50:16.2341686Z [  40% ] ^[[90m^[[1mreimport^[[22m | SEPT_JUEGOS_PROTOTIPO_textura mopa.png^[[39m^[[0m
verify	Importar los recursos del proyecto	2026-10-09T07:50:16.2365904Z [  41% ] ^[[90m^[[1mreimport^[[22m | SEPT_JUEGOS_PROTOTIPO_textura portón.png^[[39m^[[0m
verify	Importar los recursos del proyecto	2026-10-09T07:50:16.2435077Z [  41% ] ^[[90m^[[1mreimport^[[22m | SEPT_JUEGOS_PROTOTIPO_textura poético.png^[[39m^[[0m
verify	Importar los recursos del proyecto	2026-10-09T07:50:16.2435880Z [  42% ] ^[[90m^[[1mreimport^[[22m | SEPT_JUEGOS_PROTOTIPO_textura.png^[[39m^[[0m
verify	Importar los recursos del proyecto	2026-10-09T07:50:16.2445518Z [  42% ] ^[[90m^[[1mreimport^[[22m | SEPT_JUEGOS_PROTOTIPO_wakasfideos.png^[[39m^[[0m
verify	Importar los recursos del proyecto	2026-10-09T07:50:16.2475466Z [  42% ] ^[[90m^[[1mreimport^[[22m | SEPT_JUEGOS_PROTOTIPO_Wood_02-128x128.png^[[39m^[[0m
verify	Importar los recursos del proyecto	2026-10-09T07:50:16.3088336Z [  43% ] ^[[90m^[[1mreimport^[[22m | SEPT_JUEGOS_PROTOTIPO_Wood_09-128x128.png^[[39m^[[0m
verify	Importar los recursos del proyecto	2026-10-09T07:50:16.3106541Z [  43% ] ^[[90m^[[1mreimport^[[22m | SEPT_JUEGOS_PROTOTIPO_Wood_10-128x128.png^[[39m^[[0m
verify	Importar los recursos del proyecto	2026-10-09T07:50:16.3126028Z [  44% ] ^[[90m^[[1mreimport^[[22m | SEPT_JUEGOS_PROTOTIPO_Zucarachas completo_1.png^[[39m^[[0m
verify	Importar los recursos del proyecto	2026-10-09T07:50:16.3215672Z [  44% ] ^[[90m^[[1mreimport^[[22m | actroncito.png^[[39m^[[0m
verify	Importar los recursos del proyecto	2026-10-09T07:50:16.3701612Z [  45% ] ^[[90m^[[1mreimport^[[22m | amargadito.png^[[39m^[[0m
verify	Importar los recursos del proyecto	2026-10-09T07:50:16.3725733Z [  45% ] ^[[90m^[[1mreimport^[[22m | arvejas.png^[[39m^[[0m
verify	Importar los recursos del proyecto	2026-10-09T07:50:16.3855865Z [  46% ] ^[[90m^[[1mreimport^[[22m | burbaloo.png^[[39m^[[0m
verify	Importar los recursos del proyecto	2026-10-09T07:50:16.3865388Z [  46% ] ^[[90m^[[1mreimport^[[22m | cabecera.svg^[[39m^[[0m
verify	Importar los recursos del proyecto	2026-10-09T07:50:16.4326077Z [  47% ] ^[[90m^[[1mreimport^[[22m | chisitos.png^[[39m^[[0m
verify	Importar los recursos del proyecto	2026-10-09T07:50:16.4435766Z [  47% ] ^[[90m^[[1mreimport^[[22m | cindolor.png^[[39m^[[0m
verify	Importar los recursos del proyecto	2026-10-09T07:50:16.4525992Z [  48% ] ^[[90m^[[1mreimport^[[22m | computadora.svg^[[39m^[[0m
verify	Importar los recursos del proyecto	2026-10-09T07:50:16.4946055Z [  48% ] ^[[90m^[[1mreimport^[[22m | coracola.png^[[39m^[[0m
verify	Importar los recursos del proyecto	2026-10-09T07:50:16.5156121Z [  49% ] ^[[90m^[[1mreimport^[[22m | cosa_de_mani.png^[[39m^[[0m
verify	Importar los recursos del proyecto	2026-10-09T07:50:16.5183596Z [  49% ] ^[[90m^[[1mreimport^[[22m | donsaturados.png^[[39m^[[0m
verify	Importar los recursos del proyecto	2026-10-09T07:50:16.5265789Z [  50% ] ^[[90m^[[1mreimport^[[22m | durextra.png^[[39m^[[0m
verify	Importar los recursos del proyecto	2026-10-09T07:50:16.5295316Z [  50% ] ^[[90m^[[1mreimport^[[22m | duronga.png^[[39m^[[0m
verify	Importar los recursos del proyecto	2026-10-09T07:50:16.5536057Z [  50% ] ^[[90m^[[1mreimport^[[22m | feel_ricky_fort.png^[[39m^[[0m
verify	Importar los recursos del proyecto	2026-10-09T07:50:16.5622789Z [  51% ] ^[[90m^[[1mreimport^[[22m | fernet_god.png^[[39m^[[0m
verify	Importar los recursos del proyecto	2026-10-09T07:50:16.5924872Z [  51% ] ^[[90m^[[1mreimport^[[22m | SEPT_JUEGOS_PROTOTIPO_amargadito completo.png^[[39m^[[0m
verify	Importar los recursos del proyecto	2026-10-09T07:50:16.5975960Z [  52% ] ^[[90m^[[1mreimport^[[22m | SEPT_JUEGOS_PROTOTIPO_Actroncito completo.png^[[39m^[[0m
verify	Importar los recursos del proyecto	2026-10-09T07:50:16.6103331Z [  52% ] ^[[90m^[[1mreimport^[[22m | vidrio_marcas.png^[[39m^[[0m
verify	Importar los recursos del proyecto	2026-10-09T07:50:16.6776481Z [  53% ] ^[[90m^[[1mreimport^[[22m | estacion_panoramica_gemini.jpg^[[39m^[[0m
verify	Importar los recursos del proyecto	2026-10-09T07:50:16.6785766Z [  53% ] ^[[90m^[[1mreimport^[[22m | estacion_fondo_sin_objetos.png^[[39m^[[0m
verify	Importar los recursos del proyecto	2026-10-09T07:50:16.6935645Z [  54% ] ^[[90m^[[1mreimport^[[22m | canopy_without_lamp.png^[[39m^[[0m
verify	Importar los recursos del proyecto	2026-10-09T07:50:16.7606088Z [  54% ] ^[[90m^[[1mreimport^[[22m | zucarachas.png^[[39m^[[0m
verify	Importar los recursos del proyecto	2026-10-09T07:50:16.7635532Z [  55% ] ^[[90m^[[1mreimport^[[22m | terminator.png^[[39m^[[0m
verify	Importar los recursos del proyecto	2026-10-09T07:50:16.7775489Z [  55% ] ^[[90m^[[1mreimport^[[22m | petisas.png^[[39m^[[0m
verify	Importar los recursos del proyecto	2026-10-09T07:50:16.8395688Z [  56% ] ^[[90m^[[1mreimport^[[22m | oaaaa.png^[[39m^[[0m
verify	Importar los recursos del proyecto	2026-10-09T07:50:16.8437550Z [  56% ] ^[[90m^[[1mreimport^[[22m | mayonchis.png^[[39m^[[0m
verify	Importar los recursos del proyecto	2026-10-09T07:50:16.8485643Z [  57% ] ^[[90m^[[1mreimport^[[22m | macumbas.png^[[39m^[[0m
verify	Importar los recursos del proyecto	2026-10-09T07:50:16.8605729Z [  57% ] ^[[90m^[[1mreimport^[[22m | laysntt.png^[[39m^[[0m
verify	Importar los recursos del proyecto	2026-10-09T07:50:16.8635503Z [  57% ] ^[[90m^[[1mreimport^[[22m | jorgillo.png^[[39m^[[0m
verify	Importar los recursos del proyecto	2026-10-09T07:50:16.8665688Z [  58% ] ^[[90m^[[1mreimport^[[22m | frotlups.png^[[39m^[[0m
verify	Importar los recursos del proyecto	2026-10-09T07:50:16.8715393Z [  58% ] ^[[90m^[[1mreimport^[[22m | flinpuf.png^[[39m^[[0m
verify	Importar los recursos del proyecto	2026-10-09T07:50:16.8715879Z [  59% ] ^[[90m^[[1mreimport^[[22m | touch-button.png^[[39m^[[0m
verify	Importar los recursos del proyecto	2026-10-09T07:50:16.8716246Z [  59% ] ^[[90m^[[1mreimport^[[22m | logo.png^[[39m^[[0m
verify	Importar los recursos del proyecto	2026-10-09T07:50:16.8716608Z [  60% ] ^[[90m^[[1mreimport^[[22m | border_bottom.png^[[39m^[[0m
verify	Importar los recursos del proyecto	2026-10-09T07:50:16.8716974Z [  60% ] ^[[90m^[[1mreimport^[[22m | border_top.png^[[39m^[[0m
verify	Importar los recursos del proyecto	2026-10-09T07:50:16.9205898Z [  61% ] ^[[90m^[[1mreimport^[[22m | dot1.png^[[39m^[[0m
verify	Importar los recursos del proyecto	2026-10-09T07:50:16.9534194Z [  61% ] ^[[90m^[[1mreimport^[[22m | dot2.png^[[39m^[[0m
verify	Importar los recursos del proyecto	2026-10-09T07:50:16.9565442Z [  62% ] ^[[90m^[[1mreimport^[[22m | embedded.png^[[39m^[[0m
verify	Importar los recursos del proyecto	2026-10-09T07:50:17.0025907Z [  62% ] ^[[90m^[[1mreimport^[[22m | horizontal-line2.png^[[39m^[[0m
verify	Importar los recursos del proyecto	2026-10-09T07:50:17.0374700Z [  63% ] ^[[90m^[[1mreimport^[[22m | actroncito.png^[[39m^[[0m
verify	Importar los recursos del proyecto	2026-10-09T07:50:17.0395513Z [  63% ] ^[[90m^[[1mreimport^[[22m | amargadito.png^[[39m^[[0m
verify	Importar los recursos del proyecto	2026-10-09T07:50:17.0816059Z [  64% ] ^[[90m^[[1mreimport^[[22m | burbaloo.png^[[39m^[[0m
verify	Importar los recursos del proyecto	2026-10-09T07:50:17.0875611Z [  64% ] ^[[90m^[[1mreimport^[[22m | cindolor.png^[[39m^[[0m
verify	Importar los recursos del proyecto	2026-10-09T07:50:17.1205835Z [  64% ] ^[[90m^[[1mreimport^[[22m | cosa_de_mani.png^[[39m^[[0m
verify	Importar los recursos del proyecto	2026-10-09T07:50:17.1235495Z [  65% ] ^[[90m^[[1mreimport^[[22m | donsaturados.png^[[39m^[[0m
verify	Importar los recursos del proyecto	2026-10-09T07:50:17.1325413Z [  65% ] ^[[90m^[[1mreimport^[[22m | durextra.png^[[39m^[[0m
verify	Importar los recursos del proyecto	2026-10-09T07:50:17.1395685Z [  66% ] ^[[90m^[[1mreimport^[[22m | duronga.png^[[39m^[[0m
verify	Importar los recursos del proyecto	2026-10-09T07:50:17.1475526Z [  66% ] ^[[90m^[[1mreimport^[[22m | fernet_god.png^[[39m^[[0m
verify	Importar los recursos del proyecto	2026-10-09T07:50:17.1495719Z [  67% ] ^[[90m^[[1mreimport^[[22m | SEPT_JUEGOS_PROTOTIPO_cielorraso_sin_luces.png^[[39m^[[0m
verify	Importar los recursos del proyecto	2026-10-09T07:50:17.1533952Z [  67% ] ^[[90m^[[1mreimport^[[22m | SEPT_JUEGOS_PROTOTIPO_cindolor completo.png^[[39m^[[0m
verify	Importar los recursos del proyecto	2026-10-09T07:50:17.1605945Z [  68% ] ^[[90m^[[1mreimport^[[22m | SEPT_JUEGOS_PROTOTIPO_compu normals.png^[[39m^[[0m
verify	Importar los recursos del proyecto	2026-10-09T07:50:17.1633717Z [  68% ] ^[[90m^[[1mreimport^[[22m | SEPT_JUEGOS_PROTOTIPO_concrete_floor_worn_001_rough_1k.png^[[39m^[[0m
verify	Importar los recursos del proyecto	2026-10-09T07:50:17.1649467Z [  69% ] ^[[90m^[[1mreimport^[[22m | SEPT_JUEGOS_PROTOTIPO_concreto2_baseColor.png^[[39m^[[0m
verify	Importar los recursos del proyecto	2026-10-09T07:50:17.1735697Z [  69% ] ^[[90m^[[1mreimport^[[22m | SEPT_JUEGOS_PROTOTIPO_cora cola.png^[[39m^[[0m
verify	Importar los recursos del proyecto	2026-10-09T07:50:17.1805793Z [  70% ] ^[[90m^[[1mreimport^[[22m | SEPT_JUEGOS_PROTOTIPO_corrugated_iron_02_diff_1k.jpg^[[39m^[[0m
verify	Importar los recursos del proyecto	2026-10-09T07:50:17.1838380Z [  70% ] ^[[90m^[[1mreimport^[[22m | SEPT_JUEGOS_PROTOTIPO_corrugated_iron_02_metal_1k-corrugated_iron_02_rough_1k.png^[[39m^[[0m
verify	Importar los recursos del proyecto	2026-10-09T07:50:17.1848497Z [  71% ] ^[[90m^[[1mreimport^[[22m | SEPT_JUEGOS_PROTOTIPO_corrugated_iron_02_nor_gl_1k.png^[[39m^[[0m
verify	Importar los recursos del proyecto	2026-10-09T07:50:17.1867607Z [  71% ] ^[[90m^[[1mreimport^[[22m | SEPT_JUEGOS_PROTOTIPO_cosa de mani interno.png^[[39m^[[0m
verify	Importar los recursos del proyecto	2026-10-09T07:50:17.1916807Z [  71% ] ^[[90m^[[1mreimport^[[22m | SEPT_JUEGOS_PROTOTIPO_deposito_concreto_color.png^[[39m^[[0m
verify	Importar los recursos del proyecto	2026-10-09T07:50:17.1925497Z [  72% ] ^[[90m^[[1mreimport^[[22m | SEPT_JUEGOS_PROTOTIPO_deposito_concreto_normal.png^[[39m^[[0m
verify	Importar los recursos del proyecto	2026-10-09T07:50:17.1932398Z [  72% ] ^[[90m^[[1mreimport^[[22m | SEPT_JUEGOS_PROTOTIPO_deposito_contenedor_cuerpo_color.png^[[39m^[[0m
verify	Importar los recursos del proyecto	2026-10-09T07:50:17.1933085Z [  73% ] ^[[90m^[[1mreimport^[[22m | SEPT_JUEGOS_PROTOTIPO_deposito_contenedor_cuerpo_normal.png^[[39m^[[0m
verify	Importar los recursos del proyecto	2026-10-09T07:50:17.1955631Z [  73% ] ^[[90m^[[1mreimport^[[22m | SEPT_JUEGOS_PROTOTIPO_deposito_contenedor_cuerpo_roughness.png^[[39m^[[0m
verify	Importar los recursos del proyecto	2026-10-09T07:50:17.2015412Z [  74% ] ^[[90m^[[1mreimport^[[22m | SEPT_JUEGOS_PROTOTIPO_deposito_contenedor_ruedas_normal.png^[[39m^[[0m
verify	Importar los recursos del proyecto	2026-10-09T07:50:17.2105775Z [  74% ] ^[[90m^[[1mreimport^[[22m | SEPT_JUEGOS_PROTOTIPO_deposito_contenedor_tapa_color.png^[[39m^[[0m
verify	Importar los recursos del proyecto	2026-10-09T07:50:17.2135390Z [  75% ] ^[[90m^[[1mreimport^[[22m | SEPT_JUEGOS_PROTOTIPO_arvecor.png^[[39m^[[0m
verify	Importar los recursos del proyecto	2026-10-09T07:50:17.2265749Z [  75% ] ^[[90m^[[1mreimport^[[22m | SEPT_JUEGOS_PROTOTIPO_atun marranos.png^[[39m^[[0m
verify	Importar los recursos del proyecto	2026-10-09T07:50:17.2346358Z [  76% ] ^[[90m^[[1mreimport^[[22m | SEPT_JUEGOS_PROTOTIPO_bano_ivory_oscuro_color.png^[[39m^[[0m
verify	Importar los recursos del proyecto	2026-10-09T07:50:17.2365911Z [  76% ] ^[[90m^[[1mreimport^[[22m | SEPT_JUEGOS_PROTOTIPO_bano_ivory_oscuro_normal.png^[[39m^[[0m
verify	Importar los recursos del proyecto	2026-10-09T07:50:17.2405796Z [  77% ] ^[[90m^[[1mreimport^[[22m | SEPT_JUEGOS_PROTOTIPO_bano_ivory_oscuro_orm.png^[[39m^[[0m
verify	Importar los recursos del proyecto	2026-10-09T07:50:17.2435684Z [  77% ] ^[[90m^[[1mreimport^[[22m | SEPT_JUEGOS_PROTOTIPO_bano_piso_gris.png^[[39m^[[0m
verify	Importar los recursos del proyecto	2026-10-09T07:50:17.2495559Z [  78% ] ^[[90m^[[1mreimport^[[22m | SEPT_JUEGOS_PROTOTIPO_Bricks066_1K-JPG_Color.jpg^[[39m^[[0m
verify	Importar los recursos del proyecto	2026-10-09T07:50:17.2525664Z [  78% ] ^[[90m^[[1mreimport^[[22m | SEPT_JUEGOS_PROTOTIPO_Bricks066_1K-JPG_NormalGL.jpg^[[39m^[[0m
verify	Importar los recursos del proyecto	2026-10-09T07:50:17.2676127Z [  78% ] ^[[90m^[[1mreimport^[[22m | SEPT_JUEGOS_PROTOTIPO_cielorraso_placas.png^[[39m^[[0m
verify	Importar los recursos del proyecto	2026-10-09T07:50:17.2796010Z [  79% ] ^[[90m^[[1mreimport^[[22m | SEPT_JUEGOS_PROTOTIPO_cielorraso_emision.png^[[39m^[[0m
verify	Importar los recursos del proyecto	2026-10-09T07:50:17.2852420Z [  79% ] ^[[90m^[[1mreimport^[[22m | SEPT_JUEGOS_PROTOTIPO_chisito.png^[[39m^[[0m
verify	Importar los recursos del proyecto	2026-10-09T07:50:17.2934370Z [  80% ] ^[[90m^[[1mreimport^[[22m | SEPT_JUEGOS_PROTOTIPO_cereal textura.png^[[39m^[[0m
verify	Importar los recursos del proyecto	2026-10-09T07:50:17.2968632Z [  80% ] ^[[90m^[[1mreimport^[[22m | SEPT_JUEGOS_PROTOTIPO_caja.png^[[39m^[[0m
verify	Importar los recursos del proyecto	2026-10-09T07:50:17.3479690Z [  81% ] ^[[90m^[[1mreimport^[[22m | almacen.exr^[[39m^[[0m
verify	Importar los recursos del proyecto	2026-10-09T07:50:17.3502488Z [  81% ] ^[[90m^[[1mreimport^[[22m | unscii-16.ttf^[[39m^[[0m
verify	Importar los recursos del proyecto	2026-10-09T07:50:17.3513796Z [  82% ] ^[[90m^[[1mreimport^[[22m | AMB_PROXIMIDAD_Neon.ogg^[[39m^[[0m
verify	Importar los recursos del proyecto	2026-10-09T07:50:17.3515465Z [  82% ] ^[[90m^[[1mreimport^[[22m | MUS_Tema1.ogg^[[39m^[[0m
verify	Importar los recursos del proyecto	2026-10-09T07:50:17.3529284Z [  83% ] ^[[90m^[[1mreimport^[[22m | SEPT_JUEGOS_PROTOTIPO_Material_56.png^[[39m^[[0m
verify	Importar los recursos del proyecto	2026-10-09T07:50:17.3542055Z [  83% ] ^[[90m^[[1mreimport^[[22m | SEPT_JUEGOS_PROTOTIPO_Material_57.png^[[39m^[[0m
verify	Importar los recursos del proyecto	2026-10-09T07:50:17.3575530Z [  84% ] ^[[90m^[[1mreimport^[[22m | SEPT_JUEGOS_PROTOTIPO_Material_58.png^[[39m^[[0m
verify	Importar los recursos del proyecto	2026-10-09T07:50:17.3593347Z [  84% ] ^[[90m^[[1mreimport^[[22m | SEPT_JUEGOS_PROTOTIPO_Material_59.png^[[39m^[[0m
verify	Importar los recursos del proyecto	2026-10-09T07:50:17.3607994Z [  85% ] ^[[90m^[[1mreimport^[[22m | SEPT_JUEGOS_PROTOTIPO_mayonchis@300x.png^[[39m^[[0m
verify	Importar los recursos del proyecto	2026-10-09T07:50:17.3635442Z [  85% ] ^[[90m^[[1mreimport^[[22m | SEPT_JUEGOS_PROTOTIPO_normal nuevo.png^[[39m^[[0m
verify	Importar los recursos del proyecto	2026-10-09T07:50:17.3636019Z [  85% ] ^[[90m^[[1mreimport^[[22m | SEPT_JUEGOS_PROTOTIPO_nota baja resolución.png^[[39m^[[0m
verify	Importar los recursos del proyecto	2026-10-09T07:50:17.3646180Z [  86% ] ^[[90m^[[1mreimport^[[22m | SEPT_JUEGOS_PROTOTIPO_nota sin texto.png^[[39m^[[0m
verify	Importar los recursos del proyecto	2026-10-09T07:50:17.3665694Z [  86% ] ^[[90m^[[1mreimport^[[22m | SEPT_JUEGOS_PROTOTIPO_oaaaa completo.png^[[39m^[[0m
verify	Importar los recursos del proyecto	2026-10-09T07:50:17.3675729Z [  87% ] ^[[90m^[[1mreimport^[[22m | SEPT_JUEGOS_PROTOTIPO_oremos.png^[[39m^[[0m
verify	Importar los recursos del proyecto	2026-10-09T07:50:17.3685615Z [  87% ] ^[[90m^[[1mreimport^[[22m | SEPT_JUEGOS_PROTOTIPO_painted_plaster_wall_diff_1k.jpg^[[39m^[[0m
verify	Importar los recursos del proyecto	2026-10-09T07:50:17.3695466Z [  88% ] ^[[90m^[[1mreimport^[[22m | SEPT_JUEGOS_PROTOTIPO_pepito.png^[[39m^[[0m
verify	Importar los recursos del proyecto	2026-10-09T07:50:17.3718462Z [  88% ] ^[[90m^[[1mreimport^[[22m | SEPT_JUEGOS_PROTOTIPO_petisas completo.png^[[39m^[[0m
verify	Importar los recursos del proyecto	2026-10-09T07:50:17.3734332Z [  89% ] ^[[90m^[[1mreimport^[[22m | SEPT_JUEGOS_PROTOTIPO_piso_baseColor.png^[[39m^[[0m
verify	Importar los recursos del proyecto	2026-10-09T07:50:17.3748213Z [  89% ] ^[[90m^[[1mreimport^[[22m | SEPT_JUEGOS_PROTOTIPO_placa_acustica_basecolor.png^[[39m^[[0m
verify	Importar los recursos del proyecto	2026-10-09T07:50:17.3755700Z [  90% ] ^[[90m^[[1mreimport^[[22m | SEPT_JUEGOS_PROTOTIPO_porcelana_atlas.png^[[39m^[[0m
verify	Importar los recursos del proyecto	2026-10-09T07:50:17.3765659Z [  90% ] ^[[90m^[[1mreimport^[[22m | SEPT_JUEGOS_PROTOTIPO_progres.png^[[39m^[[0m
verify	Importar los recursos del proyecto	2026-10-09T07:50:17.3766159Z [  91% ] ^[[90m^[[1mreimport^[[22m | SEPT_JUEGOS_PROTOTIPO_puchos.png^[[39m^[[0m
verify	Importar los recursos del proyecto	2026-10-09T07:50:17.3766648Z [  91% ] ^[[90m^[[1mreimport^[[22m | SEPT_JUEGOS_PROTOTIPO_puerta textura.png^[[39m^[[0m
verify	Importar los recursos del proyecto	2026-10-09T07:50:17.3767092Z [  92% ] ^[[90m^[[1mreimport^[[22m | SEPT_JUEGOS_PROTOTIPO_rejilla_bano.png^[[39m^[[0m
verify	Importar los recursos del proyecto	2026-10-09T07:50:17.3767377Z [  92% ] ^[[90m^[[1mreimport^[[22m | SEPT_JUEGOS_PROTOTIPO_reloj.png^[[39m^[[0m
verify	Importar los recursos del proyecto	2026-10-09T07:50:17.3767667Z [  92% ] ^[[90m^[[1mreimport^[[22m | SEPT_JUEGOS_PROTOTIPO_saladick.png^[[39m^[[0m
verify	Importar los recursos del proyecto	2026-10-09T07:50:17.3767975Z [  93% ] ^[[90m^[[1mreimport^[[22m | SEPT_JUEGOS_PROTOTIPO_techo1_baseColor.jpg^[[39m^[[0m
verify	Importar los recursos del proyecto	2026-10-09T07:50:17.3768289Z [  93% ] ^[[90m^[[1mreimport^[[22m | SEPT_JUEGOS_PROTOTIPO_Terminator completo.png^[[39m^[[0m
verify	Importar los recursos del proyecto	2026-10-09T07:50:17.3768635Z [  94% ] ^[[90m^[[1mreimport^[[22m | SEPT_JUEGOS_PROTOTIPO_texto instrucciones limpieza.png^[[39m^[[0m
verify	Importar los recursos del proyecto	2026-10-09T07:50:17.3769002Z [  94% ] ^[[90m^[[1mreimport^[[22m | SEPT_JUEGOS_PROTOTIPO_deposito_contenedor_tapa_normal.png^[[39m^[[0m
verify	Importar los recursos del proyecto	2026-10-09T07:50:17.3769381Z [  95% ] ^[[90m^[[1mreimport^[[22m | SEPT_JUEGOS_PROTOTIPO_deposito_contenedor_tapa_roughness.png^[[39m^[[0m
verify	Importar los recursos del proyecto	2026-10-09T07:50:17.3769737Z [  95% ] ^[[90m^[[1mreimport^[[22m | SEPT_JUEGOS_PROTOTIPO_Don Saturados completo.png^[[39m^[[0m
verify	Importar los recursos del proyecto	2026-10-09T07:50:17.3770069Z [  96% ] ^[[90m^[[1mreimport^[[22m | SEPT_JUEGOS_PROTOTIPO_Durextra completo_1.png^[[39m^[[0m
verify	Importar los recursos del proyecto	2026-10-09T07:50:17.3770372Z [  96% ] ^[[90m^[[1mreimport^[[22m | SEPT_JUEGOS_PROTOTIPO_duronga.png^[[39m^[[0m
verify	Importar los recursos del proyecto	2026-10-09T07:50:17.3770676Z [  97% ] ^[[90m^[[1mreimport^[[22m | SEPT_JUEGOS_PROTOTIPO_exterior_nocturno.png^[[39m^[[0m
verify	Importar los recursos del proyecto	2026-10-09T07:50:17.3770987Z [  97% ] ^[[90m^[[1mreimport^[[22m | SEPT_JUEGOS_PROTOTIPO_fernetgod textura.png^[[39m^[[0m
verify	Importar los recursos del proyecto	2026-10-09T07:50:17.3771322Z [  98% ] ^[[90m^[[1mreimport^[[22m | SEPT_JUEGOS_PROTOTIPO_fideos marolini.png^[[39m^[[0m
verify	Importar los recursos del proyecto	2026-10-09T07:50:17.3771630Z [  98% ] ^[[90m^[[1mreimport^[[22m | SEPT_JUEGOS_PROTOTIPO_flim pof completo.png^[[39m^[[0m
verify	Importar los recursos del proyecto	2026-10-09T07:50:17.3771923Z [  99% ] ^[[90m^[[1mreimport^[[22m | SEPT_JUEGOS_PROTOTIPO.glb^[[39m^[[0m
verify	Importar los recursos del proyecto	2026-10-09T07:50:17.3772187Z [   0% ] ^[[90m^[[1mimport^[[22m | Started Import Scene (104 steps)^[[39m^[[0m
verify	Importar los recursos del proyecto	2026-10-09T07:50:17.3772443Z [   0% ] ^[[90m^[[1mimport^[[22m | Importing Scene...^[[39m^[[0m
verify	Importar los recursos del proyecto	2026-10-09T07:50:18.1412944Z [   1% ] ^[[90m^[[1mimport^[[22m | Running Custom Script...^[[39m^[[0m
verify	Importar los recursos del proyecto	2026-10-09T07:50:18.1446055Z [  99% ] ^[[90m^[[1mimport^[[22m | Saving...^[[39m^[[0m
verify	Importar los recursos del proyecto	2026-10-09T07:50:18.1965236Z ^[[92m[ DONE ]^[[39m ^[[1mimport^[[22m
verify	Importar los recursos del proyecto	2026-10-09T07:50:18.1965700Z ^[[0m
verify	Importar los recursos del proyecto	2026-10-09T07:50:18.2475591Z [  99% ] ^[[90m^[[1mreimport^[[22m | Finalizing Asset Import...^[[39m^[[0m
verify	Importar los recursos del proyecto	2026-10-09T07:50:18.2503678Z ^[[92m[ DONE ]^[[39m ^[[1mreimport^[[22m
verify	Importar los recursos del proyecto	2026-10-09T07:50:18.2504059Z ^[[0m
verify	Importar los recursos del proyecto	2026-10-09T07:50:18.2504545Z [   0% ] ^[[90m^[[1mreimport^[[22m | Started (Re)Importing Assets (213 steps)^[[39m^[[0m
verify	Importar los recursos del proyecto	2026-10-09T07:50:18.2505095Z [   0% ] ^[[90m^[[1mreimport^[[22m | Executing post-reimport operations...^[[39m^[[0m
verify	Importar los recursos del proyecto	2026-10-09T07:50:18.2508279Z ^[[92m[ DONE ]^[[39m ^[[1mreimport^[[22m
verify	Importar los recursos del proyecto	2026-10-09T07:50:18.2516105Z ^[[0m
verify	Importar los recursos del proyecto	2026-10-09T07:50:18.2658652Z [   0% ] ^[[90m^[[1mloading_editor_layout^[[22m | Started Loading editor (5 steps)^[[39m^[[0m
verify	Importar los recursos del proyecto	2026-10-09T07:50:18.2659160Z [   0% ] ^[[90m^[[1mloading_editor_layout^[[22m | Loading editor layout...^[[39m^[[0m
verify	Importar los recursos del proyecto	2026-10-09T07:50:18.2659961Z [  16% ] ^[[90m^[[1mloading_editor_layout^[[22m | Loading docks...^[[39m^[[0m
verify	Importar los recursos del proyecto	2026-10-09T07:50:18.2660334Z ^[[92m[ DONE ]^[[39m ^[[1mloading_editor_layout^[[22m
verify	Importar los recursos del proyecto	2026-10-09T07:50:18.2660598Z ^[[0m
verify	Importar los recursos del proyecto	2026-10-09T07:50:18.3239649Z [MCP] WebSocket client stopped
verify	Importar los recursos del proyecto	2026-10-09T07:50:18.3257841Z [MCP] Godot MCP Pro stopped
verify	verificar	﻿2026-10-09T07:50:19.5759220Z ##[group]Run python .claude/scripts/verificar.py
verify	verificar	2026-10-09T07:50:19.5759470Z ^[[36;1mpython .claude/scripts/verificar.py^[[0m
verify	verificar	2026-10-09T07:50:19.5812366Z shell: /usr/bin/bash -e {0}
verify	verificar	2026-10-09T07:50:19.5812515Z env:
verify	verificar	2026-10-09T07:50:19.5812632Z   GODOT_VERSION: 4.7.2-stable
verify	verificar	2026-10-09T07:50:19.5812808Z   pythonLocation: /opt/hostedtoolcache/Python/3.13.16/x64
verify	verificar	2026-10-09T07:50:19.5813054Z   PKG_CONFIG_PATH: /opt/hostedtoolcache/Python/3.13.16/x64/lib/pkgconfig
verify	verificar	2026-10-09T07:50:19.5813298Z   Python_ROOT_DIR: /opt/hostedtoolcache/Python/3.13.16/x64
verify	verificar	2026-10-09T07:50:19.5813519Z   Python2_ROOT_DIR: /opt/hostedtoolcache/Python/3.13.16/x64
verify	verificar	2026-10-09T07:50:19.5813753Z   Python3_ROOT_DIR: /opt/hostedtoolcache/Python/3.13.16/x64
verify	verificar	2026-10-09T07:50:19.5813975Z   LD_LIBRARY_PATH: /opt/hostedtoolcache/Python/3.13.16/x64/lib
verify	verificar	2026-10-09T07:50:19.5814206Z   GODOT_BIN: /home/runner/godot/Godot_v4.7.2-stable_linux.x86_64
verify	verificar	2026-10-09T07:50:19.5814397Z ##[endgroup]
verify	verificar	2026-10-09T08:01:56.1686936Z   ok        capas       1.9s
verify	verificar	2026-10-09T08:01:56.1687297Z   ok        formato    14.7s
verify	verificar	2026-10-09T08:01:56.1687437Z   ok        harness    40.0s
verify	verificar	2026-10-09T08:01:56.1687604Z   ok        lint       15.4s
verify	verificar	2026-10-09T08:01:56.1687807Z   ok        specs       0.1s
verify	verificar	2026-10-09T08:01:56.1688003Z   ok        tdd         0.2s
verify	verificar	2026-10-09T08:01:56.1688224Z   ok        tests     692.0s
verify	verificar	2026-10-09T08:01:56.1688356Z 
verify	verificar	2026-10-09T08:01:56.1688445Z 7/7 nodos en verde, en 696.4s.
verify	Run actions/upload-artifact@v4	﻿2026-10-09T08:01:56.1811387Z ##[group]Run actions/upload-artifact@v4
verify	Run actions/upload-artifact@v4	2026-10-09T08:01:56.1811560Z with:
verify	Run actions/upload-artifact@v4	2026-10-09T08:01:56.1811674Z   name: reports-gdunit4
verify	Run actions/upload-artifact@v4	2026-10-09T08:01:56.1811802Z   path: reports/
verify	Run actions/upload-artifact@v4	2026-10-09T08:01:56.1811938Z   if-no-files-found: ignore
verify	Run actions/upload-artifact@v4	2026-10-09T08:01:56.1812068Z   retention-days: 7
verify	Run actions/upload-artifact@v4	2026-10-09T08:01:56.1812185Z   compression-level: 6
verify	Run actions/upload-artifact@v4	2026-10-09T08:01:56.1812305Z   overwrite: false
verify	Run actions/upload-artifact@v4	2026-10-09T08:01:56.1812428Z   include-hidden-files: false
verify	Run actions/upload-artifact@v4	2026-10-09T08:01:56.1812561Z env:
verify	Run actions/upload-artifact@v4	2026-10-09T08:01:56.1812669Z   GODOT_VERSION: 4.7.2-stable
verify	Run actions/upload-artifact@v4	2026-10-09T08:01:56.1812836Z   pythonLocation: /opt/hostedtoolcache/Python/3.13.16/x64
verify	Run actions/upload-artifact@v4	2026-10-09T08:01:56.1813073Z   PKG_CONFIG_PATH: /opt/hostedtoolcache/Python/3.13.16/x64/lib/pkgconfig
verify	Run actions/upload-artifact@v4	2026-10-09T08:01:56.1813304Z   Python_ROOT_DIR: /opt/hostedtoolcache/Python/3.13.16/x64
verify	Run actions/upload-artifact@v4	2026-10-09T08:01:56.1813510Z   Python2_ROOT_DIR: /opt/hostedtoolcache/Python/3.13.16/x64
verify	Run actions/upload-artifact@v4	2026-10-09T08:01:56.1813717Z   Python3_ROOT_DIR: /opt/hostedtoolcache/Python/3.13.16/x64
verify	Run actions/upload-artifact@v4	2026-10-09T08:01:56.1813928Z   LD_LIBRARY_PATH: /opt/hostedtoolcache/Python/3.13.16/x64/lib
verify	Run actions/upload-artifact@v4	2026-10-09T08:01:56.1814168Z   GODOT_BIN: /home/runner/godot/Godot_v4.7.2-stable_linux.x86_64
verify	Run actions/upload-artifact@v4	2026-10-09T08:01:56.1814355Z ##[endgroup]
verify	Run actions/upload-artifact@v4	2026-10-09T08:01:56.2915217Z (node:3078) [DEP0040] DeprecationWarning: The `punycode` module is deprecated. Please use a userland alternative instead.
verify	Run actions/upload-artifact@v4	2026-10-09T08:01:56.2915932Z (Use `node --trace-deprecation ...` to show where the warning was created)
verify	Run actions/upload-artifact@v4	2026-10-09T08:01:56.3149225Z With the provided path, there will be 227 files uploaded
verify	Run actions/upload-artifact@v4	2026-10-09T08:01:56.3149588Z Artifact name is valid!
verify	Run actions/upload-artifact@v4	2026-10-09T08:01:56.3149729Z Root directory input is valid!
verify	Run actions/upload-artifact@v4	2026-10-09T08:01:56.5964278Z Beginning upload of artifact content to blob storage
verify	Run actions/upload-artifact@v4	2026-10-09T08:01:56.7318137Z (node:3078) [DEP0169] DeprecationWarning: `url.parse()` behavior is not standardized and prone to errors that have security implications. Use the WHATWG URL API instead. CVEs are not issued for `url.parse()` vulnerabilities.
verify	Run actions/upload-artifact@v4	2026-10-09T08:01:57.0296729Z Uploaded bytes 568105
verify	Run actions/upload-artifact@v4	2026-10-09T08:01:57.0705244Z Finished uploading artifact content to blob storage!
verify	Run actions/upload-artifact@v4	2026-10-09T08:01:57.0705947Z SHA256 digest of uploaded artifact zip is e03e03e30c98b48ee424c34ca917e70cf0f2ac9bed5af42d4aa2779e6b45e085
verify	Run actions/upload-artifact@v4	2026-10-09T08:01:57.0706748Z Finalizing artifact upload
verify	Run actions/upload-artifact@v4	2026-10-09T08:01:57.2886110Z Artifact reports-gdunit4.zip successfully finalized. Artifact ID 11602128815
verify	Run actions/upload-artifact@v4	2026-10-09T08:01:57.2886574Z Artifact reports-gdunit4 has been successfully uploaded! Final size is 568105 bytes. Artifact ID is 11602128815
verify	Run actions/upload-artifact@v4	2026-10-09T08:01:57.2886998Z Artifact download URL: https://github.com/federicohermo/nosefia/actions/runs/37901211855/artifacts/11602128815
verify	Post Run actions/setup-python@v5	﻿2026-10-09T08:01:57.3001865Z Post job cleanup.
verify	Post Run actions/setup-python@v5	2026-10-09T08:01:57.3802815Z (node:3092) [DEP0040] DeprecationWarning: The `punycode` module is deprecated. Please use a userland alternative instead.
verify	Post Run actions/setup-python@v5	2026-10-09T08:01:57.3803303Z (Use `node --trace-deprecation ...` to show where the warning was created)
verify	Post Run actions/checkout@v5	﻿2026-10-09T08:01:57.3987399Z Post job cleanup.
verify	Post Run actions/checkout@v5	2026-10-09T08:01:57.4555680Z [command]/usr/bin/git version
verify	Post Run actions/checkout@v5	2026-10-09T08:01:57.4585788Z git version 2.55.0
verify	Post Run actions/checkout@v5	2026-10-09T08:01:57.4610672Z Temporarily overriding HOME='/home/runner/work/_temp/601f65a7-b70b-4c18-af5b-5a756596afb1' before making global git config changes
verify	Post Run actions/checkout@v5	2026-10-09T08:01:57.4611494Z Adding repository directory to the temporary git global config as a safe directory
verify	Post Run actions/checkout@v5	2026-10-09T08:01:57.4614747Z [command]/usr/bin/git config --global --add safe.directory /home/runner/work/nosefia/nosefia
verify	Post Run actions/checkout@v5	2026-10-09T08:01:57.4645748Z [command]/usr/bin/git config --local --name-only --get-regexp core\.sshCommand
verify	Post Run actions/checkout@v5	2026-10-09T08:01:57.4674579Z [command]/usr/bin/git submodule foreach --recursive sh -c "git config --local --name-only --get-regexp 'core\.sshCommand' && git config --local --unset-all 'core.sshCommand' || :"
verify	Post Run actions/checkout@v5	2026-10-09T08:01:57.4892992Z [command]/usr/bin/git config --local --name-only --get-regexp http\.https\:\/\/github\.com\/\.extraheader
verify	Post Run actions/checkout@v5	2026-10-09T08:01:57.4921731Z http.https://github.com/.extraheader
verify	Post Run actions/checkout@v5	2026-10-09T08:01:57.4940353Z [command]/usr/bin/git config --local --unset-all http.https://github.com/.extraheader
verify	Post Run actions/checkout@v5	2026-10-09T08:01:57.4983933Z [command]/usr/bin/git submodule foreach --recursive sh -c "git config --local --name-only --get-regexp 'http\.https\:\/\/github\.com\/\.extraheader' && git config --local --unset-all 'http.https://github.com/.extraheader' || :"
verify	Post Run actions/checkout@v5	2026-10-09T08:01:57.5231707Z [command]/usr/bin/git config --local --name-only --get-regexp ^includeIf\.gitdir:
verify	Post Run actions/checkout@v5	2026-10-09T08:01:57.5267873Z [command]/usr/bin/git submodule foreach --recursive git config --local --show-origin --name-only --get-regexp remote.origin.url
verify	Complete job	﻿2026-10-09T08:01:57.5584846Z Cleaning up orphan processes
verify	Complete job	2026-10-09T08:01:57.5811487Z ##[warning]Node.js 20 is deprecated. The following actions target Node.js 20 but are being forced to run on Node.js 24: actions/setup-python@v5, actions/upload-artifact@v4. For more information see: https://github.blog/changelog/2025-09-19-deprecation-of-node-20-on-github-actions-runners/
