ERROR: The remote port number must be between 1 and 65535 (inclusive).
   at: connect_to_host (core/io/stream_peer_tcp.cpp:69)
ERROR: Remote Debugger: Unable to connect to host '127.0.0.1:0'.
   at: create_tcp (core/debugger/remote_debugger_peer.cpp:247)
Godot Engine v4.7.2.stable.official.ed1daf0bf - https://godotengine.org

[2J[H[38;2;233;150;122m
--------------------------------------------------------------------------------------------------
GdUnit4 Comandline Tool
--------------------------------------------------------------------------------------------------[0m
[38;2;0;191;255mDisabled fail fast![0m
[38;2;0;191;255mSet write reports to reports[0m
[38;2;218;165;32m
Headless mode is ignored by option '--ignoreHeadlessMode'"

Please note that tests that use UI interaction do not work correctly in headless mode.
Godot 'InputEvents' are not transported by the Godot engine in headless mode and therefore
have no effect in the test!
[0m
[38;2;100;149;237mInstalling GdUnit4 session system hooks.[0m
[38;2;100;149;237mSession hook 'GdUnitHtmlTestReporter' installed.[0m
[38;2;100;149;237mSession hook 'GdUnitXMLTestReporter' installed.[0m
[38;2;100;149;237mInstalling GdUnit4 session hooks.[0m
[38;2;100;149;237mSession hook 'Guardado de la sesión' installed.[0m
ERROR: Couldn't open directory at path "user://guardado_de_los_tests_125120".
   at: get_files_at (core/io/dir_access.cpp:578)
   GDScript backtrace (most recent call first):
       [0] _borrar_la_carpeta (res://test/guardado_de_la_sesion.gd:40)
       [1] startup (res://test/guardado_de_la_sesion.gd:22)
       [2] execute (res://addons/gdUnit4/src/core/hooks/GdUnitTestSessionHookService.gd:125)
       [3] execute_startup (res://addons/gdUnit4/src/core/hooks/GdUnitTestSessionHookService.gd:108)
       [4] _process (res://addons/gdUnit4/src/core/runners/GdUnitTestSessionRunner.gd:127)
[38;2;0;206;209mRun Test Suite: [0m[38;2;250;235;215mres://test/dominio/almacen/generador_de_tickets_test.gd[0m
  [38;2;250;235;215mres://test/dominio/almacen/generador_de_tickets_test.gd[0m[38;2;128;128;128m > [0m[38;2;250;235;215mtest_se_llena_en_orden_y_repite_productos[0m[38;2;34;139;34m STARTED[0m[38;2;128;128;128m[0m
  [38;2;250;235;215mres://test/dominio/almacen/generador_de_tickets_test.gd[0m[38;2;128;128;128m > [0m[38;2;250;235;215mtest_se_llena_en_orden_y_repite_productos[0m[38;2;34;139;34m PASSED[0m[38;2;100;149;237m 6ms[0m
[38;2;128;128;128m[0m
  [38;2;250;235;215mres://test/dominio/almacen/generador_de_tickets_test.gd[0m[38;2;128;128;128m > [0m[38;2;250;235;215mtest_una_caja_no_se_confunde_con_su_producto[0m[38;2;34;139;34m STARTED[0m[38;2;128;128;128m[0m
  [38;2;250;235;215mres://test/dominio/almacen/generador_de_tickets_test.gd[0m[38;2;128;128;128m > [0m[38;2;250;235;215mtest_una_caja_no_se_confunde_con_su_producto[0m[38;2;34;139;34m PASSED[0m[38;2;100;149;237m 6ms[0m
[38;2;128;128;128m[0m
  [38;2;250;235;215mres://test/dominio/almacen/generador_de_tickets_test.gd[0m[38;2;128;128;128m > [0m[38;2;250;235;215mtest_sin_unidad_valida_no_se_anota_nada[0m[38;2;34;139;34m STARTED[0m[38;2;128;128;128m[0m
  [38;2;250;235;215mres://test/dominio/almacen/generador_de_tickets_test.gd[0m[38;2;128;128;128m > [0m[38;2;250;235;215mtest_sin_unidad_valida_no_se_anota_nada[0m[38;2;34;139;34m PASSED[0m[38;2;100;149;237m 4ms[0m
[38;2;128;128;128m[0m
  [38;2;250;235;215mres://test/dominio/almacen/generador_de_tickets_test.gd[0m[38;2;128;128;128m > [0m[38;2;250;235;215mtest_el_rechazo_por_tipo_precede_al_programa_lleno[0m[38;2;34;139;34m STARTED[0m[38;2;128;128;128m[0m
  [38;2;250;235;215mres://test/dominio/almacen/generador_de_tickets_test.gd[0m[38;2;128;128;128m > [0m[38;2;250;235;215mtest_el_rechazo_por_tipo_precede_al_programa_lleno[0m[38;2;34;139;34m PASSED[0m[38;2;100;149;237m 5ms[0m
[38;2;128;128;128m[0m
  [38;2;250;235;215mres://test/dominio/almacen/generador_de_tickets_test.gd[0m[38;2;128;128;128m > [0m[38;2;250;235;215mtest_imprimir_y_borrar_preserva_el_papel[0m[38;2;34;139;34m STARTED[0m[38;2;128;128;128m[0m
  [38;2;250;235;215mres://test/dominio/almacen/generador_de_tickets_test.gd[0m[38;2;128;128;128m > [0m[38;2;250;235;215mtest_imprimir_y_borrar_preserva_el_papel[0m[38;2;34;139;34m PASSED[0m[38;2;100;149;237m 5ms[0m
[38;2;128;128;128m[0m
  [38;2;250;235;215mres://test/dominio/almacen/generador_de_tickets_test.gd[0m[38;2;128;128;128m > [0m[38;2;250;235;215mtest_los_tres_vacios_no_imprimen[0m[38;2;34;139;34m STARTED[0m[38;2;128;128;128m[0m
  [38;2;250;235;215mres://test/dominio/almacen/generador_de_tickets_test.gd[0m[38;2;128;128;128m > [0m[38;2;250;235;215mtest_los_tres_vacios_no_imprimen[0m[38;2;34;139;34m PASSED[0m[38;2;100;149;237m 6ms[0m
[38;2;128;128;128m[0m
  [38;2;250;235;215mres://test/dominio/almacen/generador_de_tickets_test.gd[0m[38;2;128;128;128m > [0m[38;2;250;235;215mtest_la_lectura_de_renglones_no_permite_borrarlos[0m[38;2;34;139;34m STARTED[0m[38;2;128;128;128m[0m
  [38;2;250;235;215mres://test/dominio/almacen/generador_de_tickets_test.gd[0m[38;2;128;128;128m > [0m[38;2;250;235;215mtest_la_lectura_de_renglones_no_permite_borrarlos[0m[38;2;34;139;34m PASSED[0m[38;2;100;149;237m 5ms[0m
[38;2;128;128;128m[0m
  [38;2;250;235;215mres://test/dominio/almacen/generador_de_tickets_test.gd[0m[38;2;128;128;128m > [0m[38;2;250;235;215mtest_dos_impresiones_son_dos_papeles_independientes[0m[38;2;34;139;34m STARTED[0m[38;2;128;128;128m[0m
  [38;2;250;235;215mres://test/dominio/almacen/generador_de_tickets_test.gd[0m[38;2;128;128;128m > [0m[38;2;250;235;215mtest_dos_impresiones_son_dos_papeles_independientes[0m[38;2;34;139;34m PASSED[0m[38;2;100;149;237m 4ms[0m
[38;2;128;128;128m[0m
  [38;2;250;235;215mres://test/dominio/almacen/generador_de_tickets_test.gd[0m[38;2;128;128;128m > [0m[38;2;250;235;215mtest_el_modo_sale_de_la_jornada_y_no_del_estado_anterior[0m[38;2;34;139;34m STARTED[0m[38;2;128;128;128m[0m
  [38;2;250;235;215mres://test/dominio/almacen/generador_de_tickets_test.gd[0m[38;2;128;128;128m > [0m[38;2;250;235;215mtest_el_modo_sale_de_la_jornada_y_no_del_estado_anterior[0m[38;2;178;34;34m[1m FAILED[0m[38;2;100;149;237m 6ms[0m
  [38;2;0;206;209m[1m[4mReport:[0m
  [38;2;128;128;128m[38;2;255;69;0mExpecting:[0m
 '[38;2;30;144;255mtrue[0m'
 but was
 '[38;2;30;144;255mfalse[0m'[0m[38;2;173;216;230m	at 'test_el_modo_sale_de_la_jornada_y_no_del_estado_anterior' in res://test/dominio/almacen/generador_de_tickets_test.gd:97[0m  [38;2;128;128;128m[38;2;255;69;0mExpecting:[0m
 '[38;2;30;144;255mtrue[0m'
 but was
 '[38;2;30;144;255mfalse[0m'[0m[38;2;173;216;230m	at 'test_el_modo_sale_de_la_jornada_y_no_del_estado_anterior' in res://test/dominio/almacen/generador_de_tickets_test.gd:97[0m  [38;2;128;128;128m[38;2;255;69;0mExpecting:[0m
 '[38;2;30;144;255mtrue[0m'
 but was
 '[38;2;30;144;255mfalse[0m'[0m[38;2;173;216;230m	at 'test_el_modo_sale_de_la_jornada_y_no_del_estado_anterior' in res://test/dominio/almacen/generador_de_tickets_test.gd:97[0m  [38;2;128;128;128m[38;2;255;69;0mExpecting:[0m
 '[38;2;30;144;255mtrue[0m'
 but was
 '[38;2;30;144;255mfalse[0m'[0m[38;2;173;216;230m	at 'test_el_modo_sale_de_la_jornada_y_no_del_estado_anterior' in res://test/dominio/almacen/generador_de_tickets_test.gd:97[0m[38;2;128;128;128m[0m
[38;2;128;128;128m[0m
  [38;2;250;235;215mres://test/dominio/almacen/generador_de_tickets_test.gd[0m[38;2;128;128;128m > [0m[38;2;250;235;215mtest_cada_posicion_manual_elige_catalogo_y_vacio_sin_mover_otras[0m[38;2;34;139;34m STARTED[0m[38;2;128;128;128m[0m
  [38;2;250;235;215mres://test/dominio/almacen/generador_de_tickets_test.gd[0m[38;2;128;128;128m > [0m[38;2;250;235;215mtest_cada_posicion_manual_elige_catalogo_y_vacio_sin_mover_otras[0m[38;2;178;34;34m[1m FAILED[0m[38;2;100;149;237m 15ms[0m
  [38;2;0;206;209m[1m[4mReport:[0m
  [38;2;128;128;128m[38;2;255;69;0mExpecting:[0m '[38;2;30;144;255mtrue[0m' but is '[38;2;30;144;255mfalse[0m'[0m[38;2;173;216;230m	at 'test_cada_posicion_manual_elige_catalogo_y_vacio_sin_mover_otras' in res://test/dominio/almacen/generador_de_tickets_test.gd:109[0m  [38;2;128;128;128m[38;2;255;69;0mExpecting:[0m
 [38;2;30;144;255m<RefCounted>[0m
 to refer to the same object
 '[38;2;30;144;255m<null>[0m'[0m[38;2;173;216;230m	at 'test_cada_posicion_manual_elige_catalogo_y_vacio_sin_mover_otras' in res://test/dominio/almacen/generador_de_tickets_test.gd:110[0m  [38;2;128;128;128m[38;2;255;69;0mExpecting:[0m '[38;2;30;144;255mtrue[0m' but is '[38;2;30;144;255mfalse[0m'[0m[38;2;173;216;230m	at 'test_cada_posicion_manual_elige_catalogo_y_vacio_sin_mover_otras' in res://test/dominio/almacen/generador_de_tickets_test.gd:109[0m  [38;2;128;128;128m[38;2;255;69;0mExpecting:[0m
 [38;2;30;144;255m<RefCounted>[0m
 to refer to the same object
 '[38;2;30;144;255m<null>[0m'[0m[38;2;173;216;230m	at 'test_cada_posicion_manual_elige_catalogo_y_vacio_sin_mover_otras' in res://test/dominio/almacen/generador_de_tickets_test.gd:110[0m  [38;2;128;128;128m[38;2;255;69;0mExpecting:[0m '[38;2;30;144;255mtrue[0m' but is '[38;2;30;144;255mfalse[0m'[0m[38;2;173;216;230m	at 'test_cada_posicion_manual_elige_catalogo_y_vacio_sin_mover_otras' in res://test/dominio/almacen/generador_de_tickets_test.gd:109[0m  [38;2;128;128;128m[38;2;255;69;0mExpecting:[0m
 [38;2;30;144;255m<RefCounted>[0m
 to refer to the same object
 '[38;2;30;144;255m<null>[0m'[0m[38;2;173;216;230m	at 'test_cada_posicion_manual_elige_catalogo_y_vacio_sin_mover_otras' in res://test/dominio/almacen/generador_de_tickets_test.gd:110[0m  [38;2;128;128;128m[38;2;255;69;0mExpecting:[0m '[38;2;30;144;255mtrue[0m' but is '[38;2;30;144;255mfalse[0m'[0m[38;2;173;216;230m	at 'test_cada_posicion_manual_elige_catalogo_y_vacio_sin_mover_otras' in res://test/dominio/almacen/generador_de_tickets_test.gd:109[0m  [38;2;128;128;128m[38;2;255;69;0mExpecting:[0m
 [38;2;30;144;255m<RefCounted>[0m
 to refer to the same object
 '[38;2;30;144;255m<null>[0m'[0m[38;2;173;216;230m	at 'test_cada_posicion_manual_elige_catalogo_y_vacio_sin_mover_otras' in res://test/dominio/almacen/generador_de_tickets_test.gd:110[0m  [38;2;128;128;128m[38;2;255;69;0mExpecting:[0m '[38;2;30;144;255mtrue[0m' but is '[38;2;30;144;255mfalse[0m'[0m[38;2;173;216;230m	at 'test_cada_posicion_manual_elige_catalogo_y_vacio_sin_mover_otras' in res://test/dominio/almacen/generador_de_tickets_test.gd:109[0m  [38;2;128;128;128m[38;2;255;69;0mExpecting:[0m
 [38;2;30;144;255m<RefCounted>[0m
 to refer to the same object
 '[38;2;30;144;255m<null>[0m'[0m[38;2;173;216;230m	at 'test_cada_posicion_manual_elige_catalogo_y_vacio_sin_mover_otras' in res://test/dominio/almacen/generador_de_tickets_test.gd:110[0m  [38;2;128;128;128m[38;2;255;69;0mExpecting:[0m '[38;2;30;144;255mtrue[0m' but is '[38;2;30;144;255mfalse[0m'[0m[38;2;173;216;230m	at 'test_cada_posicion_manual_elige_catalogo_y_vacio_sin_mover_otras' in res://test/dominio/almacen/generador_de_tickets_test.gd:109[0m  [38;2;128;128;128m[38;2;255;69;0mExpecting:[0m
 [38;2;30;144;255m<RefCounted>[0m
 to refer to the same object
 '[38;2;30;144;255m<null>[0m'[0m[38;2;173;216;230m	at 'test_cada_posicion_manual_elige_catalogo_y_vacio_sin_mover_otras' in res://test/dominio/almacen/generador_de_tickets_test.gd:110[0m  [38;2;128;128;128m[38;2;255;69;0mExpecting:[0m '[38;2;30;144;255mtrue[0m' but is '[38;2;30;144;255mfalse[0m'[0m[38;2;173;216;230m	at 'test_cada_posicion_manual_elige_catalogo_y_vacio_sin_mover_otras' in res://test/dominio/almacen/generador_de_tickets_test.gd:109[0m  [38;2;128;128;128m[38;2;255;69;0mExpecting:[0m
 [38;2;30;144;255m<RefCounted>[0m
 to refer to the same object
 '[38;2;30;144;255m<null>[0m'[0m[38;2;173;216;230m	at 'test_cada_posicion_manual_elige_catalogo_y_vacio_sin_mover_otras' in res://test/dominio/almacen/generador_de_tickets_test.gd:110[0m  [38;2;128;128;128m[38;2;255;69;0mExpecting:[0m '[38;2;30;144;255mtrue[0m' but is '[38;2;30;144;255mfalse[0m'[0m[38;2;173;216;230m	at 'test_cada_posicion_manual_elige_catalogo_y_vacio_sin_mover_otras' in res://test/dominio/almacen/generador_de_tickets_test.gd:109[0m  [38;2;128;128;128m[38;2;255;69;0mExpecting:[0m
 [38;2;30;144;255m<RefCounted>[0m
 to refer to the same object
 '[38;2;30;144;255m<null>[0m'[0m[38;2;173;216;230m	at 'test_cada_posicion_manual_elige_catalogo_y_vacio_sin_mover_otras' in res://test/dominio/almacen/generador_de_tickets_test.gd:110[0m  [38;2;128;128;128m[38;2;255;69;0mExpecting:[0m '[38;2;30;144;255mtrue[0m' but is '[38;2;30;144;255mfalse[0m'[0m[38;2;173;216;230m	at 'test_cada_posicion_manual_elige_catalogo_y_vacio_sin_mover_otras' in res://test/dominio/almacen/generador_de_tickets_test.gd:109[0m  [38;2;128;128;128m[38;2;255;69;0mExpecting:[0m
 [38;2;30;144;255m<RefCounted>[0m
 to refer to the same object
 '[38;2;30;144;255m<null>[0m'[0m[38;2;173;216;230m	at 'test_cada_posicion_manual_elige_catalogo_y_vacio_sin_mover_otras' in res://test/dominio/almacen/generador_de_tickets_test.gd:110[0m  [38;2;128;128;128m[38;2;255;69;0mExpecting:[0m '[38;2;30;144;255mtrue[0m' but is '[38;2;30;144;255mfalse[0m'[0m[38;2;173;216;230m	at 'test_cada_posicion_manual_elige_catalogo_y_vacio_sin_mover_otras' in res://test/dominio/almacen/generador_de_tickets_test.gd:109[0m  [38;2;128;128;128m[38;2;255;69;0mExpecting:[0m
 [38;2;30;144;255m<RefCounted>[0m
 to refer to the same object
 '[38;2;30;144;255m<null>[0m'[0m[38;2;173;216;230m	at 'test_cada_posicion_manual_elige_catalogo_y_vacio_sin_mover_otras' in res://test/dominio/almacen/generador_de_tickets_test.gd:110[0m  [38;2;128;128;128m[38;2;255;69;0mExpecting:[0m '[38;2;30;144;255mtrue[0m' but is '[38;2;30;144;255mfalse[0m'[0m[38;2;173;216;230m	at 'test_cada_posicion_manual_elige_catalogo_y_vacio_sin_mover_otras' in res://test/dominio/almacen/generador_de_tickets_test.gd:109[0m  [38;2;128;128;128m[38;2;255;69;0mExpecting:[0m
 [38;2;30;144;255m<RefCounted>[0m
 to refer to the same object
 '[38;2;30;144;255m<null>[0m'[0m[38;2;173;216;230m	at 'test_cada_posicion_manual_elige_catalogo_y_vacio_sin_mover_otras' in res://test/dominio/almacen/generador_de_tickets_test.gd:110[0m  [38;2;128;128;128m[38;2;255;69;0mExpecting:[0m '[38;2;30;144;255mtrue[0m' but is '[38;2;30;144;255mfalse[0m'[0m[38;2;173;216;230m	at 'test_cada_posicion_manual_elige_catalogo_y_vacio_sin_mover_otras' in res://test/dominio/almacen/generador_de_tickets_test.gd:109[0m  [38;2;128;128;128m[38;2;255;69;0mExpecting:[0m
 [38;2;30;144;255m<RefCounted>[0m
 to refer to the same object
 '[38;2;30;144;255m<null>[0m'[0m[38;2;173;216;230m	at 'test_cada_posicion_manual_elige_catalogo_y_vacio_sin_mover_otras' in res://test/dominio/almacen/generador_de_tickets_test.gd:110[0m  [38;2;128;128;128m[38;2;255;69;0mExpecting:[0m '[38;2;30;144;255mtrue[0m' but is '[38;2;30;144;255mfalse[0m'[0m[38;2;173;216;230m	at 'test_cada_posicion_manual_elige_catalogo_y_vacio_sin_mover_otras' in res://test/dominio/almacen/generador_de_tickets_test.gd:109[0m  [38;2;128;128;128m[38;2;255;69;0mExpecting:[0m
 [38;2;30;144;255m<RefCounted>[0m
 to refer to the same object
 '[38;2;30;144;255m<null>[0m'[0m[38;2;173;216;230m	at 'test_cada_posicion_manual_elige_catalogo_y_vacio_sin_mover_otras' in res://test/dominio/almacen/generador_de_tickets_test.gd:110[0m  [38;2;128;128;128m[38;2;255;69;0mExpecting:[0m '[38;2;30;144;255mtrue[0m' but is '[38;2;30;144;255mfalse[0m'[0m[38;2;173;216;230m	at 'test_cada_posicion_manual_elige_catalogo_y_vacio_sin_mover_otras' in res://test/dominio/almacen/generador_de_tickets_test.gd:109[0m  [38;2;128;128;128m[38;2;255;69;0mExpecting:[0m
 [38;2;30;144;255m<RefCounted>[0m
 to refer to the same object
 '[38;2;30;144;255m<null>[0m'[0m[38;2;173;216;230m	at 'test_cada_posicion_manual_elige_catalogo_y_vacio_sin_mover_otras' in res://test/dominio/almacen/generador_de_tickets_test.gd:110[0m  [38;2;128;128;128m[38;2;255;69;0mExpecting:[0m '[38;2;30;144;255mtrue[0m' but is '[38;2;30;144;255mfalse[0m'[0m[38;2;173;216;230m	at 'test_cada_posicion_manual_elige_catalogo_y_vacio_sin_mover_otras' in res://test/dominio/almacen/generador_de_tickets_test.gd:109[0m  [38;2;128;128;128m[38;2;255;69;0mExpecting:[0m
 [38;2;30;144;255m<RefCounted>[0m
 to refer to the same object
 '[38;2;30;144;255m<null>[0m'[0m[38;2;173;216;230m	at 'test_cada_posicion_manual_elige_catalogo_y_vacio_sin_mover_otras' in res://test/dominio/almacen/generador_de_tickets_test.gd:110[0m  [38;2;128;128;128m[38;2;255;69;0mExpecting:[0m '[38;2;30;144;255mtrue[0m' but is '[38;2;30;144;255mfalse[0m'[0m[38;2;173;216;230m	at 'test_cada_posicion_manual_elige_catalogo_y_vacio_sin_mover_otras' in res://test/dominio/almacen/generador_de_tickets_test.gd:109[0m  [38;2;128;128;128m[38;2;255;69;0mExpecting:[0m
 [38;2;30;144;255m<RefCounted>[0m
 to refer to the same object
 '[38;2;30;144;255m<null>[0m'[0m[38;2;173;216;230m	at 'test_cada_posicion_manual_elige_catalogo_y_vacio_sin_mover_otras' in res://test/dominio/almacen/generador_de_tickets_test.gd:110[0m  [38;2;128;128;128m[38;2;255;69;0mExpecting:[0m '[38;2;30;144;255mtrue[0m' but is '[38;2;30;144;255mfalse[0m'[0m[38;2;173;216;230m	at 'test_cada_posicion_manual_elige_catalogo_y_vacio_sin_mover_otras' in res://test/dominio/almacen/generador_de_tickets_test.gd:109[0m  [38;2;128;128;128m[38;2;255;69;0mExpecting:[0m
 [38;2;30;144;255m<RefCounted>[0m
 to refer to the same object
 '[38;2;30;144;255m<null>[0m'[0m[38;2;173;216;230m	at 'test_cada_posicion_manual_elige_catalogo_y_vacio_sin_mover_otras' in res://test/dominio/almacen/generador_de_tickets_test.gd:110[0m  [38;2;128;128;128m[38;2;255;69;0mExpecting:[0m '[38;2;30;144;255mtrue[0m' but is '[38;2;30;144;255mfalse[0m'[0m[38;2;173;216;230m	at 'test_cada_posicion_manual_elige_catalogo_y_vacio_sin_mover_otras' in res://test/dominio/almacen/generador_de_tickets_test.gd:109[0m  [38;2;128;128;128m[38;2;255;69;0mExpecting:[0m
 [38;2;30;144;255m<RefCounted>[0m
 to refer to the same object
 '[38;2;30;144;255m<null>[0m'[0m[38;2;173;216;230m	at 'test_cada_posicion_manual_elige_catalogo_y_vacio_sin_mover_otras' in res://test/dominio/almacen/generador_de_tickets_test.gd:110[0m  [38;2;128;128;128m[38;2;255;69;0mExpecting:[0m '[38;2;30;144;255mtrue[0m' but is '[38;2;30;144;255mfalse[0m'[0m[38;2;173;216;230m	at 'test_cada_posicion_manual_elige_catalogo_y_vacio_sin_mover_otras' in res://test/dominio/almacen/generador_de_tickets_test.gd:109[0m  [38;2;128;128;128m[38;2;255;69;0mExpecting:[0m
 [38;2;30;144;255m<RefCounted>[0m
 to refer to the same object
 '[38;2;30;144;255m<null>[0m'[0m[38;2;173;216;230m	at 'test_cada_posicion_manual_elige_catalogo_y_vacio_sin_mover_otras' in res://test/dominio/almacen/generador_de_tickets_test.gd:110[0m  [38;2;128;128;128m[38;2;255;69;0mExpecting:[0m '[38;2;30;144;255mtrue[0m' but is '[38;2;30;144;255mfalse[0m'[0m[38;2;173;216;230m	at 'test_cada_posicion_manual_elige_catalogo_y_vacio_sin_mover_otras' in res://test/dominio/almacen/generador_de_tickets_test.gd:109[0m  [38;2;128;128;128m[38;2;255;69;0mExpecting:[0m
 [38;2;30;144;255m<RefCounted>[0m
 to refer to the same object
 '[38;2;30;144;255m<null>[0m'[0m[38;2;173;216;230m	at 'test_cada_posicion_manual_elige_catalogo_y_vacio_sin_mover_otras' in res://test/dominio/almacen/generador_de_tickets_test.gd:110[0m  [38;2;128;128;128m[38;2;255;69;0mExpecting:[0m '[38;2;30;144;255mtrue[0m' but is '[38;2;30;144;255mfalse[0m'[0m[38;2;173;216;230m	at 'test_cada_posicion_manual_elige_catalogo_y_vacio_sin_mover_otras' in res://test/dominio/almacen/generador_de_tickets_test.gd:109[0m  [38;2;128;128;128m[38;2;255;69;0mExpecting:[0m
 [38;2;30;144;255m<RefCounted>[0m
 to refer to the same object
 '[38;2;30;144;255m<null>[0m'[0m[38;2;173;216;230m	at 'test_cada_posicion_manual_elige_catalogo_y_vacio_sin_mover_otras' in res://test/dominio/almacen/generador_de_tickets_test.gd:110[0m  [38;2;128;128;128m[38;2;255;69;0mExpecting:[0m '[38;2;30;144;255mtrue[0m' but is '[38;2;30;144;255mfalse[0m'[0m[38;2;173;216;230m	at 'test_cada_posicion_manual_elige_catalogo_y_vacio_sin_mover_otras' in res://test/dominio/almacen/generador_de_tickets_test.gd:109[0m  [38;2;128;128;128m[38;2;255;69;0mExpecting:[0m
 [38;2;30;144;255m<RefCounted>[0m
 to refer to the same object
 '[38;2;30;144;255m<null>[0m'[0m[38;2;173;216;230m	at 'test_cada_posicion_manual_elige_catalogo_y_vacio_sin_mover_otras' in res://test/dominio/almacen/generador_de_tickets_test.gd:110[0m  [38;2;128;128;128m[38;2;255;69;0mExpecting:[0m '[38;2;30;144;255mtrue[0m' but is '[38;2;30;144;255mfalse[0m'[0m[38;2;173;216;230m	at 'test_cada_posicion_manual_elige_catalogo_y_vacio_sin_mover_otras' in res://test/dominio/almacen/generador_de_tickets_test.gd:109[0m  [38;2;128;128;128m[38;2;255;69;0mExpecting:[0m
 [38;2;30;144;255m<RefCounted>[0m
 to refer to the same object
 '[38;2;30;144;255m<null>[0m'[0m[38;2;173;216;230m	at 'test_cada_posicion_manual_elige_catalogo_y_vacio_sin_mover_otras' in res://test/dominio/almacen/generador_de_tickets_test.gd:110[0m  [38;2;128;128;128m[38;2;255;69;0mExpecting:[0m '[38;2;30;144;255mtrue[0m' but is '[38;2;30;144;255mfalse[0m'[0m[38;2;173;216;230m	at 'test_cada_posicion_manual_elige_catalogo_y_vacio_sin_mover_otras' in res://test/dominio/almacen/generador_de_tickets_test.gd:109[0m  [38;2;128;128;128m[38;2;255;69;0mExpecting:[0m
 [38;2;30;144;255m<RefCounted>[0m
 to refer to the same object
 '[38;2;30;144;255m<null>[0m'[0m[38;2;173;216;230m	at 'test_cada_posicion_manual_elige_catalogo_y_vacio_sin_mover_otras' in res://test/dominio/almacen/generador_de_tickets_test.gd:110[0m  [38;2;128;128;128m[38;2;255;69;0mExpecting:[0m '[38;2;30;144;255mtrue[0m' but is '[38;2;30;144;255mfalse[0m'[0m[38;2;173;216;230m	at 'test_cada_posicion_manual_elige_catalogo_y_vacio_sin_mover_otras' in res://test/dominio/almacen/generador_de_tickets_test.gd:109[0m  [38;2;128;128;128m[38;2;255;69;0mExpecting:[0m
 [38;2;30;144;255m<RefCounted>[0m
 to refer to the same object
 '[38;2;30;144;255m<null>[0m'[0m[38;2;173;216;230m	at 'test_cada_posicion_manual_elige_catalogo_y_vacio_sin_mover_otras' in res://test/dominio/almacen/generador_de_tickets_test.gd:110[0m  [38;2;128;128;128m[38;2;255;69;0mExpecting:[0m '[38;2;30;144;255mtrue[0m' but is '[38;2;30;144;255mfalse[0m'[0m[38;2;173;216;230m	at 'test_cada_posicion_manual_elige_catalogo_y_vacio_sin_mover_otras' in res://test/dominio/almacen/generador_de_tickets_test.gd:109[0m  [38;2;128;128;128m[38;2;255;69;0mExpecting:[0m
 [38;2;30;144;255m<RefCounted>[0m
 to refer to the same object
 '[38;2;30;144;255m<null>[0m'[0m[38;2;173;216;230m	at 'test_cada_posicion_manual_elige_catalogo_y_vacio_sin_mover_otras' in res://test/dominio/almacen/generador_de_tickets_test.gd:110[0m  [38;2;128;128;128m[38;2;255;69;0mExpecting:[0m '[38;2;30;144;255mtrue[0m' but is '[38;2;30;144;255mfalse[0m'[0m[38;2;173;216;230m	at 'test_cada_posicion_manual_elige_catalogo_y_vacio_sin_mover_otras' in res://test/dominio/almacen/generador_de_tickets_test.gd:109[0m  [38;2;128;128;128m[38;2;255;69;0mExpecting:[0m
 [38;2;30;144;255m<RefCounted>[0m
 to refer to the same object
 '[38;2;30;144;255m<null>[0m'[0m[38;2;173;216;230m	at 'test_cada_posicion_manual_elige_catalogo_y_vacio_sin_mover_otras' in res://test/dominio/almacen/generador_de_tickets_test.gd:110[0m  [38;2;128;128;128m[38;2;255;69;0mExpecting:[0m '[38;2;30;144;255mtrue[0m' but is '[38;2;30;144;255mfalse[0m'[0m[38;2;173;216;230m	at 'test_cada_posicion_manual_elige_catalogo_y_vacio_sin_mover_otras' in res://test/dominio/almacen/generador_de_tickets_test.gd:109[0m  [38;2;128;128;128m[38;2;255;69;0mExpecting:[0m
 [38;2;30;144;255m<RefCounted>[0m
 to refer to the same object
 '[38;2;30;144;255m<null>[0m'[0m[38;2;173;216;230m	at 'test_cada_posicion_manual_elige_catalogo_y_vacio_sin_mover_otras' in res://test/dominio/almacen/generador_de_tickets_test.gd:110[0m  [38;2;128;128;128m[38;2;255;69;0mExpecting:[0m '[38;2;30;144;255mtrue[0m' but is '[38;2;30;144;255mfalse[0m'[0m[38;2;173;216;230m	at 'test_cada_posicion_manual_elige_catalogo_y_vacio_sin_mover_otras' in res://test/dominio/almacen/generador_de_tickets_test.gd:109[0m  [38;2;128;128;128m[38;2;255;69;0mExpecting:[0m
 [38;2;30;144;255m<RefCounted>[0m
 to refer to the same object
 '[38;2;30;144;255m<null>[0m'[0m[38;2;173;216;230m	at 'test_cada_posicion_manual_elige_catalogo_y_vacio_sin_mover_otras' in res://test/dominio/almacen/generador_de_tickets_test.gd:110[0m  [38;2;128;128;128m[38;2;255;69;0mExpecting:[0m '[38;2;30;144;255mtrue[0m' but is '[38;2;30;144;255mfalse[0m'[0m[38;2;173;216;230m	at 'test_cada_posicion_manual_elige_catalogo_y_vacio_sin_mover_otras' in res://test/dominio/almacen/generador_de_tickets_test.gd:109[0m  [38;2;128;128;128m[38;2;255;69;0mExpecting:[0m
 [38;2;30;144;255m<RefCounted>[0m
 to refer to the same object
 '[38;2;30;144;255m<null>[0m'[0m[38;2;173;216;230m	at 'test_cada_posicion_manual_elige_catalogo_y_vacio_sin_mover_otras' in res://test/dominio/almacen/generador_de_tickets_test.gd:110[0m  [38;2;128;128;128m[38;2;255;69;0mExpecting:[0m '[38;2;30;144;255mtrue[0m' but is '[38;2;30;144;255mfalse[0m'[0m[38;2;173;216;230m	at 'test_cada_posicion_manual_elige_catalogo_y_vacio_sin_mover_otras' in res://test/dominio/almacen/generador_de_tickets_test.gd:109[0m  [38;2;128;128;128m[38;2;255;69;0mExpecting:[0m
 [38;2;30;144;255m<RefCounted>[0m
 to refer to the same object
 '[38;2;30;144;255m<null>[0m'[0m[38;2;173;216;230m	at 'test_cada_posicion_manual_elige_catalogo_y_vacio_sin_mover_otras' in res://test/dominio/almacen/generador_de_tickets_test.gd:110[0m  [38;2;128;128;128m[38;2;255;69;0mExpecting:[0m '[38;2;30;144;255mtrue[0m' but is '[38;2;30;144;255mfalse[0m'[0m[38;2;173;216;230m	at 'test_cada_posicion_manual_elige_catalogo_y_vacio_sin_mover_otras' in res://test/dominio/almacen/generador_de_tickets_test.gd:109[0m  [38;2;128;128;128m[38;2;255;69;0mExpecting:[0m
 [38;2;30;144;255m<RefCounted>[0m
 to refer to the same object
 '[38;2;30;144;255m<null>[0m'[0m[38;2;173;216;230m	at 'test_cada_posicion_manual_elige_catalogo_y_vacio_sin_mover_otras' in res://test/dominio/almacen/generador_de_tickets_test.gd:110[0m  [38;2;128;128;128m[38;2;255;69;0mExpecting:[0m '[38;2;30;144;255mtrue[0m' but is '[38;2;30;144;255mfalse[0m'[0m[38;2;173;216;230m	at 'test_cada_posicion_manual_elige_catalogo_y_vacio_sin_mover_otras' in res://test/dominio/almacen/generador_de_tickets_test.gd:109[0m  [38;2;128;128;128m[38;2;255;69;0mExpecting:[0m
 [38;2;30;144;255m<RefCounted>[0m
 to refer to the same object
 '[38;2;30;144;255m<null>[0m'[0m[38;2;173;216;230m	at 'test_cada_posicion_manual_elige_catalogo_y_vacio_sin_mover_otras' in res://test/dominio/almacen/generador_de_tickets_test.gd:110[0m  [38;2;128;128;128m[38;2;255;69;0mExpecting:[0m '[38;2;30;144;255mtrue[0m' but is '[38;2;30;144;255mfalse[0m'[0m[38;2;173;216;230m	at 'test_cada_posicion_manual_elige_catalogo_y_vacio_sin_mover_otras' in res://test/dominio/almacen/generador_de_tickets_test.gd:109[0m  [38;2;128;128;128m[38;2;255;69;0mExpecting:[0m
 [38;2;30;144;255m<RefCounted>[0m
 to refer to the same object
 '[38;2;30;144;255m<null>[0m'[0m[38;2;173;216;230m	at 'test_cada_posicion_manual_elige_catalogo_y_vacio_sin_mover_otras' in res://test/dominio/almacen/generador_de_tickets_test.gd:110[0m  [38;2;128;128;128m[38;2;255;69;0mExpecting:[0m '[38;2;30;144;255mtrue[0m' but is '[38;2;30;144;255mfalse[0m'[0m[38;2;173;216;230m	at 'test_cada_posicion_manual_elige_catalogo_y_vacio_sin_mover_otras' in res://test/dominio/almacen/generador_de_tickets_test.gd:109[0m  [38;2;128;128;128m[38;2;255;69;0mExpecting:[0m
 [38;2;30;144;255m<RefCounted>[0m
 to refer to the same object
 '[38;2;30;144;255m<null>[0m'[0m[38;2;173;216;230m	at 'test_cada_posicion_manual_elige_catalogo_y_vacio_sin_mover_otras' in res://test/dominio/almacen/generador_de_tickets_test.gd:110[0m  [38;2;128;128;128m[38;2;255;69;0mExpecting:[0m '[38;2;30;144;255mtrue[0m' but is '[38;2;30;144;255mfalse[0m'[0m[38;2;173;216;230m	at 'test_cada_posicion_manual_elige_catalogo_y_vacio_sin_mover_otras' in res://test/dominio/almacen/generador_de_tickets_test.gd:109[0m  [38;2;128;128;128m[38;2;255;69;0mExpecting:[0m
 [38;2;30;144;255m<RefCounted>[0m
 to refer to the same object
 '[38;2;30;144;255m<null>[0m'[0m[38;2;173;216;230m	at 'test_cada_posicion_manual_elige_catalogo_y_vacio_sin_mover_otras' in res://test/dominio/almacen/generador_de_tickets_test.gd:110[0m  [38;2;128;128;128m[38;2;255;69;0mExpecting:[0m '[38;2;30;144;255mtrue[0m' but is '[38;2;30;144;255mfalse[0m'[0m[38;2;173;216;230m	at 'test_cada_posicion_manual_elige_catalogo_y_vacio_sin_mover_otras' in res://test/dominio/almacen/generador_de_tickets_test.gd:109[0m  [38;2;128;128;128m[38;2;255;69;0mExpecting:[0m
 [38;2;30;144;255m<RefCounted>[0m
 to refer to the same object
 '[38;2;30;144;255m<null>[0m'[0m[38;2;173;216;230m	at 'test_cada_posicion_manual_elige_catalogo_y_vacio_sin_mover_otras' in res://test/dominio/almacen/generador_de_tickets_test.gd:110[0m  [38;2;128;128;128m[38;2;255;69;0mExpecting:[0m '[38;2;30;144;255mtrue[0m' but is '[38;2;30;144;255mfalse[0m'[0m[38;2;173;216;230m	at 'test_cada_posicion_manual_elige_catalogo_y_vacio_sin_mover_otras' in res://test/dominio/almacen/generador_de_tickets_test.gd:109[0m  [38;2;128;128;128m[38;2;255;69;0mExpecting:[0m
 [38;2;30;144;255m<RefCounted>[0m
 to refer to the same object
 '[38;2;30;144;255m<null>[0m'[0m[38;2;173;216;230m	at 'test_cada_posicion_manual_elige_catalogo_y_vacio_sin_mover_otras' in res://test/dominio/almacen/generador_de_tickets_test.gd:110[0m  [38;2;128;128;128m[38;2;255;69;0mExpecting:[0m '[38;2;30;144;255mtrue[0m' but is '[38;2;30;144;255mfalse[0m'[0m[38;2;173;216;230m	at 'test_cada_posicion_manual_elige_catalogo_y_vacio_sin_mover_otras' in res://test/dominio/almacen/generador_de_tickets_test.gd:109[0m  [38;2;128;128;128m[38;2;255;69;0mExpecting:[0m
 [38;2;30;144;255m<RefCounted>[0m
 to refer to the same object
 '[38;2;30;144;255m<null>[0m'[0m[38;2;173;216;230m	at 'test_cada_posicion_manual_elige_catalogo_y_vacio_sin_mover_otras' in res://test/dominio/almacen/generador_de_tickets_test.gd:110[0m  [38;2;128;128;128m[38;2;255;69;0mExpecting:[0m '[38;2;30;144;255mtrue[0m' but is '[38;2;30;144;255mfalse[0m'[0m[38;2;173;216;230m	at 'test_cada_posicion_manual_elige_catalogo_y_vacio_sin_mover_otras' in res://test/dominio/almacen/generador_de_tickets_test.gd:109[0m  [38;2;128;128;128m[38;2;255;69;0mExpecting:[0m
 [38;2;30;144;255m<RefCounted>[0m
 to refer to the same object
 '[38;2;30;144;255m<null>[0m'[0m[38;2;173;216;230m	at 'test_cada_posicion_manual_elige_catalogo_y_vacio_sin_mover_otras' in res://test/dominio/almacen/generador_de_tickets_test.gd:110[0m  [38;2;128;128;128m[38;2;255;69;0mExpecting:[0m '[38;2;30;144;255mtrue[0m' but is '[38;2;30;144;255mfalse[0m'[0m[38;2;173;216;230m	at 'test_cada_posicion_manual_elige_catalogo_y_vacio_sin_mover_otras' in res://test/dominio/almacen/generador_de_tickets_test.gd:109[0m  [38;2;128;128;128m[38;2;255;69;0mExpecting:[0m
 [38;2;30;144;255m<RefCounted>[0m
 to refer to the same object
 '[38;2;30;144;255m<null>[0m'[0m[38;2;173;216;230m	at 'test_cada_posicion_manual_elige_catalogo_y_vacio_sin_mover_otras' in res://test/dominio/almacen/generador_de_tickets_test.gd:110[0m  [38;2;128;128;128m[38;2;255;69;0mExpecting:[0m '[38;2;30;144;255mtrue[0m' but is '[38;2;30;144;255mfalse[0m'[0m[38;2;173;216;230m	at 'test_cada_posicion_manual_elige_catalogo_y_vacio_sin_mover_otras' in res://test/dominio/almacen/generador_de_tickets_test.gd:109[0m  [38;2;128;128;128m[38;2;255;69;0mExpecting:[0m
 [38;2;30;144;255m<RefCounted>[0m
 to refer to the same object
 '[38;2;30;144;255m<null>[0m'[0m[38;2;173;216;230m	at 'test_cada_posicion_manual_elige_catalogo_y_vacio_sin_mover_otras' in res://test/dominio/almacen/generador_de_tickets_test.gd:110[0m  [38;2;128;128;128m[38;2;255;69;0mExpecting:[0m '[38;2;30;144;255mtrue[0m' but is '[38;2;30;144;255mfalse[0m'[0m[38;2;173;216;230m	at 'test_cada_posicion_manual_elige_catalogo_y_vacio_sin_mover_otras' in res://test/dominio/almacen/generador_de_tickets_test.gd:109[0m  [38;2;128;128;128m[38;2;255;69;0mExpecting:[0m
 [38;2;30;144;255m<RefCounted>[0m
 to refer to the same object
 '[38;2;30;144;255m<null>[0m'[0m[38;2;173;216;230m	at 'test_cada_posicion_manual_elige_catalogo_y_vacio_sin_mover_otras' in res://test/dominio/almacen/generador_de_tickets_test.gd:110[0m  [38;2;128;128;128m[38;2;255;69;0mExpecting:[0m '[38;2;30;144;255mtrue[0m' but is '[38;2;30;144;255mfalse[0m'[0m[38;2;173;216;230m	at 'test_cada_posicion_manual_elige_catalogo_y_vacio_sin_mover_otras' in res://test/dominio/almacen/generador_de_tickets_test.gd:109[0m  [38;2;128;128;128m[38;2;255;69;0mExpecting:[0m
 [38;2;30;144;255m<RefCounted>[0m
 to refer to the same object
 '[38;2;30;144;255m<null>[0m'[0m[38;2;173;216;230m	at 'test_cada_posicion_manual_elige_catalogo_y_vacio_sin_mover_otras' in res://test/dominio/almacen/generador_de_tickets_test.gd:110[0m  [38;2;128;128;128m[38;2;255;69;0mExpecting:[0m '[38;2;30;144;255mtrue[0m' but is '[38;2;30;144;255mfalse[0m'[0m[38;2;173;216;230m	at 'test_cada_posicion_manual_elige_catalogo_y_vacio_sin_mover_otras' in res://test/dominio/almacen/generador_de_tickets_test.gd:109[0m  [38;2;128;128;128m[38;2;255;69;0mExpecting:[0m
 [38;2;30;144;255m<RefCounted>[0m
 to refer to the same object
 '[38;2;30;144;255m<null>[0m'[0m[38;2;173;216;230m	at 'test_cada_posicion_manual_elige_catalogo_y_vacio_sin_mover_otras' in res://test/dominio/almacen/generador_de_tickets_test.gd:110[0m  [38;2;128;128;128m[38;2;255;69;0mExpecting:[0m '[38;2;30;144;255mtrue[0m' but is '[38;2;30;144;255mfalse[0m'[0m[38;2;173;216;230m	at 'test_cada_posicion_manual_elige_catalogo_y_vacio_sin_mover_otras' in res://test/dominio/almacen/generador_de_tickets_test.gd:109[0m  [38;2;128;128;128m[38;2;255;69;0mExpecting:[0m
 [38;2;30;144;255m<RefCounted>[0m
 to refer to the same object
 '[38;2;30;144;255m<null>[0m'[0m[38;2;173;216;230m	at 'test_cada_posicion_manual_elige_catalogo_y_vacio_sin_mover_otras' in res://test/dominio/almacen/generador_de_tickets_test.gd:110[0m  [38;2;128;128;128m[38;2;255;69;0mExpecting:[0m '[38;2;30;144;255mtrue[0m' but is '[38;2;30;144;255mfalse[0m'[0m[38;2;173;216;230m	at 'test_cada_posicion_manual_elige_catalogo_y_vacio_sin_mover_otras' in res://test/dominio/almacen/generador_de_tickets_test.gd:109[0m  [38;2;128;128;128m[38;2;255;69;0mExpecting:[0m
 [38;2;30;144;255m<RefCounted>[0m
 to refer to the same object
 '[38;2;30;144;255m<null>[0m'[0m[38;2;173;216;230m	at 'test_cada_posicion_manual_elige_catalogo_y_vacio_sin_mover_otras' in res://test/dominio/almacen/generador_de_tickets_test.gd:110[0m  [38;2;128;128;128m[38;2;255;69;0mExpecting:[0m '[38;2;30;144;255mtrue[0m' but is '[38;2;30;144;255mfalse[0m'[0m[38;2;173;216;230m	at 'test_cada_posicion_manual_elige_catalogo_y_vacio_sin_mover_otras' in res://test/dominio/almacen/generador_de_tickets_test.gd:109[0m  [38;2;128;128;128m[38;2;255;69;0mExpecting:[0m
 [38;2;30;144;255m<RefCounted>[0m
 to refer to the same object
 '[38;2;30;144;255m<null>[0m'[0m[38;2;173;216;230m	at 'test_cada_posicion_manual_elige_catalogo_y_vacio_sin_mover_otras' in res://test/dominio/almacen/generador_de_tickets_test.gd:110[0m  [38;2;128;128;128m[38;2;255;69;0mExpecting:[0m '[38;2;30;144;255mtrue[0m' but is '[38;2;30;144;255mfalse[0m'[0m[38;2;173;216;230m	at 'test_cada_posicion_manual_elige_catalogo_y_vacio_sin_mover_otras' in res://test/dominio/almacen/generador_de_tickets_test.gd:109[0m  [38;2;128;128;128m[38;2;255;69;0mExpecting:[0m
 [38;2;30;144;255m<RefCounted>[0m
 to refer to the same object
 '[38;2;30;144;255m<null>[0m'[0m[38;2;173;216;230m	at 'test_cada_posicion_manual_elige_catalogo_y_vacio_sin_mover_otras' in res://test/dominio/almacen/generador_de_tickets_test.gd:110[0m  [38;2;128;128;128m[38;2;255;69;0mExpecting:[0m '[38;2;30;144;255mtrue[0m' but is '[38;2;30;144;255mfalse[0m'[0m[38;2;173;216;230m	at 'test_cada_posicion_manual_elige_catalogo_y_vacio_sin_mover_otras' in res://test/dominio/almacen/generador_de_tickets_test.gd:109[0m  [38;2;128;128;128m[38;2;255;69;0mExpecting:[0m
 [38;2;30;144;255m<RefCounted>[0m
 to refer to the same object
 '[38;2;30;144;255m<null>[0m'[0m[38;2;173;216;230m	at 'test_cada_posicion_manual_elige_catalogo_y_vacio_sin_mover_otras' in res://test/dominio/almacen/generador_de_tickets_test.gd:110[0m  [38;2;128;128;128m[38;2;255;69;0mExpecting:[0m '[38;2;30;144;255mtrue[0m' but is '[38;2;30;144;255mfalse[0m'[0m[38;2;173;216;230m	at 'test_cada_posicion_manual_elige_catalogo_y_vacio_sin_mover_otras' in res://test/dominio/almacen/generador_de_tickets_test.gd:109[0m  [38;2;128;128;128m[38;2;255;69;0mExpecting:[0m
 [38;2;30;144;255m<RefCounted>[0m
 to refer to the same object
 '[38;2;30;144;255m<null>[0m'[0m[38;2;173;216;230m	at 'test_cada_posicion_manual_elige_catalogo_y_vacio_sin_mover_otras' in res://test/dominio/almacen/generador_de_tickets_test.gd:110[0m  [38;2;128;128;128m[38;2;255;69;0mExpecting:[0m '[38;2;30;144;255mtrue[0m' but is '[38;2;30;144;255mfalse[0m'[0m[38;2;173;216;230m	at 'test_cada_posicion_manual_elige_catalogo_y_vacio_sin_mover_otras' in res://test/dominio/almacen/generador_de_tickets_test.gd:109[0m  [38;2;128;128;128m[38;2;255;69;0mExpecting:[0m
 [38;2;30;144;255m<RefCounted>[0m
 to refer to the same object
 '[38;2;30;144;255m<null>[0m'[0m[38;2;173;216;230m	at 'test_cada_posicion_manual_elige_catalogo_y_vacio_sin_mover_otras' in res://test/dominio/almacen/generador_de_tickets_test.gd:110[0m  [38;2;128;128;128m[38;2;255;69;0mExpecting:[0m '[38;2;30;144;255mtrue[0m' but is '[38;2;30;144;255mfalse[0m'[0m[38;2;173;216;230m	at 'test_cada_posicion_manual_elige_catalogo_y_vacio_sin_mover_otras' in res://test/dominio/almacen/generador_de_tickets_test.gd:109[0m  [38;2;128;128;128m[38;2;255;69;0mExpecting:[0m
 [38;2;30;144;255m<RefCounted>[0m
 to refer to the same object
 '[38;2;30;144;255m<null>[0m'[0m[38;2;173;216;230m	at 'test_cada_posicion_manual_elige_catalogo_y_vacio_sin_mover_otras' in res://test/dominio/almacen/generador_de_tickets_test.gd:110[0m  [38;2;128;128;128m[38;2;255;69;0mExpecting:[0m '[38;2;30;144;255mtrue[0m' but is '[38;2;30;144;255mfalse[0m'[0m[38;2;173;216;230m	at 'test_cada_posicion_manual_elige_catalogo_y_vacio_sin_mover_otras' in res://test/dominio/almacen/generador_de_tickets_test.gd:109[0m  [38;2;128;128;128m[38;2;255;69;0mExpecting:[0m
 [38;2;30;144;255m<RefCounted>[0m
 to refer to the same object
 '[38;2;30;144;255m<null>[0m'[0m[38;2;173;216;230m	at 'test_cada_posicion_manual_elige_catalogo_y_vacio_sin_mover_otras' in res://test/dominio/almacen/generador_de_tickets_test.gd:110[0m  [38;2;128;128;128m[38;2;255;69;0mExpecting:[0m '[38;2;30;144;255mtrue[0m' but is '[38;2;30;144;255mfalse[0m'[0m[38;2;173;216;230m	at 'test_cada_posicion_manual_elige_catalogo_y_vacio_sin_mover_otras' in res://test/dominio/almacen/generador_de_tickets_test.gd:109[0m  [38;2;128;128;128m[38;2;255;69;0mExpecting:[0m
 [38;2;30;144;255m<RefCounted>[0m
 to refer to the same object
 '[38;2;30;144;255m<null>[0m'[0m[38;2;173;216;230m	at 'test_cada_posicion_manual_elige_catalogo_y_vacio_sin_mover_otras' in res://test/dominio/almacen/generador_de_tickets_test.gd:110[0m  [38;2;128;128;128m[38;2;255;69;0mExpecting:[0m '[38;2;30;144;255mtrue[0m' but is '[38;2;30;144;255mfalse[0m'[0m[38;2;173;216;230m	at 'test_cada_posicion_manual_elige_catalogo_y_vacio_sin_mover_otras' in res://test/dominio/almacen/generador_de_tickets_test.gd:109[0m  [38;2;128;128;128m[38;2;255;69;0mExpecting:[0m
 [38;2;30;144;255m<RefCounted>[0m
 to refer to the same object
 '[38;2;30;144;255m<null>[0m'[0m[38;2;173;216;230m	at 'test_cada_posicion_manual_elige_catalogo_y_vacio_sin_mover_otras' in res://test/dominio/almacen/generador_de_tickets_test.gd:110[0m  [38;2;128;128;128m[38;2;255;69;0mExpecting:[0m '[38;2;30;144;255mtrue[0m' but is '[38;2;30;144;255mfalse[0m'[0m[38;2;173;216;230m	at 'test_cada_posicion_manual_elige_catalogo_y_vacio_sin_mover_otras' in res://test/dominio/almacen/generador_de_tickets_test.gd:109[0m  [38;2;128;128;128m[38;2;255;69;0mExpecting:[0m
 [38;2;30;144;255m<RefCounted>[0m
 to refer to the same object
 '[38;2;30;144;255m<null>[0m'[0m[38;2;173;216;230m	at 'test_cada_posicion_manual_elige_catalogo_y_vacio_sin_mover_otras' in res://test/dominio/almacen/generador_de_tickets_test.gd:110[0m  [38;2;128;128;128m[38;2;255;69;0mExpecting:[0m '[38;2;30;144;255mtrue[0m' but is '[38;2;30;144;255mfalse[0m'[0m[38;2;173;216;230m	at 'test_cada_posicion_manual_elige_catalogo_y_vacio_sin_mover_otras' in res://test/dominio/almacen/generador_de_tickets_test.gd:109[0m  [38;2;128;128;128m[38;2;255;69;0mExpecting:[0m
 [38;2;30;144;255m<RefCounted>[0m
 to refer to the same object
 '[38;2;30;144;255m<null>[0m'[0m[38;2;173;216;230m	at 'test_cada_posicion_manual_elige_catalogo_y_vacio_sin_mover_otras' in res://test/dominio/almacen/generador_de_tickets_test.gd:110[0m  [38;2;128;128;128m[38;2;255;69;0mExpecting:[0m '[38;2;30;144;255mtrue[0m' but is '[38;2;30;144;255mfalse[0m'[0m[38;2;173;216;230m	at 'test_cada_posicion_manual_elige_catalogo_y_vacio_sin_mover_otras' in res://test/dominio/almacen/generador_de_tickets_test.gd:109[0m  [38;2;128;128;128m[38;2;255;69;0mExpecting:[0m
 [38;2;30;144;255m<RefCounted>[0m
 to refer to the same object
 '[38;2;30;144;255m<null>[0m'[0m[38;2;173;216;230m	at 'test_cada_posicion_manual_elige_catalogo_y_vacio_sin_mover_otras' in res://test/dominio/almacen/generador_de_tickets_test.gd:110[0m  [38;2;128;128;128m[38;2;255;69;0mExpecting:[0m '[38;2;30;144;255mtrue[0m' but is '[38;2;30;144;255mfalse[0m'[0m[38;2;173;216;230m	at 'test_cada_posicion_manual_elige_catalogo_y_vacio_sin_mover_otras' in res://test/dominio/almacen/generador_de_tickets_test.gd:109[0m  [38;2;128;128;128m[38;2;255;69;0mExpecting:[0m
 [38;2;30;144;255m<RefCounted>[0m
 to refer to the same object
 '[38;2;30;144;255m<null>[0m'[0m[38;2;173;216;230m	at 'test_cada_posicion_manual_elige_catalogo_y_vacio_sin_mover_otras' in res://test/dominio/almacen/generador_de_tickets_test.gd:110[0m  [38;2;128;128;128m[38;2;255;69;0mExpecting:[0m '[38;2;30;144;255mtrue[0m' but is '[38;2;30;144;255mfalse[0m'[0m[38;2;173;216;230m	at 'test_cada_posicion_manual_elige_catalogo_y_vacio_sin_mover_otras' in res://test/dominio/almacen/generador_de_tickets_test.gd:109[0m  [38;2;128;128;128m[38;2;255;69;0mExpecting:[0m
 [38;2;30;144;255m<RefCounted>[0m
 to refer to the same object
 '[38;2;30;144;255m<null>[0m'[0m[38;2;173;216;230m	at 'test_cada_posicion_manual_elige_catalogo_y_vacio_sin_mover_otras' in res://test/dominio/almacen/generador_de_tickets_test.gd:110[0m  [38;2;128;128;128m[38;2;255;69;0mExpecting:[0m '[38;2;30;144;255mtrue[0m' but is '[38;2;30;144;255mfalse[0m'[0m[38;2;173;216;230m	at 'test_cada_posicion_manual_elige_catalogo_y_vacio_sin_mover_otras' in res://test/dominio/almacen/generador_de_tickets_test.gd:109[0m  [38;2;128;128;128m[38;2;255;69;0mExpecting:[0m
 [38;2;30;144;255m<RefCounted>[0m
 to refer to the same object
 '[38;2;30;144;255m<null>[0m'[0m[38;2;173;216;230m	at 'test_cada_posicion_manual_elige_catalogo_y_vacio_sin_mover_otras' in res://test/dominio/almacen/generador_de_tickets_test.gd:110[0m  [38;2;128;128;128m[38;2;255;69;0mExpecting:[0m '[38;2;30;144;255mtrue[0m' but is '[38;2;30;144;255mfalse[0m'[0m[38;2;173;216;230m	at 'test_cada_posicion_manual_elige_catalogo_y_vacio_sin_mover_otras' in res://test/dominio/almacen/generador_de_tickets_test.gd:109[0m  [38;2;128;128;128m[38;2;255;69;0mExpecting:[0m
 [38;2;30;144;255m<RefCounted>[0m
 to refer to the same object
 '[38;2;30;144;255m<null>[0m'[0m[38;2;173;216;230m	at 'test_cada_posicion_manual_elige_catalogo_y_vacio_sin_mover_otras' in res://test/dominio/almacen/generador_de_tickets_test.gd:110[0m  [38;2;128;128;128m[38;2;255;69;0mExpecting:[0m '[38;2;30;144;255mtrue[0m' but is '[38;2;30;144;255mfalse[0m'[0m[38;2;173;216;230m	at 'test_cada_posicion_manual_elige_catalogo_y_vacio_sin_mover_otras' in res://test/dominio/almacen/generador_de_tickets_test.gd:109[0m  [38;2;128;128;128m[38;2;255;69;0mExpecting:[0m
 [38;2;30;144;255m<RefCounted>[0m
 to refer to the same object
 '[38;2;30;144;255m<null>[0m'[0m[38;2;173;216;230m	at 'test_cada_posicion_manual_elige_catalogo_y_vacio_sin_mover_otras' in res://test/dominio/almacen/generador_de_tickets_test.gd:110[0m  [38;2;128;128;128m[38;2;255;69;0mExpecting:[0m '[38;2;30;144;255mtrue[0m' but is '[38;2;30;144;255mfalse[0m'[0m[38;2;173;216;230m	at 'test_cada_posicion_manual_elige_catalogo_y_vacio_sin_mover_otras' in res://test/dominio/almacen/generador_de_tickets_test.gd:109[0m  [38;2;128;128;128m[38;2;255;69;0mExpecting:[0m
 [38;2;30;144;255m<RefCounted>[0m
 to refer to the same object
 '[38;2;30;144;255m<null>[0m'[0m[38;2;173;216;230m	at 'test_cada_posicion_manual_elige_catalogo_y_vacio_sin_mover_otras' in res://test/dominio/almacen/generador_de_tickets_test.gd:110[0m  [38;2;128;128;128m[38;2;255;69;0mExpecting:[0m '[38;2;30;144;255mtrue[0m' but is '[38;2;30;144;255mfalse[0m'[0m[38;2;173;216;230m	at 'test_cada_posicion_manual_elige_catalogo_y_vacio_sin_mover_otras' in res://test/dominio/almacen/generador_de_tickets_test.gd:109[0m  [38;2;128;128;128m[38;2;255;69;0mExpecting:[0m
 [38;2;30;144;255m<RefCounted>[0m
 to refer to the same object
 '[38;2;30;144;255m<null>[0m'[0m[38;2;173;216;230m	at 'test_cada_posicion_manual_elige_catalogo_y_vacio_sin_mover_otras' in res://test/dominio/almacen/generador_de_tickets_test.gd:110[0m  [38;2;128;128;128m[38;2;255;69;0mExpecting:[0m '[38;2;30;144;255mtrue[0m' but is '[38;2;30;144;255mfalse[0m'[0m[38;2;173;216;230m	at 'test_cada_posicion_manual_elige_catalogo_y_vacio_sin_mover_otras' in res://test/dominio/almacen/generador_de_tickets_test.gd:109[0m  [38;2;128;128;128m[38;2;255;69;0mExpecting:[0m
 [38;2;30;144;255m<RefCounted>[0m
 to refer to the same object
 '[38;2;30;144;255m<null>[0m'[0m[38;2;173;216;230m	at 'test_cada_posicion_manual_elige_catalogo_y_vacio_sin_mover_otras' in res://test/dominio/almacen/generador_de_tickets_test.gd:110[0m  [38;2;128;128;128m[38;2;255;69;0mExpecting:[0m '[38;2;30;144;255mtrue[0m' but is '[38;2;30;144;255mfalse[0m'[0m[38;2;173;216;230m	at 'test_cada_posicion_manual_elige_catalogo_y_vacio_sin_mover_otras' in res://test/dominio/almacen/generador_de_tickets_test.gd:109[0m  [38;2;128;128;128m[38;2;255;69;0mExpecting:[0m
 [38;2;30;144;255m<RefCounted>[0m
 to refer to the same object
 '[38;2;30;144;255m<null>[0m'[0m[38;2;173;216;230m	at 'test_cada_posicion_manual_elige_catalogo_y_vacio_sin_mover_otras' in res://test/dominio/almacen/generador_de_tickets_test.gd:110[0m  [38;2;128;128;128m[38;2;255;69;0mExpecting:[0m '[38;2;30;144;255mtrue[0m' but is '[38;2;30;144;255mfalse[0m'[0m[38;2;173;216;230m	at 'test_cada_posicion_manual_elige_catalogo_y_vacio_sin_mover_otras' in res://test/dominio/almacen/generador_de_tickets_test.gd:109[0m  [38;2;128;128;128m[38;2;255;69;0mExpecting:[0m
 [38;2;30;144;255m<RefCounted>[0m
 to refer to the same object
 '[38;2;30;144;255m<null>[0m'[0m[38;2;173;216;230m	at 'test_cada_posicion_manual_elige_catalogo_y_vacio_sin_mover_otras' in res://test/dominio/almacen/generador_de_tickets_test.gd:110[0m  [38;2;128;128;128m[38;2;255;69;0mExpecting:[0m '[38;2;30;144;255mtrue[0m' but is '[38;2;30;144;255mfalse[0m'[0m[38;2;173;216;230m	at 'test_cada_posicion_manual_elige_catalogo_y_vacio_sin_mover_otras' in res://test/dominio/almacen/generador_de_tickets_test.gd:109[0m  [38;2;128;128;128m[38;2;255;69;0mExpecting:[0m
 [38;2;30;144;255m<RefCounted>[0m
 to refer to the same object
 '[38;2;30;144;255m<null>[0m'[0m[38;2;173;216;230m	at 'test_cada_posicion_manual_elige_catalogo_y_vacio_sin_mover_otras' in res://test/dominio/almacen/generador_de_tickets_test.gd:110[0m  [38;2;128;128;128m[38;2;255;69;0mExpecting:[0m '[38;2;30;144;255mtrue[0m' but is '[38;2;30;144;255mfalse[0m'[0m[38;2;173;216;230m	at 'test_cada_posicion_manual_elige_catalogo_y_vacio_sin_mover_otras' in res://test/dominio/almacen/generador_de_tickets_test.gd:109[0m  [38;2;128;128;128m[38;2;255;69;0mExpecting:[0m
 [38;2;30;144;255m<RefCounted>[0m
 to refer to the same object
 '[38;2;30;144;255m<null>[0m'[0m[38;2;173;216;230m	at 'test_cada_posicion_manual_elige_catalogo_y_vacio_sin_mover_otras' in res://test/dominio/almacen/generador_de_tickets_test.gd:110[0m  [38;2;128;128;128m[38;2;255;69;0mExpecting:[0m '[38;2;30;144;255mtrue[0m' but is '[38;2;30;144;255mfalse[0m'[0m[38;2;173;216;230m	at 'test_cada_posicion_manual_elige_catalogo_y_vacio_sin_mover_otras' in res://test/dominio/almacen/generador_de_tickets_test.gd:109[0m  [38;2;128;128;128m[38;2;255;69;0mExpecting:[0m
 [38;2;30;144;255m<RefCounted>[0m
 to refer to the same object
 '[38;2;30;144;255m<null>[0m'[0m[38;2;173;216;230m	at 'test_cada_posicion_manual_elige_catalogo_y_vacio_sin_mover_otras' in res://test/dominio/almacen/generador_de_tickets_test.gd:110[0m  [38;2;128;128;128m[38;2;255;69;0mExpecting:[0m '[38;2;30;144;255mtrue[0m' but is '[38;2;30;144;255mfalse[0m'[0m[38;2;173;216;230m	at 'test_cada_posicion_manual_elige_catalogo_y_vacio_sin_mover_otras' in res://test/dominio/almacen/generador_de_tickets_test.gd:109[0m  [38;2;128;128;128m[38;2;255;69;0mExpecting:[0m
 [38;2;30;144;255m<RefCounted>[0m
 to refer to the same object
 '[38;2;30;144;255m<null>[0m'[0m[38;2;173;216;230m	at 'test_cada_posicion_manual_elige_catalogo_y_vacio_sin_mover_otras' in res://test/dominio/almacen/generador_de_tickets_test.gd:110[0m  [38;2;128;128;128m[38;2;255;69;0mExpecting:[0m '[38;2;30;144;255mtrue[0m' but is '[38;2;30;144;255mfalse[0m'[0m[38;2;173;216;230m	at 'test_cada_posicion_manual_elige_catalogo_y_vacio_sin_mover_otras' in res://test/dominio/almacen/generador_de_tickets_test.gd:109[0m  [38;2;128;128;128m[38;2;255;69;0mExpecting:[0m
 [38;2;30;144;255m<RefCounted>[0m
 to refer to the same object
 '[38;2;30;144;255m<null>[0m'[0m[38;2;173;216;230m	at 'test_cada_posicion_manual_elige_catalogo_y_vacio_sin_mover_otras' in res://test/dominio/almacen/generador_de_tickets_test.gd:110[0m  [38;2;128;128;128m[38;2;255;69;0mExpecting:[0m '[38;2;30;144;255mtrue[0m' but is '[38;2;30;144;255mfalse[0m'[0m[38;2;173;216;230m	at 'test_cada_posicion_manual_elige_catalogo_y_vacio_sin_mover_otras' in res://test/dominio/almacen/generador_de_tickets_test.gd:109[0m  [38;2;128;128;128m[38;2;255;69;0mExpecting:[0m
 [38;2;30;144;255m<RefCounted>[0m
 to refer to the same object
 '[38;2;30;144;255m<null>[0m'[0m[38;2;173;216;230m	at 'test_cada_posicion_manual_elige_catalogo_y_vacio_sin_mover_otras' in res://test/dominio/almacen/generador_de_tickets_test.gd:110[0m  [38;2;128;128;128m[38;2;255;69;0mExpecting:[0m '[38;2;30;144;255mtrue[0m' but is '[38;2;30;144;255mfalse[0m'[0m[38;2;173;216;230m	at 'test_cada_posicion_manual_elige_catalogo_y_vacio_sin_mover_otras' in res://test/dominio/almacen/generador_de_tickets_test.gd:109[0m  [38;2;128;128;128m[38;2;255;69;0mExpecting:[0m
 [38;2;30;144;255m<RefCounted>[0m
 to refer to the same object
 '[38;2;30;144;255m<null>[0m'[0m[38;2;173;216;230m	at 'test_cada_posicion_manual_elige_catalogo_y_vacio_sin_mover_otras' in res://test/dominio/almacen/generador_de_tickets_test.gd:110[0m  [38;2;128;128;128m[38;2;255;69;0mExpecting:[0m '[38;2;30;144;255mtrue[0m' but is '[38;2;30;144;255mfalse[0m'[0m[38;2;173;216;230m	at 'test_cada_posicion_manual_elige_catalogo_y_vacio_sin_mover_otras' in res://test/dominio/almacen/generador_de_tickets_test.gd:109[0m  [38;2;128;128;128m[38;2;255;69;0mExpecting:[0m
 [38;2;30;144;255m<RefCounted>[0m
 to refer to the same object
 '[38;2;30;144;255m<null>[0m'[0m[38;2;173;216;230m	at 'test_cada_posicion_manual_elige_catalogo_y_vacio_sin_mover_otras' in res://test/dominio/almacen/generador_de_tickets_test.gd:110[0m  [38;2;128;128;128m[38;2;255;69;0mExpecting:[0m '[38;2;30;144;255mtrue[0m' but is '[38;2;30;144;255mfalse[0m'[0m[38;2;173;216;230m	at 'test_cada_posicion_manual_elige_catalogo_y_vacio_sin_mover_otras' in res://test/dominio/almacen/generador_de_tickets_test.gd:109[0m  [38;2;128;128;128m[38;2;255;69;0mExpecting:[0m
 [38;2;30;144;255m<RefCounted>[0m
 to refer to the same object
 '[38;2;30;144;255m<null>[0m'[0m[38;2;173;216;230m	at 'test_cada_posicion_manual_elige_catalogo_y_vacio_sin_mover_otras' in res://test/dominio/almacen/generador_de_tickets_test.gd:110[0m  [38;2;128;128;128m[38;2;255;69;0mExpecting:[0m '[38;2;30;144;255mtrue[0m' but is '[38;2;30;144;255mfalse[0m'[0m[38;2;173;216;230m	at 'test_cada_posicion_manual_elige_catalogo_y_vacio_sin_mover_otras' in res://test/dominio/almacen/generador_de_tickets_test.gd:109[0m  [38;2;128;128;128m[38;2;255;69;0mExpecting:[0m
 [38;2;30;144;255m<RefCounted>[0m
 to refer to the same object
 '[38;2;30;144;255m<null>[0m'[0m[38;2;173;216;230m	at 'test_cada_posicion_manual_elige_catalogo_y_vacio_sin_mover_otras' in res://test/dominio/almacen/generador_de_tickets_test.gd:110[0m  [38;2;128;128;128m[38;2;255;69;0mExpecting:[0m '[38;2;30;144;255mtrue[0m' but is '[38;2;30;144;255mfalse[0m'[0m[38;2;173;216;230m	at 'test_cada_posicion_manual_elige_catalogo_y_vacio_sin_mover_otras' in res://test/dominio/almacen/generador_de_tickets_test.gd:109[0m  [38;2;128;128;128m[38;2;255;69;0mExpecting:[0m
 [38;2;30;144;255m<RefCounted>[0m
 to refer to the same object
 '[38;2;30;144;255m<null>[0m'[0m[38;2;173;216;230m	at 'test_cada_posicion_manual_elige_catalogo_y_vacio_sin_mover_otras' in res://test/dominio/almacen/generador_de_tickets_test.gd:110[0m  [38;2;128;128;128m[38;2;255;69;0mExpecting:[0m '[38;2;30;144;255mtrue[0m' but is '[38;2;30;144;255mfalse[0m'[0m[38;2;173;216;230m	at 'test_cada_posicion_manual_elige_catalogo_y_vacio_sin_mover_otras' in res://test/dominio/almacen/generador_de_tickets_test.gd:109[0m  [38;2;128;128;128m[38;2;255;69;0mExpecting:[0m
 [38;2;30;144;255m<RefCounted>[0m
 to refer to the same object
 '[38;2;30;144;255m<null>[0m'[0m[38;2;173;216;230m	at 'test_cada_posicion_manual_elige_catalogo_y_vacio_sin_mover_otras' in res://test/dominio/almacen/generador_de_tickets_test.gd:110[0m  [38;2;128;128;128m[38;2;255;69;0mExpecting:[0m '[38;2;30;144;255mtrue[0m' but is '[38;2;30;144;255mfalse[0m'[0m[38;2;173;216;230m	at 'test_cada_posicion_manual_elige_catalogo_y_vacio_sin_mover_otras' in res://test/dominio/almacen/generador_de_tickets_test.gd:109[0m  [38;2;128;128;128m[38;2;255;69;0mExpecting:[0m
 [38;2;30;144;255m<RefCounted>[0m
 to refer to the same object
 '[38;2;30;144;255m<null>[0m'[0m[38;2;173;216;230m	at 'test_cada_posicion_manual_elige_catalogo_y_vacio_sin_mover_otras' in res://test/dominio/almacen/generador_de_tickets_test.gd:110[0m  [38;2;128;128;128m[38;2;255;69;0mExpecting:[0m '[38;2;30;144;255mtrue[0m' but is '[38;2;30;144;255mfalse[0m'[0m[38;2;173;216;230m	at 'test_cada_posicion_manual_elige_catalogo_y_vacio_sin_mover_otras' in res://test/dominio/almacen/generador_de_tickets_test.gd:109[0m  [38;2;128;128;128m[38;2;255;69;0mExpecting:[0m
 [38;2;30;144;255m<RefCounted>[0m
 to refer to the same object
 '[38;2;30;144;255m<null>[0m'[0m[38;2;173;216;230m	at 'test_cada_posicion_manual_elige_catalogo_y_vacio_sin_mover_otras' in res://test/dominio/almacen/generador_de_tickets_test.gd:110[0m  [38;2;128;128;128m[38;2;255;69;0mExpecting:[0m '[38;2;30;144;255mtrue[0m' but is '[38;2;30;144;255mfalse[0m'[0m[38;2;173;216;230m	at 'test_cada_posicion_manual_elige_catalogo_y_vacio_sin_mover_otras' in res://test/dominio/almacen/generador_de_tickets_test.gd:109[0m  [38;2;128;128;128m[38;2;255;69;0mExpecting:[0m
 [38;2;30;144;255m<RefCounted>[0m
 to refer to the same object
 '[38;2;30;144;255m<null>[0m'[0m[38;2;173;216;230m	at 'test_cada_posicion_manual_elige_catalogo_y_vacio_sin_mover_otras' in res://test/dominio/almacen/generador_de_tickets_test.gd:110[0m  [38;2;128;128;128m[38;2;255;69;0mExpecting:[0m '[38;2;30;144;255mtrue[0m' but is '[38;2;30;144;255mfalse[0m'[0m[38;2;173;216;230m	at 'test_cada_posicion_manual_elige_catalogo_y_vacio_sin_mover_otras' in res://test/dominio/almacen/generador_de_tickets_test.gd:109[0m  [38;2;128;128;128m[38;2;255;69;0mExpecting:[0m
 [38;2;30;144;255m<RefCounted>[0m
 to refer to the same object
 '[38;2;30;144;255m<null>[0m'[0m[38;2;173;216;230m	at 'test_cada_posicion_manual_elige_catalogo_y_vacio_sin_mover_otras' in res://test/dominio/almacen/generador_de_tickets_test.gd:110[0m  [38;2;128;128;128m[38;2;255;69;0mExpecting:[0m '[38;2;30;144;255mtrue[0m' but is '[38;2;30;144;255mfalse[0m'[0m[38;2;173;216;230m	at 'test_cada_posicion_manual_elige_catalogo_y_vacio_sin_mover_otras' in res://test/dominio/almacen/generador_de_tickets_test.gd:109[0m  [38;2;128;128;128m[38;2;255;69;0mExpecting:[0m
 [38;2;30;144;255m<RefCounted>[0m
 to refer to the same object
 '[38;2;30;144;255m<null>[0m'[0m[38;2;173;216;230m	at 'test_cada_posicion_manual_elige_catalogo_y_vacio_sin_mover_otras' in res://test/dominio/almacen/generador_de_tickets_test.gd:110[0m  [38;2;128;128;128m[38;2;255;69;0mExpecting:[0m '[38;2;30;144;255mtrue[0m' but is '[38;2;30;144;255mfalse[0m'[0m[38;2;173;216;230m	at 'test_cada_posicion_manual_elige_catalogo_y_vacio_sin_mover_otras' in res://test/dominio/almacen/generador_de_tickets_test.gd:109[0m  [38;2;128;128;128m[38;2;255;69;0mExpecting:[0m
 [38;2;30;144;255m<RefCounted>[0m
 to refer to the same object
 '[38;2;30;144;255m<null>[0m'[0m[38;2;173;216;230m	at 'test_cada_posicion_manual_elige_catalogo_y_vacio_sin_mover_otras' in res://test/dominio/almacen/generador_de_tickets_test.gd:110[0m  [38;2;128;128;128m[38;2;255;69;0mExpecting:[0m '[38;2;30;144;255mtrue[0m' but is '[38;2;30;144;255mfalse[0m'[0m[38;2;173;216;230m	at 'test_cada_posicion_manual_elige_catalogo_y_vacio_sin_mover_otras' in res://test/dominio/almacen/generador_de_tickets_test.gd:109[0m  [38;2;128;128;128m[38;2;255;69;0mExpecting:[0m
 [38;2;30;144;255m<RefCounted>[0m
 to refer to the same object
 '[38;2;30;144;255m<null>[0m'[0m[38;2;173;216;230m	at 'test_cada_posicion_manual_elige_catalogo_y_vacio_sin_mover_otras' in res://test/dominio/almacen/generador_de_tickets_test.gd:110[0m  [38;2;128;128;128m[38;2;255;69;0mExpecting:[0m '[38;2;30;144;255mtrue[0m' but is '[38;2;30;144;255mfalse[0m'[0m[38;2;173;216;230m	at 'test_cada_posicion_manual_elige_catalogo_y_vacio_sin_mover_otras' in res://test/dominio/almacen/generador_de_tickets_test.gd:109[0m  [38;2;128;128;128m[38;2;255;69;0mExpecting:[0m
 [38;2;30;144;255m<RefCounted>[0m
 to refer to the same object
 '[38;2;30;144;255m<null>[0m'[0m[38;2;173;216;230m	at 'test_cada_posicion_manual_elige_catalogo_y_vacio_sin_mover_otras' in res://test/dominio/almacen/generador_de_tickets_test.gd:110[0m  [38;2;128;128;128m[38;2;255;69;0mExpecting:[0m '[38;2;30;144;255mtrue[0m' but is '[38;2;30;144;255mfalse[0m'[0m[38;2;173;216;230m	at 'test_cada_posicion_manual_elige_catalogo_y_vacio_sin_mover_otras' in res://test/dominio/almacen/generador_de_tickets_test.gd:109[0m  [38;2;128;128;128m[38;2;255;69;0mExpecting:[0m
 [38;2;30;144;255m<RefCounted>[0m
 to refer to the same object
 '[38;2;30;144;255m<null>[0m'[0m[38;2;173;216;230m	at 'test_cada_posicion_manual_elige_catalogo_y_vacio_sin_mover_otras' in res://test/dominio/almacen/generador_de_tickets_test.gd:110[0m  [38;2;128;128;128m[38;2;255;69;0mExpecting:[0m '[38;2;30;144;255mtrue[0m' but is '[38;2;30;144;255mfalse[0m'[0m[38;2;173;216;230m	at 'test_cada_posicion_manual_elige_catalogo_y_vacio_sin_mover_otras' in res://test/dominio/almacen/generador_de_tickets_test.gd:109[0m  [38;2;128;128;128m[38;2;255;69;0mExpecting:[0m
 [38;2;30;144;255m<RefCounted>[0m
 to refer to the same object
 '[38;2;30;144;255m<null>[0m'[0m[38;2;173;216;230m	at 'test_cada_posicion_manual_elige_catalogo_y_vacio_sin_mover_otras' in res://test/dominio/almacen/generador_de_tickets_test.gd:110[0m  [38;2;128;128;128m[38;2;255;69;0mExpecting:[0m '[38;2;30;144;255mtrue[0m' but is '[38;2;30;144;255mfalse[0m'[0m[38;2;173;216;230m	at 'test_cada_posicion_manual_elige_catalogo_y_vacio_sin_mover_otras' in res://test/dominio/almacen/generador_de_tickets_test.gd:109[0m  [38;2;128;128;128m[38;2;255;69;0mExpecting:[0m
 [38;2;30;144;255m<RefCounted>[0m
 to refer to the same object
 '[38;2;30;144;255m<null>[0m'[0m[38;2;173;216;230m	at 'test_cada_posicion_manual_elige_catalogo_y_vacio_sin_mover_otras' in res://test/dominio/almacen/generador_de_tickets_test.gd:110[0m  [38;2;128;128;128m[38;2;255;69;0mExpecting:[0m '[38;2;30;144;255mtrue[0m' but is '[38;2;30;144;255mfalse[0m'[0m[38;2;173;216;230m	at 'test_cada_posicion_manual_elige_catalogo_y_vacio_sin_mover_otras' in res://test/dominio/almacen/generador_de_tickets_test.gd:109[0m  [38;2;128;128;128m[38;2;255;69;0mExpecting:[0m
 [38;2;30;144;255m<RefCounted>[0m
 to refer to the same object
 '[38;2;30;144;255m<null>[0m'[0m[38;2;173;216;230m	at 'test_cada_posicion_manual_elige_catalogo_y_vacio_sin_mover_otras' in res://test/dominio/almacen/generador_de_tickets_test.gd:110[0m  [38;2;128;128;128m[38;2;255;69;0mExpecting:[0m '[38;2;30;144;255mtrue[0m' but is '[38;2;30;144;255mfalse[0m'[0m[38;2;173;216;230m	at 'test_cada_posicion_manual_elige_catalogo_y_vacio_sin_mover_otras' in res://test/dominio/almacen/generador_de_tickets_test.gd:113[0m  [38;2;128;128;128m[38;2;255;69;0mExpecting:[0m '[38;2;30;144;255mtrue[0m' but is '[38;2;30;144;255mfalse[0m'[0m[38;2;173;216;230m	at 'test_cada_posicion_manual_elige_catalogo_y_vacio_sin_mover_otras' in res://test/dominio/almacen/generador_de_tickets_test.gd:113[0m  [38;2;128;128;128m[38;2;255;69;0mExpecting:[0m '[38;2;30;144;255mtrue[0m' but is '[38;2;30;144;255mfalse[0m'[0m[38;2;173;216;230m	at 'test_cada_posicion_manual_elige_catalogo_y_vacio_sin_mover_otras' in res://test/dominio/almacen/generador_de_tickets_test.gd:113[0m  [38;2;128;128;128m[38;2;255;69;0mExpecting: not to be[0m '[38;2;30;144;255m<null>[0m'[0m[38;2;173;216;230m	at 'test_cada_posicion_manual_elige_catalogo_y_vacio_sin_mover_otras' in res://test/dominio/almacen/generador_de_tickets_test.gd:115[0m  [38;2;128;128;128m[38;2;255;69;0mExpecting:[0m '[38;2;30;144;255mtrue[0m' but is '[38;2;30;144;255mfalse[0m'[0m[38;2;173;216;230m	at 'test_cada_posicion_manual_elige_catalogo_y_vacio_sin_mover_otras' in res://test/dominio/almacen/generador_de_tickets_test.gd:118[0m  [38;2;128;128;128m[38;2;255;69;0mExpecting:[0m
 [38;2;30;144;255m<RefCounted>[0m
 to refer to the same object
 '[38;2;30;144;255m<null>[0m'[0m[38;2;173;216;230m	at 'test_cada_posicion_manual_elige_catalogo_y_vacio_sin_mover_otras' in res://test/dominio/almacen/generador_de_tickets_test.gd:119[0m  [38;2;128;128;128m[38;2;255;69;0mExpecting:[0m
 [38;2;30;144;255m<RefCounted>[0m
 to refer to the same object
 '[38;2;30;144;255m<null>[0m'[0m[38;2;173;216;230m	at 'test_cada_posicion_manual_elige_catalogo_y_vacio_sin_mover_otras' in res://test/dominio/almacen/generador_de_tickets_test.gd:121[0m[38;2;128;128;128m[0m
[38;2;128;128;128m[0m
  [38;2;250;235;215mres://test/dominio/almacen/generador_de_tickets_test.gd[0m[38;2;128;128;128m > [0m[38;2;250;235;215mtest_un_indice_invalido_y_el_modo_automatico_rechazan_la_eleccion[0m[38;2;34;139;34m STARTED[0m[38;2;128;128;128m[0m
  [38;2;250;235;215mres://test/dominio/almacen/generador_de_tickets_test.gd[0m[38;2;128;128;128m > [0m[38;2;250;235;215mtest_un_indice_invalido_y_el_modo_automatico_rechazan_la_eleccion[0m[38;2;178;34;34m[1m FAILED[0m[38;2;100;149;237m 6ms[0m
  [38;2;0;206;209m[1m[4mReport:[0m
  [38;2;128;128;128m[38;2;255;69;0mExpecting contains exactly elements:[0m
 '[38;2;30;144;255m<empty>[0m'
 do contains (in same order)
 '[38;2;30;144;255m[<RefCounted#-9223371590379498837>][0m'
but could not find elements:
 '[38;2;30;144;255m[<RefCounted#-9223371590379498837>][0m'[0m[38;2;173;216;230m	at 'test_un_indice_invalido_y_el_modo_automatico_rechazan_la_eleccion' in res://test/dominio/almacen/generador_de_tickets_test.gd:135[0m[38;2;128;128;128m[0m
[38;2;128;128;128m[0m
  [38;2;250;235;215mres://test/dominio/almacen/generador_de_tickets_test.gd[0m[38;2;128;128;128m > [0m[38;2;250;235;215mtest_solo_el_segundo_o_tercero_imprime_sin_mover_su_posicion[0m[38;2;34;139;34m STARTED[0m[38;2;128;128;128m[0m
  [38;2;250;235;215mres://test/dominio/almacen/generador_de_tickets_test.gd[0m[38;2;128;128;128m > [0m[38;2;250;235;215mtest_solo_el_segundo_o_tercero_imprime_sin_mover_su_posicion[0m[38;2;178;34;34m[1m FAILED[0m[38;2;100;149;237m 5ms[0m
  [38;2;0;206;209m[1m[4mReport:[0m
  [38;2;128;128;128m[38;2;255;69;0mExpecting:[0m '[38;2;30;144;255mtrue[0m' but is '[38;2;30;144;255mfalse[0m'[0m[38;2;173;216;230m	at 'test_solo_el_segundo_o_tercero_imprime_sin_mover_su_posicion' in res://test/dominio/almacen/generador_de_tickets_test.gd:147[0m  [38;2;128;128;128m[38;2;255;69;0mExpecting: not to be[0m '[38;2;30;144;255m<null>[0m'[0m[38;2;173;216;230m	at 'test_solo_el_segundo_o_tercero_imprime_sin_mover_su_posicion' in res://test/dominio/almacen/generador_de_tickets_test.gd:149[0m  [38;2;128;128;128m[38;2;255;69;0mExpecting:[0m '[38;2;30;144;255mtrue[0m' but is '[38;2;30;144;255mfalse[0m'[0m[38;2;173;216;230m	at 'test_solo_el_segundo_o_tercero_imprime_sin_mover_su_posicion' in res://test/dominio/almacen/generador_de_tickets_test.gd:147[0m  [38;2;128;128;128m[38;2;255;69;0mExpecting: not to be[0m '[38;2;30;144;255m<null>[0m'[0m[38;2;173;216;230m	at 'test_solo_el_segundo_o_tercero_imprime_sin_mover_su_posicion' in res://test/dominio/almacen/generador_de_tickets_test.gd:149[0m  [38;2;128;128;128m[38;2;255;69;0mExpecting: not to be[0m '[38;2;30;144;255m<null>[0m'[0m[38;2;173;216;230m	at 'test_solo_el_segundo_o_tercero_imprime_sin_mover_su_posicion' in res://test/dominio/almacen/generador_de_tickets_test.gd:167[0m  [38;2;128;128;128m[38;2;255;69;0mExpecting:[0m
 [38;2;30;144;255m<RefCounted>[0m
 to refer to the same object
 '[38;2;30;144;255m<null>[0m'[0m[38;2;173;216;230m	at 'test_solo_el_segundo_o_tercero_imprime_sin_mover_su_posicion' in res://test/dominio/almacen/generador_de_tickets_test.gd:171[0m  [38;2;128;128;128m[38;2;255;69;0mExpecting:[0m
 [38;2;30;144;255m<RefCounted>[0m
 to refer to the same object
 '[38;2;30;144;255m<null>[0m'[0m[38;2;173;216;230m	at 'test_solo_el_segundo_o_tercero_imprime_sin_mover_su_posicion' in res://test/dominio/almacen/generador_de_tickets_test.gd:172[0m[38;2;128;128;128m[0m
[38;2;128;128;128m[0m
  [38;2;250;235;215mres://test/dominio/almacen/generador_de_tickets_test.gd[0m[38;2;128;128;128m > [0m[38;2;250;235;215mtest_sin_lector_precede_al_tipo_y_al_lleno_y_no_toca_el_programa[0m[38;2;34;139;34m STARTED[0m[38;2;128;128;128m[0m
  [38;2;250;235;215mres://test/dominio/almacen/generador_de_tickets_test.gd[0m[38;2;128;128;128m > [0m[38;2;250;235;215mtest_sin_lector_precede_al_tipo_y_al_lleno_y_no_toca_el_programa[0m[38;2;178;34;34m[1m FAILED[0m[38;2;100;149;237m 7ms[0m
  [38;2;0;206;209m[1m[4mReport:[0m
  [38;2;128;128;128m[38;2;255;69;0mExpecting:[0m
 [38;2;30;144;255m3[0m
 but was
 [38;2;30;144;255m1[0m[0m[38;2;173;216;230m	at 'test_sin_lector_precede_al_tipo_y_al_lleno_y_no_toca_el_programa' in res://test/dominio/almacen/generador_de_tickets_test.gd:190[0m  [38;2;128;128;128m[38;2;255;69;0mExpecting:[0m
 [38;2;30;144;255m3[0m
 but was
 [38;2;30;144;255m1[0m[0m[38;2;173;216;230m	at 'test_sin_lector_precede_al_tipo_y_al_lleno_y_no_toca_el_programa' in res://test/dominio/almacen/generador_de_tickets_test.gd:190[0m  [38;2;128;128;128m[38;2;255;69;0mExpecting:[0m
 [38;2;30;144;255m3[0m
 but was
 [38;2;30;144;255m0[0m[0m[38;2;173;216;230m	at 'test_sin_lector_precede_al_tipo_y_al_lleno_y_no_toca_el_programa' in res://test/dominio/almacen/generador_de_tickets_test.gd:190[0m  [38;2;128;128;128m[38;2;255;69;0mExpecting contains exactly elements:[0m
 '[38;2;30;144;255m[<RefCounted#-9223371586034200013>][0m'
 do contains (in same order)
 '[38;2;30;144;255m<empty>[0m'
but some elements where not expected:
 '[38;2;30;144;255m[<RefCounted#-9223371586034200013>][0m'[0m[38;2;173;216;230m	at 'test_sin_lector_precede_al_tipo_y_al_lleno_y_no_toca_el_programa' in res://test/dominio/almacen/generador_de_tickets_test.gd:191[0m  [38;2;128;128;128m[38;2;255;69;0mExpecting:[0m
 [38;2;30;144;255m3[0m
 but was
 [38;2;30;144;255m1[0m[0m[38;2;173;216;230m	at 'test_sin_lector_precede_al_tipo_y_al_lleno_y_no_toca_el_programa' in res://test/dominio/almacen/generador_de_tickets_test.gd:190[0m  [38;2;128;128;128m[38;2;255;69;0mExpecting contains exactly elements:[0m
 '[38;2;30;144;255m[<RefCounted#-9223371586034200013>][0m'
 do contains (in same order)
 '[38;2;30;144;255m<empty>[0m'
but some elements where not expected:
 '[38;2;30;144;255m[<RefCounted#-9223371586034200013>][0m'[0m[38;2;173;216;230m	at 'test_sin_lector_precede_al_tipo_y_al_lleno_y_no_toca_el_programa' in res://test/dominio/almacen/generador_de_tickets_test.gd:191[0m  [38;2;128;128;128m[38;2;255;69;0mExpecting:[0m
 [38;2;30;144;255m3[0m
 but was
 [38;2;30;144;255m1[0m[0m[38;2;173;216;230m	at 'test_sin_lector_precede_al_tipo_y_al_lleno_y_no_toca_el_programa' in res://test/dominio/almacen/generador_de_tickets_test.gd:190[0m  [38;2;128;128;128m[38;2;255;69;0mExpecting contains exactly elements:[0m
 '[38;2;30;144;255m[<RefCounted#-9223371586034200013>][0m'
 do contains (in same order)
 '[38;2;30;144;255m<empty>[0m'
but some elements where not expected:
 '[38;2;30;144;255m[<RefCounted#-9223371586034200013>][0m'[0m[38;2;173;216;230m	at 'test_sin_lector_precede_al_tipo_y_al_lleno_y_no_toca_el_programa' in res://test/dominio/almacen/generador_de_tickets_test.gd:191[0m  [38;2;128;128;128m[38;2;255;69;0mExpecting:[0m
 [38;2;30;144;255m3[0m
 but was
 [38;2;30;144;255m1[0m[0m[38;2;173;216;230m	at 'test_sin_lector_precede_al_tipo_y_al_lleno_y_no_toca_el_programa' in res://test/dominio/almacen/generador_de_tickets_test.gd:190[0m  [38;2;128;128;128m[38;2;255;69;0mExpecting:[0m
 [38;2;30;144;255m3[0m
 but was
 [38;2;30;144;255m1[0m[0m[38;2;173;216;230m	at 'test_sin_lector_precede_al_tipo_y_al_lleno_y_no_toca_el_programa' in res://test/dominio/almacen/generador_de_tickets_test.gd:190[0m  [38;2;128;128;128m[38;2;255;69;0mExpecting:[0m
 [38;2;30;144;255m3[0m
 but was
 [38;2;30;144;255m0[0m[0m[38;2;173;216;230m	at 'test_sin_lector_precede_al_tipo_y_al_lleno_y_no_toca_el_programa' in res://test/dominio/almacen/generador_de_tickets_test.gd:190[0m  [38;2;128;128;128m[38;2;255;69;0mExpecting contains exactly elements:[0m
 '[38;2;30;144;255m[<RefCounted#-9223371586034200013>, <RefCounted#-9223371586034200013>][0m'
 do contains (in same order)
 '[38;2;30;144;255m[<RefCounted#-9223371586034200013>][0m'
 but has different order at position [38;2;30;144;255m1[0m
 '<RefCounted#-9223371586034200013>' vs '"<no entry>"'[0m[38;2;173;216;230m	at 'test_sin_lector_precede_al_tipo_y_al_lleno_y_no_toca_el_programa' in res://test/dominio/almacen/generador_de_tickets_test.gd:191[0m  [38;2;128;128;128m[38;2;255;69;0mExpecting:[0m
 [38;2;30;144;255m3[0m
 but was
 [38;2;30;144;255m1[0m[0m[38;2;173;216;230m	at 'test_sin_lector_precede_al_tipo_y_al_lleno_y_no_toca_el_programa' in res://test/dominio/almacen/generador_de_tickets_test.gd:190[0m  [38;2;128;128;128m[38;2;255;69;0mExpecting contains exactly elements:[0m
 '[38;2;30;144;255m[<RefCounted#-9223371586034200013>, <RefCounted#-9223371586034200013>][0m'
 do contains (in same order)
 '[38;2;30;144;255m[<RefCounted#-9223371586034200013>][0m'
 but has different order at position [38;2;30;144;255m1[0m
 '<RefCounted#-9223371586034200013>' vs '"<no entry>"'[0m[38;2;173;216;230m	at 'test_sin_lector_precede_al_tipo_y_al_lleno_y_no_toca_el_programa' in res://test/dominio/almacen/generador_de_tickets_test.gd:191[0m  [38;2;128;128;128m[38;2;255;69;0mExpecting:[0m
 [38;2;30;144;255m3[0m
 but was
 [38;2;30;144;255m1[0m[0m[38;2;173;216;230m	at 'test_sin_lector_precede_al_tipo_y_al_lleno_y_no_toca_el_programa' in res://test/dominio/almacen/generador_de_tickets_test.gd:190[0m  [38;2;128;128;128m[38;2;255;69;0mExpecting contains exactly elements:[0m
 '[38;2;30;144;255m[<RefCounted#-9223371586034200013>, <RefCounted#-9223371586034200013>][0m'
 do contains (in same order)
 '[38;2;30;144;255m[<RefCounted#-9223371586034200013>][0m'
 but has different order at position [38;2;30;144;255m1[0m
 '<RefCounted#-9223371586034200013>' vs '"<no entry>"'[0m[38;2;173;216;230m	at 'test_sin_lector_precede_al_tipo_y_al_lleno_y_no_toca_el_programa' in res://test/dominio/almacen/generador_de_tickets_test.gd:191[0m[38;2;128;128;128m[0m
[38;2;128;128;128m[0m
[38;2;30;144;255mStatistics:[0m[38;2;128;128;128m 13 test cases | 0 errors | 221 failures | 0 flaky | 0 skipped | 0 orphans |[0m[38;2;34;139;34m PASSED[0m[38;2;100;149;237m 327ms[0m
[38;2;128;128;128m[0m
[38;2;128;128;128m[0m
[38;2;0;206;209mRun Test Suite: [0m[38;2;250;235;215mres://test/sistemas/tareas/caja_registradora_test.gd[0m
  [38;2;250;235;215mres://test/sistemas/tareas/caja_registradora_test.gd[0m[38;2;128;128;128m > [0m[38;2;250;235;215mtest_publica_lectura_y_cambio_solo_cuando_anota[0m[38;2;34;139;34m STARTED[0m[38;2;128;128;128m[0m
  [38;2;250;235;215mres://test/sistemas/tareas/caja_registradora_test.gd[0m[38;2;128;128;128m > [0m[38;2;250;235;215mtest_publica_lectura_y_cambio_solo_cuando_anota[0m[38;2;34;139;34m PASSED[0m[38;2;100;149;237m 6ms[0m
[38;2;128;128;128m[0m
  [38;2;250;235;215mres://test/sistemas/tareas/caja_registradora_test.gd[0m[38;2;128;128;128m > [0m[38;2;250;235;215mtest_borrar_publica_la_vista_vacia[0m[38;2;34;139;34m STARTED[0m[38;2;128;128;128m[0m
  [38;2;250;235;215mres://test/sistemas/tareas/caja_registradora_test.gd[0m[38;2;128;128;128m > [0m[38;2;250;235;215mtest_borrar_publica_la_vista_vacia[0m[38;2;34;139;34m PASSED[0m[38;2;100;149;237m 5ms[0m
[38;2;128;128;128m[0m
  [38;2;250;235;215mres://test/sistemas/tareas/caja_registradora_test.gd[0m[38;2;128;128;128m > [0m[38;2;250;235;215mtest_imprimir_publica_el_papel_y_no_un_cambio_del_programa[0m[38;2;34;139;34m STARTED[0m[38;2;128;128;128m[0m
  [38;2;250;235;215mres://test/sistemas/tareas/caja_registradora_test.gd[0m[38;2;128;128;128m > [0m[38;2;250;235;215mtest_imprimir_publica_el_papel_y_no_un_cambio_del_programa[0m[38;2;34;139;34m PASSED[0m[38;2;100;149;237m 6ms[0m
[38;2;128;128;128m[0m
  [38;2;250;235;215mres://test/sistemas/tareas/caja_registradora_test.gd[0m[38;2;128;128;128m > [0m[38;2;250;235;215mtest_otra_jornada_reemplaza_el_programa_y_avisa_la_vista[0m[38;2;34;139;34m STARTED[0m[38;2;128;128;128m[0m
  [38;2;250;235;215mres://test/sistemas/tareas/caja_registradora_test.gd[0m[38;2;128;128;128m > [0m[38;2;250;235;215mtest_otra_jornada_reemplaza_el_programa_y_avisa_la_vista[0m[38;2;34;139;34m PASSED[0m[38;2;100;149;237m 7ms[0m
[38;2;128;128;128m[0m
  [38;2;250;235;215mres://test/sistemas/tareas/caja_registradora_test.gd[0m[38;2;128;128;128m > [0m[38;2;250;235;215mtest_sin_generador_el_cableado_avisa_y_no_publica_eventos[0m[38;2;34;139;34m STARTED[0m[38;2;128;128;128m[0m
ERROR: Caja registradora sin generador: revisar almacen.gd
   at: push_error (core/variant/variant_utility.cpp:1023)
   GDScript backtrace (most recent call first):
       [0] _sin_cablear (res://src/sistemas/tareas/caja_registradora.gd:53)
       [1] pedir_borrar (res://src/sistemas/tareas/caja_registradora.gd:36)
       [2] _execute (res://addons/gdUnit4/src/asserts/GdUnitGodotErrorAssertImpl.gd:17)
       [3] is_push_error (res://addons/gdUnit4/src/asserts/GdUnitGodotErrorAssertImpl.gd:132)
       [4] test_sin_generador_el_cableado_avisa_y_no_publica_eventos (res://test/sistemas/tareas/caja_registradora_test.gd:81)
       [5] _execute_test_case (res://addons/gdUnit4/src/core/_TestCase.gd:79)
       [6] execute (res://addons/gdUnit4/src/core/_TestCase.gd:40)
       [7] _execute (res://addons/gdUnit4/src/core/execution/stages/single/GdUnitTestCaseSingleTestStage.gd:10)
       [8] execute (res://addons/gdUnit4/src/core/execution/stages/IGdUnitExecutionStage.gd:19)
       [9] _execute (res://addons/gdUnit4/src/core/execution/stages/single/GdUnitTestCaseSingleExecutionStage.gd:17)
       [10] execute (res://addons/gdUnit4/src/core/execution/stages/IGdUnitExecutionStage.gd:19)
       [11] _execute (res://addons/gdUnit4/src/core/execution/stages/GdUnitTestCaseExecutionStage.gd:26)
       [12] execute (res://addons/gdUnit4/src/core/execution/stages/IGdUnitExecutionStage.gd:19)
       [13] _execute (res://addons/gdUnit4/src/core/execution/stages/GdUnitTestSuiteExecutionStage.gd:36)
       [14] execute (res://addons/gdUnit4/src/core/execution/stages/IGdUnitExecutionStage.gd:19)
       [15] _execute (res://addons/gdUnit4/src/core/execution/stages/GdUnitTestCaseExecutionStage.gd:35)
       [16] execute (res://addons/gdUnit4/src/core/execution/stages/IGdUnitExecutionStage.gd:19)
       [17] _execute (res://addons/gdUnit4/src/core/execution/stages/single/GdUnitTestCaseSingleExecutionStage.gd:28)
       [18] execute (res://addons/gdUnit4/src/core/execution/stages/IGdUnitExecutionStage.gd:19)
       [19] _execute (res://addons/gdUnit4/src/core/execution/stages/single/GdUnitTestCaseSingleTestStage.gd:10)
       [20] execute (res://addons/gdUnit4/src/core/_TestCase.gd:41)
       [21] test_completed (res://addons/gdUnit4/src/core/_TestCase.gd:86)
ERROR: Caja registradora sin generador: revisar almacen.gd
   at: push_error (core/variant/variant_utility.cpp:1023)
   GDScript backtrace (most recent call first):
       [0] _sin_cablear (res://src/sistemas/tareas/caja_registradora.gd:53)
       [1] pedir_imprimir (res://src/sistemas/tareas/caja_registradora.gd:43)
       [2] _execute (res://addons/gdUnit4/src/asserts/GdUnitGodotErrorAssertImpl.gd:17)
       [3] is_push_error (res://addons/gdUnit4/src/asserts/GdUnitGodotErrorAssertImpl.gd:132)
       [4] test_sin_generador_el_cableado_avisa_y_no_publica_eventos (res://test/sistemas/tareas/caja_registradora_test.gd:84)
       [5] _execute_test_case (res://addons/gdUnit4/src/core/_TestCase.gd:79)
       [6] execute (res://addons/gdUnit4/src/core/_TestCase.gd:40)
       [7] _execute (res://addons/gdUnit4/src/core/execution/stages/single/GdUnitTestCaseSingleTestStage.gd:10)
       [8] execute (res://addons/gdUnit4/src/core/execution/stages/IGdUnitExecutionStage.gd:19)
       [9] _execute (res://addons/gdUnit4/src/core/execution/stages/single/GdUnitTestCaseSingleExecutionStage.gd:17)
       [10] execute (res://addons/gdUnit4/src/core/execution/stages/IGdUnitExecutionStage.gd:19)
       [11] _execute (res://addons/gdUnit4/src/core/execution/stages/GdUnitTestCaseExecutionStage.gd:26)
       [12] execute (res://addons/gdUnit4/src/core/execution/stages/IGdUnitExecutionStage.gd:19)
       [13] _execute (res://addons/gdUnit4/src/core/execution/stages/GdUnitTestSuiteExecutionStage.gd:36)
       [14] execute (res://addons/gdUnit4/src/core/execution/stages/IGdUnitExecutionStage.gd:19)
       [15] _execute (res://addons/gdUnit4/src/core/execution/stages/GdUnitTestCaseExecutionStage.gd:35)
       [16] execute (res://addons/gdUnit4/src/core/execution/stages/IGdUnitExecutionStage.gd:19)
       [17] _execute (res://addons/gdUnit4/src/core/execution/stages/single/GdUnitTestCaseSingleExecutionStage.gd:28)
       [18] execute (res://addons/gdUnit4/src/core/execution/stages/IGdUnitExecutionStage.gd:19)
       [19] _execute (res://addons/gdUnit4/src/core/execution/stages/single/GdUnitTestCaseSingleTestStage.gd:10)
       [20] execute (res://addons/gdUnit4/src/core/_TestCase.gd:41)
       [21] test_completed (res://addons/gdUnit4/src/core/_TestCase.gd:86)
ERROR: Caja registradora sin generador: revisar almacen.gd
   at: push_error (core/variant/variant_utility.cpp:1023)
   GDScript backtrace (most recent call first):
       [0] _sin_cablear (res://src/sistemas/tareas/caja_registradora.gd:53)
       [1] pedir_anotar (res://src/sistemas/tareas/caja_registradora.gd:25)
       [2] <anonymous lambda> (res://test/sistemas/tareas/caja_registradora_test.gd:88)
       [3] _execute (res://addons/gdUnit4/src/asserts/GdUnitGodotErrorAssertImpl.gd:17)
       [4] is_push_error (res://addons/gdUnit4/src/asserts/GdUnitGodotErrorAssertImpl.gd:132)
       [5] test_sin_generador_el_cableado_avisa_y_no_publica_eventos (res://test/sistemas/tareas/caja_registradora_test.gd:87)
       [6] _execute_test_case (res://addons/gdUnit4/src/core/_TestCase.gd:79)
       [7] execute (res://addons/gdUnit4/src/core/_TestCase.gd:40)
       [8] _execute (res://addons/gdUnit4/src/core/execution/stages/single/GdUnitTestCaseSingleTestStage.gd:10)
       [9] execute (res://addons/gdUnit4/src/core/execution/stages/IGdUnitExecutionStage.gd:19)
       [10] _execute (res://addons/gdUnit4/src/core/execution/stages/single/GdUnitTestCaseSingleExecutionStage.gd:17)
       [11] execute (res://addons/gdUnit4/src/core/execution/stages/IGdUnitExecutionStage.gd:19)
       [12] _execute (res://addons/gdUnit4/src/core/execution/stages/GdUnitTestCaseExecutionStage.gd:26)
       [13] execute (res://addons/gdUnit4/src/core/execution/stages/IGdUnitExecutionStage.gd:19)
       [14] _execute (res://addons/gdUnit4/src/core/execution/stages/GdUnitTestSuiteExecutionStage.gd:36)
       [15] execute (res://addons/gdUnit4/src/core/execution/stages/IGdUnitExecutionStage.gd:19)
       [16] _execute (res://addons/gdUnit4/src/core/execution/stages/GdUnitTestCaseExecutionStage.gd:35)
       [17] execute (res://addons/gdUnit4/src/core/execution/stages/IGdUnitExecutionStage.gd:19)
       [18] _execute (res://addons/gdUnit4/src/core/execution/stages/single/GdUnitTestCaseSingleExecutionStage.gd:28)
       [19] execute (res://addons/gdUnit4/src/core/execution/stages/IGdUnitExecutionStage.gd:19)
       [20] _execute (res://addons/gdUnit4/src/core/execution/stages/single/GdUnitTestCaseSingleTestStage.gd:10)
       [21] execute (res://addons/gdUnit4/src/core/_TestCase.gd:41)
       [22] test_completed (res://addons/gdUnit4/src/core/_TestCase.gd:86)
  [38;2;250;235;215mres://test/sistemas/tareas/caja_registradora_test.gd[0m[38;2;128;128;128m > [0m[38;2;250;235;215mtest_sin_generador_el_cableado_avisa_y_no_publica_eventos[0m[38;2;34;139;34m PASSED[0m[38;2;100;149;237m 9ms[0m
[38;2;128;128;128m[0m
  [38;2;250;235;215mres://test/sistemas/tareas/caja_registradora_test.gd[0m[38;2;128;128;128m > [0m[38;2;250;235;215mtest_arrancar_publica_el_modo_de_cada_jornada_y_la_vista_vacia[0m[38;2;34;139;34m STARTED[0m[38;2;128;128;128m[0m
  [38;2;250;235;215mres://test/sistemas/tareas/caja_registradora_test.gd[0m[38;2;128;128;128m > [0m[38;2;250;235;215mtest_arrancar_publica_el_modo_de_cada_jornada_y_la_vista_vacia[0m[38;2;178;34;34m[1m FAILED[0m[38;2;100;149;237m 6ms[0m
  [38;2;0;206;209m[1m[4mReport:[0m
  [38;2;128;128;128m[38;2;255;69;0mExpecting contains exactly elements:[0m
 '[38;2;30;144;255m<empty>[0m'
 do contains (in same order)
 '[38;2;30;144;255m[false, true, true, true, false][0m'
but could not find elements:
 '[38;2;30;144;255m[false, true, true, true, false][0m'[0m[38;2;173;216;230m	at 'test_arrancar_publica_el_modo_de_cada_jornada_y_la_vista_vacia' in res://test/sistemas/tareas/caja_registradora_test.gd:104[0m[38;2;128;128;128m[0m
[38;2;128;128;128m[0m
  [38;2;250;235;215mres://test/sistemas/tareas/caja_registradora_test.gd[0m[38;2;128;128;128m > [0m[38;2;250;235;215mtest_elegir_publica_solo_un_cambio_aceptado_y_no_una_lectura[0m[38;2;34;139;34m STARTED[0m[38;2;128;128;128m[0m
  [38;2;250;235;215mres://test/sistemas/tareas/caja_registradora_test.gd[0m[38;2;128;128;128m > [0m[38;2;250;235;215mtest_elegir_publica_solo_un_cambio_aceptado_y_no_una_lectura[0m[38;2;178;34;34m[1m FAILED[0m[38;2;100;149;237m 5ms[0m
  [38;2;0;206;209m[1m[4mReport:[0m
  [38;2;128;128;128m[38;2;255;69;0mExpecting:[0m
 [38;2;30;144;255m3[0m
 but was
 [38;2;30;144;255m2[0m[0m[38;2;173;216;230m	at 'test_elegir_publica_solo_un_cambio_aceptado_y_no_una_lectura' in res://test/sistemas/tareas/caja_registradora_test.gd:125[0m  [38;2;128;128;128m[38;2;255;69;0mExpecting:[0m
 [38;2;30;144;255m<RefCounted>[0m
 to refer to the same object
 '[38;2;30;144;255m<null>[0m'[0m[38;2;173;216;230m	at 'test_elegir_publica_solo_un_cambio_aceptado_y_no_una_lectura' in res://test/sistemas/tareas/caja_registradora_test.gd:126[0m  [38;2;128;128;128m[38;2;255;69;0mExpecting:[0m
 [38;2;30;144;255m4[0m
 but was
 [38;2;30;144;255m2[0m[0m[38;2;173;216;230m	at 'test_elegir_publica_solo_un_cambio_aceptado_y_no_una_lectura' in res://test/sistemas/tareas/caja_registradora_test.gd:129[0m[38;2;128;128;128m[0m
[38;2;128;128;128m[0m
  [38;2;250;235;215mres://test/sistemas/tareas/caja_registradora_test.gd[0m[38;2;128;128;128m > [0m[38;2;250;235;215mtest_usar_el_hueco_es_silencioso_tanto_vacio_como_lleno[0m[38;2;34;139;34m STARTED[0m[38;2;128;128;128m[0m
  [38;2;250;235;215mres://test/sistemas/tareas/caja_registradora_test.gd[0m[38;2;128;128;128m > [0m[38;2;250;235;215mtest_usar_el_hueco_es_silencioso_tanto_vacio_como_lleno[0m[38;2;178;34;34m[1m FAILED[0m[38;2;100;149;237m 5ms[0m
  [38;2;0;206;209m[1m[4mReport:[0m
  [38;2;128;128;128m[38;2;255;69;0mExpecting:[0m
 must be empty but was
 '[38;2;30;144;255m["rechazo", "leido", "cambio", "rechazo"][0m'[0m[38;2;173;216;230m	at 'test_usar_el_hueco_es_silencioso_tanto_vacio_como_lleno' in res://test/sistemas/tareas/caja_registradora_test.gd:152[0m  [38;2;128;128;128m[38;2;255;69;0mExpecting contains exactly elements:[0m
 '[38;2;30;144;255m[<RefCounted#-9223371545550778966>][0m'
 do contains (in same order)
 '[38;2;30;144;255m<empty>[0m'
but some elements where not expected:
 '[38;2;30;144;255m[<RefCounted#-9223371545550778966>][0m'[0m[38;2;173;216;230m	at 'test_usar_el_hueco_es_silencioso_tanto_vacio_como_lleno' in res://test/sistemas/tareas/caja_registradora_test.gd:153[0m  [38;2;128;128;128m[38;2;255;69;0mExpecting:[0m
 must be empty but was
 '[38;2;30;144;255m["rechazo", "leido", "cambio", "rechazo"][0m'[0m[38;2;173;216;230m	at 'test_usar_el_hueco_es_silencioso_tanto_vacio_como_lleno' in res://test/sistemas/tareas/caja_registradora_test.gd:152[0m  [38;2;128;128;128m[38;2;255;69;0mExpecting contains exactly elements:[0m
 '[38;2;30;144;255m[<RefCounted#-9223371545550778966>, <RefCounted#-9223371545550778966>][0m'
 do contains (in same order)
 '[38;2;30;144;255m[<RefCounted#-9223371545550778966>][0m'
 but has different order at position [38;2;30;144;255m1[0m
 '<RefCounted#-9223371545550778966>' vs '"<no entry>"'[0m[38;2;173;216;230m	at 'test_usar_el_hueco_es_silencioso_tanto_vacio_como_lleno' in res://test/sistemas/tareas/caja_registradora_test.gd:153[0m[38;2;128;128;128m[0m
[38;2;128;128;128m[0m
[38;2;30;144;255mStatistics:[0m[38;2;128;128;128m 8 test cases | 0 errors | 8 failures | 0 flaky | 0 skipped | 0 orphans |[0m[38;2;34;139;34m PASSED[0m[38;2;100;149;237m 107ms[0m
[38;2;128;128;128m[0m
[38;2;128;128;128m[0m
[38;2;0;206;209mRun Test Suite: [0m[38;2;250;235;215mres://test/ui/diegetica/programa_de_tickets_test.gd[0m
  [38;2;250;235;215mres://test/ui/diegetica/programa_de_tickets_test.gd[0m[38;2;128;128;128m > [0m[38;2;250;235;215mtest_siempre_presenta_tres_filas_y_repinta_sin_restos[0m[38;2;34;139;34m STARTED[0m[38;2;128;128;128m[0m
  [38;2;250;235;215mres://test/ui/diegetica/programa_de_tickets_test.gd[0m[38;2;128;128;128m > [0m[38;2;250;235;215mtest_siempre_presenta_tres_filas_y_repinta_sin_restos[0m[38;2;34;139;34m PASSED[0m[38;2;100;149;237m 17ms[0m
[38;2;128;128;128m[0m
  [38;2;250;235;215mres://test/ui/diegetica/programa_de_tickets_test.gd[0m[38;2;128;128;128m > [0m[38;2;250;235;215mtest_cada_boton_publica_su_pedido_y_un_sonido[0m[38;2;34;139;34m STARTED[0m[38;2;128;128;128m[0m
  [38;2;250;235;215mres://test/ui/diegetica/programa_de_tickets_test.gd[0m[38;2;128;128;128m > [0m[38;2;250;235;215mtest_cada_boton_publica_su_pedido_y_un_sonido[0m[38;2;34;139;34m PASSED[0m[38;2;100;149;237m 11ms[0m
[38;2;128;128;128m[0m
  [38;2;250;235;215mres://test/ui/diegetica/programa_de_tickets_test.gd[0m[38;2;128;128;128m > [0m[38;2;250;235;215mtest_el_lienzo_mantiene_los_tres_renglones_y_botones_al_redimensionar[0m[38;2;34;139;34m STARTED[0m[38;2;128;128;128m[0m
  [38;2;250;235;215mres://test/ui/diegetica/programa_de_tickets_test.gd[0m[38;2;128;128;128m > [0m[38;2;250;235;215mtest_el_lienzo_mantiene_los_tres_renglones_y_botones_al_redimensionar[0m[38;2;34;139;34m PASSED[0m[38;2;100;149;237m 10ms[0m
[38;2;128;128;128m[0m
  [38;2;250;235;215mres://test/ui/diegetica/programa_de_tickets_test.gd[0m[38;2;128;128;128m > [0m[38;2;250;235;215mtest_los_selectores_manuales_ofrecen_vacio_y_catalogo_ordenado[0m[38;2;34;139;34m STARTED[0m[38;2;128;128;128m[0m
  [38;2;250;235;215mres://test/ui/diegetica/programa_de_tickets_test.gd[0m[38;2;128;128;128m > [0m[38;2;250;235;215mtest_los_selectores_manuales_ofrecen_vacio_y_catalogo_ordenado[0m[38;2;178;34;34m[1m FAILED[0m[38;2;100;149;237m 13ms[0m
  [38;2;0;206;209m[1m[4mReport:[0m
  [38;2;128;128;128m[38;2;255;69;0mExpecting:[0m '[38;2;30;144;255mtrue[0m' but is '[38;2;30;144;255mfalse[0m'[0m[38;2;173;216;230m	at 'test_los_selectores_manuales_ofrecen_vacio_y_catalogo_ordenado' in res://test/ui/diegetica/programa_de_tickets_test.gd:73[0m  [38;2;128;128;128m[38;2;255;69;0mExpecting:[0m '[38;2;30;144;255mtrue[0m' but is '[38;2;30;144;255mfalse[0m'[0m[38;2;173;216;230m	at 'test_los_selectores_manuales_ofrecen_vacio_y_catalogo_ordenado' in res://test/ui/diegetica/programa_de_tickets_test.gd:73[0m  [38;2;128;128;128m[38;2;255;69;0mExpecting:[0m '[38;2;30;144;255mtrue[0m' but is '[38;2;30;144;255mfalse[0m'[0m[38;2;173;216;230m	at 'test_los_selectores_manuales_ofrecen_vacio_y_catalogo_ordenado' in res://test/ui/diegetica/programa_de_tickets_test.gd:73[0m  [38;2;128;128;128m[38;2;255;69;0mExpecting:[0m '[38;2;30;144;255mfalse[0m' but is '[38;2;30;144;255mtrue[0m'[0m[38;2;173;216;230m	at 'test_los_selectores_manuales_ofrecen_vacio_y_catalogo_ordenado' in res://test/ui/diegetica/programa_de_tickets_test.gd:79[0m  [38;2;128;128;128m[38;2;255;69;0mExpecting:[0m '[38;2;30;144;255mfalse[0m' but is '[38;2;30;144;255mtrue[0m'[0m[38;2;173;216;230m	at 'test_los_selectores_manuales_ofrecen_vacio_y_catalogo_ordenado' in res://test/ui/diegetica/programa_de_tickets_test.gd:79[0m  [38;2;128;128;128m[38;2;255;69;0mExpecting:[0m '[38;2;30;144;255mfalse[0m' but is '[38;2;30;144;255mtrue[0m'[0m[38;2;173;216;230m	at 'test_los_selectores_manuales_ofrecen_vacio_y_catalogo_ordenado' in res://test/ui/diegetica/programa_de_tickets_test.gd:79[0m[38;2;128;128;128m[0m
[38;2;128;128;128m[0m
  [38;2;250;235;215mres://test/ui/diegetica/programa_de_tickets_test.gd[0m[38;2;128;128;128m > [0m[38;2;250;235;215mtest_solo_dos_o_tres_conserva_su_posicion_al_repintar[0m[38;2;34;139;34m STARTED[0m[38;2;128;128;128m[0m
  [38;2;250;235;215mres://test/ui/diegetica/programa_de_tickets_test.gd[0m[38;2;128;128;128m > [0m[38;2;250;235;215mtest_solo_dos_o_tres_conserva_su_posicion_al_repintar[0m[38;2;178;34;34m[1m FAILED[0m[38;2;100;149;237m 15ms[0m
  [38;2;0;206;209m[1m[4mReport:[0m
  [38;2;128;128;128m[38;2;255;69;0mExpecting: not to be[0m '[38;2;30;144;255m<null>[0m'[0m[38;2;173;216;230m	at 'test_solo_dos_o_tres_conserva_su_posicion_al_repintar' in res://test/ui/diegetica/programa_de_tickets_test.gd:107[0m  [38;2;128;128;128m[38;2;255;69;0mExpecting: not to be[0m '[38;2;30;144;255m<null>[0m'[0m[38;2;173;216;230m	at 'test_solo_dos_o_tres_conserva_su_posicion_al_repintar' in res://test/ui/diegetica/programa_de_tickets_test.gd:107[0m[38;2;128;128;128m[0m
[38;2;128;128;128m[0m
  [38;2;250;235;215mres://test/ui/diegetica/programa_de_tickets_test.gd[0m[38;2;128;128;128m > [0m[38;2;250;235;215mtest_seleccionar_publica_el_indice_y_producto_y_vacio_publica_null[0m[38;2;34;139;34m STARTED[0m[38;2;128;128;128m[0m
  [38;2;250;235;215mres://test/ui/diegetica/programa_de_tickets_test.gd[0m[38;2;128;128;128m > [0m[38;2;250;235;215mtest_seleccionar_publica_el_indice_y_producto_y_vacio_publica_null[0m[38;2;178;34;34m[1m FAILED[0m[38;2;100;149;237m 11ms[0m
  [38;2;0;206;209m[1m[4mReport:[0m
  [38;2;128;128;128m[38;2;255;69;0mExpecting contains exactly elements:[0m
 '[38;2;30;144;255m<empty>[0m'
 do contains (in same order)
 '[38;2;30;144;255m[2][0m'
but could not find elements:
 '[38;2;30;144;255m[2][0m'[0m[38;2;173;216;230m	at 'test_seleccionar_publica_el_indice_y_producto_y_vacio_publica_null' in res://test/ui/diegetica/programa_de_tickets_test.gd:137[0m  [38;2;128;128;128m[38;2;255;69;0mExpecting contains exactly elements:[0m
 '[38;2;30;144;255m<empty>[0m'
 do contains (in same order)
 '[38;2;30;144;255m[<RefCounted#-9223371455541013582>][0m'
but could not find elements:
 '[38;2;30;144;255m[<RefCounted#-9223371455541013582>][0m'[0m[38;2;173;216;230m	at 'test_seleccionar_publica_el_indice_y_producto_y_vacio_publica_null' in res://test/ui/diegetica/programa_de_tickets_test.gd:138[0m  [38;2;128;128;128m[38;2;255;69;0mExpecting:[0m
 [38;2;30;144;255m<RefCounted>[0m
 to refer to the same object
 '[38;2;30;144;255m<null>[0m'[0m[38;2;173;216;230m	at 'test_seleccionar_publica_el_indice_y_producto_y_vacio_publica_null' in res://test/ui/diegetica/programa_de_tickets_test.gd:141[0m  [38;2;128;128;128m[38;2;255;69;0mExpecting contains exactly elements:[0m
 '[38;2;30;144;255m<empty>[0m'
 do contains (in same order)
 '[38;2;30;144;255m[2, 2][0m'
but could not find elements:
 '[38;2;30;144;255m[2, 2][0m'[0m[38;2;173;216;230m	at 'test_seleccionar_publica_el_indice_y_producto_y_vacio_publica_null' in res://test/ui/diegetica/programa_de_tickets_test.gd:143[0m  [38;2;128;128;128m[38;2;255;69;0mExpecting contains exactly elements:[0m
 '[38;2;30;144;255m<empty>[0m'
 do contains (in same order)
 '[38;2;30;144;255m[<RefCounted#-9223371455541013582>, <null>][0m'
but could not find elements:
 '[38;2;30;144;255m[<RefCounted#-9223371455541013582>, <null>][0m'[0m[38;2;173;216;230m	at 'test_seleccionar_publica_el_indice_y_producto_y_vacio_publica_null' in res://test/ui/diegetica/programa_de_tickets_test.gd:144[0m[38;2;128;128;128m[0m
[38;2;128;128;128m[0m
[38;2;30;144;255mStatistics:[0m[38;2;128;128;128m 6 test cases | 0 errors | 13 failures | 0 flaky | 0 skipped | 0 orphans |[0m[38;2;34;139;34m PASSED[0m[38;2;100;149;237m 130ms[0m
[38;2;128;128;128m[0m
[38;2;128;128;128m[0m
[38;2;0;206;209mRun Test Suite: [0m[38;2;250;235;215mres://test/escenas/puestos/lector_test.gd[0m
  [38;2;250;235;215mres://test/escenas/puestos/lector_test.gd[0m[38;2;128;128;128m > [0m[38;2;250;235;215mtest_el_lector_anota_la_unidad_con_el_programa_cerrado_y_conserva_la_mano[0m[38;2;34;139;34m STARTED[0m[38;2;128;128;128m[0m
  [38;2;250;235;215mres://test/escenas/puestos/lector_test.gd[0m[38;2;128;128;128m > [0m[38;2;250;235;215mtest_el_lector_anota_la_unidad_con_el_programa_cerrado_y_conserva_la_mano[0m[38;2;34;139;34m PASSED[0m[38;2;100;149;237m 171ms[0m
[38;2;128;128;128m[0m
  [38;2;250;235;215mres://test/escenas/puestos/lector_test.gd[0m[38;2;128;128;128m > [0m[38;2;250;235;215mtest_los_seis_objetos_se_rechazan_y_siguen_en_la_mano[0m[38;2;34;139;34m STARTED[0m[38;2;128;128;128m[0m
  [38;2;250;235;215mres://test/escenas/puestos/lector_test.gd[0m[38;2;128;128;128m > [0m[38;2;250;235;215mtest_los_seis_objetos_se_rechazan_y_siguen_en_la_mano[0m[38;2;34;139;34m PASSED[0m[38;2;100;149;237m 126ms[0m
[38;2;128;128;128m[0m
  [38;2;250;235;215mres://test/escenas/puestos/lector_test.gd[0m[38;2;128;128;128m > [0m[38;2;250;235;215mtest_las_manos_vacias_y_los_otros_gestos_no_leen[0m[38;2;34;139;34m STARTED[0m[38;2;128;128;128m[0m
  [38;2;250;235;215mres://test/escenas/puestos/lector_test.gd[0m[38;2;128;128;128m > [0m[38;2;250;235;215mtest_las_manos_vacias_y_los_otros_gestos_no_leen[0m[38;2;34;139;34m PASSED[0m[38;2;100;149;237m 118ms[0m
[38;2;128;128;128m[0m
  [38;2;250;235;215mres://test/escenas/puestos/lector_test.gd[0m[38;2;128;128;128m > [0m[38;2;250;235;215mtest_el_lector_apoya_en_el_mostrador_y_tiene_foco_y_contorno[0m[38;2;34;139;34m STARTED[0m[38;2;128;128;128m[0m
  [38;2;250;235;215mres://test/escenas/puestos/lector_test.gd[0m[38;2;128;128;128m > [0m[38;2;250;235;215mtest_el_lector_apoya_en_el_mostrador_y_tiene_foco_y_contorno[0m[38;2;34;139;34m PASSED[0m[38;2;100;149;237m 128ms[0m
[38;2;128;128;128m[0m
  [38;2;250;235;215mres://test/escenas/puestos/lector_test.gd[0m[38;2;128;128;128m > [0m[38;2;250;235;215mtest_los_eventos_reales_piden_escaneo_error_impresion_y_botones[0m[38;2;34;139;34m STARTED[0m[38;2;128;128;128m[0m
ERROR: Error calling from signal 'cobro_rechazado' to callable: 'StaticBody3D(ventanilla.gd)::_al_rechazarse_el_cobro': Cannot convert argument 1 from Array to Array.
   at: emit_signalp (core/object/object.cpp:1311)
   GDScript backtrace (most recent call first):
       [0] test_los_eventos_reales_piden_escaneo_error_impresion_y_botones (res://test/escenas/puestos/lector_test.gd:291)
       [1] _abrir (res://test/escenas/puestos/lector_test.gd:18)
  [38;2;250;235;215mres://test/escenas/puestos/lector_test.gd[0m[38;2;128;128;128m > [0m[38;2;250;235;215mtest_los_eventos_reales_piden_escaneo_error_impresion_y_botones[0m[38;2;34;139;34m PASSED[0m[38;2;100;149;237m 124ms[0m
[38;2;128;128;128m[0m
  [38;2;250;235;215mres://test/escenas/puestos/lector_test.gd[0m[38;2;128;128;128m > [0m[38;2;250;235;215mtest_la_tres_vacia_y_cambia_solo_la_malla[0m[38;2;34;139;34m STARTED[0m[38;2;128;128;128m[0m
  [38;2;250;235;215mres://test/escenas/puestos/lector_test.gd[0m[38;2;128;128;128m > [0m[38;2;250;235;215mtest_la_tres_vacia_y_cambia_solo_la_malla[0m[38;2;178;34;34m[1m FAILED[0m[38;2;100;149;237m 133ms[0m
  [38;2;0;206;209m[1m[4mReport:[0m
  [38;2;128;128;128m[38;2;255;69;0mExpecting:[0m '[38;2;30;144;255mtrue[0m' but is '[38;2;30;144;255mfalse[0m'[0m[38;2;173;216;230m	at 'test_la_tres_vacia_y_cambia_solo_la_malla' in res://test/escenas/puestos/lector_test.gd:323
	at '_abrir' in res://test/escenas/puestos/lector_test.gd:18[0m  [38;2;128;128;128m[38;2;255;69;0mExpecting not same:[0m
 [38;2;30;144;255m<BoxMesh>[0m[0m[38;2;173;216;230m	at 'test_la_tres_vacia_y_cambia_solo_la_malla' in res://test/escenas/puestos/lector_test.gd:325
	at '_abrir' in res://test/escenas/puestos/lector_test.gd:18[0m  [38;2;128;128;128m[38;2;255;69;0mExpecting:[0m '[38;2;30;144;255mtrue[0m' but is '[38;2;30;144;255mfalse[0m'[0m[38;2;173;216;230m	at 'test_la_tres_vacia_y_cambia_solo_la_malla' in res://test/escenas/puestos/lector_test.gd:339
	at '_enfocar' in res://test/escenas/puestos/lector_test.gd:230[0m  [38;2;128;128;128m[38;2;255;69;0mExpecting not same:[0m
 [38;2;30;144;255m<BoxMesh>[0m[0m[38;2;173;216;230m	at 'test_la_tres_vacia_y_cambia_solo_la_malla' in res://test/escenas/puestos/lector_test.gd:340
	at '_enfocar' in res://test/escenas/puestos/lector_test.gd:230[0m[38;2;128;128;128m[0m
[38;2;128;128;128m[0m
  [38;2;250;235;215mres://test/escenas/puestos/lector_test.gd[0m[38;2;128;128;128m > [0m[38;2;250;235;215mtest_el_hueco_con_unidad_caja_y_mano_vacia_no_avisa_ni_anota[0m[38;2;34;139;34m STARTED[0m[38;2;128;128;128m[0m
  [38;2;250;235;215mres://test/escenas/puestos/lector_test.gd[0m[38;2;128;128;128m > [0m[38;2;250;235;215mtest_el_hueco_con_unidad_caja_y_mano_vacia_no_avisa_ni_anota[0m[38;2;178;34;34m[1m FAILED[0m[38;2;100;149;237m 127ms[0m
  [38;2;0;206;209m[1m[4mReport:[0m
  [38;2;128;128;128m[38;2;255;69;0mExpecting:[0m
 must be empty but was
 '[38;2;30;144;255m[<RefCounted#-9223370894846453264>][0m'[0m[38;2;173;216;230m	at 'test_el_hueco_con_unidad_caja_y_mano_vacia_no_avisa_ni_anota' in res://test/escenas/puestos/lector_test.gd:376
	at '_abrir' in res://test/escenas/puestos/lector_test.gd:18[0m  [38;2;128;128;128m[38;2;255;69;0mExpecting:[0m
 must be empty but was
 '[38;2;30;144;255m["lectura", "cambio"][0m'[0m[38;2;173;216;230m	at 'test_el_hueco_con_unidad_caja_y_mano_vacia_no_avisa_ni_anota' in res://test/escenas/puestos/lector_test.gd:377
	at '_abrir' in res://test/escenas/puestos/lector_test.gd:18[0m  [38;2;128;128;128m[38;2;255;69;0mExpecting:[0m
 must be empty but was
 '[38;2;30;144;255m[28][0m'[0m[38;2;173;216;230m	at 'test_el_hueco_con_unidad_caja_y_mano_vacia_no_avisa_ni_anota' in res://test/escenas/puestos/lector_test.gd:378
	at '_abrir' in res://test/escenas/puestos/lector_test.gd:18[0m  [38;2;128;128;128m[38;2;255;69;0mExpecting:[0m
 must be empty but was
 '[38;2;30;144;255m[<RefCounted#-9223370894846453264>][0m'[0m[38;2;173;216;230m	at 'test_el_hueco_con_unidad_caja_y_mano_vacia_no_avisa_ni_anota' in res://test/escenas/puestos/lector_test.gd:376
	at '_abrir' in res://test/escenas/puestos/lector_test.gd:18[0m  [38;2;128;128;128m[38;2;255;69;0mExpecting:[0m
 must be empty but was
 '[38;2;30;144;255m["rechazo"][0m'[0m[38;2;173;216;230m	at 'test_el_hueco_con_unidad_caja_y_mano_vacia_no_avisa_ni_anota' in res://test/escenas/puestos/lector_test.gd:377
	at '_abrir' in res://test/escenas/puestos/lector_test.gd:18[0m  [38;2;128;128;128m[38;2;255;69;0mExpecting:[0m
 must be empty but was
 '[38;2;30;144;255m[17][0m'[0m[38;2;173;216;230m	at 'test_el_hueco_con_unidad_caja_y_mano_vacia_no_avisa_ni_anota' in res://test/escenas/puestos/lector_test.gd:378
	at '_abrir' in res://test/escenas/puestos/lector_test.gd:18[0m[38;2;128;128;128m[0m
[38;2;128;128;128m[0m
  [38;2;250;235;215mres://test/escenas/puestos/lector_test.gd[0m[38;2;128;128;128m > [0m[38;2;250;235;215mtest_la_partida_retomada_en_cuatro_es_manual_y_una_nueva_es_automatica[0m[38;2;34;139;34m STARTED[0m[38;2;128;128;128m[0m
  [38;2;250;235;215mres://test/escenas/puestos/lector_test.gd[0m[38;2;128;128;128m > [0m[38;2;250;235;215mtest_la_partida_retomada_en_cuatro_es_manual_y_una_nueva_es_automatica[0m[38;2;178;34;34m[1m FAILED[0m[38;2;100;149;237m 223ms[0m
  [38;2;0;206;209m[1m[4mReport:[0m
  [38;2;128;128;128m[38;2;255;69;0mExpecting:[0m '[38;2;30;144;255mtrue[0m' but is '[38;2;30;144;255mfalse[0m'[0m[38;2;173;216;230m	at 'test_la_partida_retomada_en_cuatro_es_manual_y_una_nueva_es_automatica' in res://test/escenas/puestos/lector_test.gd:397[0m[38;2;128;128;128m[0m
[38;2;128;128;128m[0m
  [38;2;250;235;215mres://test/escenas/puestos/lector_test.gd[0m[38;2;128;128;128m > [0m[38;2;250;235;215mtest_el_popup_pausa_y_reanuda_programa_y_mano[0m[38;2;34;139;34m STARTED[0m[38;2;128;128;128m[0m
  [38;2;250;235;215mres://test/escenas/puestos/lector_test.gd[0m[38;2;128;128;128m > [0m[38;2;250;235;215mtest_el_popup_pausa_y_reanuda_programa_y_mano[0m[38;2;178;34;34m[1m FAILED[0m[38;2;100;149;237m 153ms[0m
  [38;2;0;206;209m[1m[4mReport:[0m
  [38;2;128;128;128m[38;2;255;69;0mExpecting:[0m '[38;2;30;144;255mtrue[0m' but is '[38;2;30;144;255mfalse[0m'[0m[38;2;173;216;230m	at 'test_el_popup_pausa_y_reanuda_programa_y_mano' in res://test/escenas/puestos/lector_test.gd:427[0m  [38;2;128;128;128m[38;2;255;69;0mExpecting:[0m '[38;2;30;144;255mtrue[0m' but is '[38;2;30;144;255mfalse[0m'[0m[38;2;173;216;230m	at 'test_el_popup_pausa_y_reanuda_programa_y_mano' in res://test/escenas/puestos/lector_test.gd:428[0m  [38;2;128;128;128m[38;2;255;69;0mExpecting:[0m '[38;2;30;144;255mfalse[0m' but is '[38;2;30;144;255mtrue[0m'[0m[38;2;173;216;230m	at 'test_el_popup_pausa_y_reanuda_programa_y_mano' in res://test/escenas/puestos/lector_test.gd:429[0m  [38;2;128;128;128m[38;2;255;69;0mExpecting:[0m
 [38;2;30;144;255m<RefCounted>[0m
 to refer to the same object
 '[38;2;30;144;255m<null>[0m'[0m[38;2;173;216;230m	at 'test_el_popup_pausa_y_reanuda_programa_y_mano' in res://test/escenas/puestos/lector_test.gd:436[0m  [38;2;128;128;128m[38;2;255;69;0mExpecting:[0m '[38;2;30;144;255mfalse[0m' but is '[38;2;30;144;255mtrue[0m'[0m[38;2;173;216;230m	at 'test_el_popup_pausa_y_reanuda_programa_y_mano' in res://test/escenas/puestos/lector_test.gd:446[0m  [38;2;128;128;128m[38;2;255;69;0mExpecting:[0m '[38;2;30;144;255mfalse[0m' but is '[38;2;30;144;255mtrue[0m'[0m[38;2;173;216;230m	at 'test_el_popup_pausa_y_reanuda_programa_y_mano' in res://test/escenas/puestos/lector_test.gd:447[0m  [38;2;128;128;128m[38;2;255;69;0mExpecting:[0m '[38;2;30;144;255mfalse[0m' but is '[38;2;30;144;255mtrue[0m'[0m[38;2;173;216;230m	at 'test_el_popup_pausa_y_reanuda_programa_y_mano' in res://test/escenas/puestos/lector_test.gd:448[0m[38;2;128;128;128m[0m
[38;2;128;128;128m[0m
[38;2;30;144;255mStatistics:[0m[38;2;128;128;128m 9 test cases | 0 errors | 18 failures | 0 flaky | 0 skipped | 0 orphans |[0m[38;2;34;139;34m PASSED[0m[38;2;100;149;237m 1s 383ms[0m
[38;2;128;128;128m[0m
[38;2;128;128;128m[0m
[38;2;30;144;255mOverall Summary:[0m[38;2;255;255;255m 36 test cases | 0 errors | 260 failures | 0 flaky | 0 skipped | 0 orphans |[0m
[38;2;233;150;122mExecuted test suites: (4/4)[0m
[38;2;233;150;122mExecuted test cases : (36/36)[0m
[38;2;233;150;122mTotal execution time: 1s 947ms[0m
[38;2;255;255;255m [0m[38;2;100;149;237mOpen XML Report at: file://reports/report_19/results.xml[0m
[38;2;100;149;237mOpen HTML Report at: file://reports/report_19/index.html[0m
[38;2;178;34;34mExit code: 100[0m
Run dispose test resources
