Godot Engine v4.7.2.stable.official.ed1daf0bf - https://godotengine.org


--------------------------------------------------------------------------------------------------
GdUnit4 Comandline Tool
--------------------------------------------------------------------------------------------------
Disabled fail fast!
Set write reports to C:/Users/fede_/orca/workspaces/nosefia/comber/reports

Headless mode is ignored by option '--ignoreHeadlessMode'"

Please note that tests that use UI interaction do not work correctly in headless mode.
Godot 'InputEvents' are not transported by the Godot engine in headless mode and therefore
have no effect in the test!

Scanning for test suites in: test
Installing GdUnit4 session system hooks.
Session hook 'GdUnitHtmlTestReporter' installed.
Session hook 'GdUnitXMLTestReporter' installed.
Installing GdUnit4 session hooks.
Session hook 'Guardado de la sesión' installed.
Run Test Suite: res://test/arranque_test.gd
  res://test/arranque_test.gd > test_el_proyecto_se_llama_como_el_juego STARTED
  res://test/arranque_test.gd > test_el_proyecto_se_llama_como_el_juego PASSED 5ms

  res://test/arranque_test.gd > test_las_cuatro_capas_de_src_existen STARTED
  res://test/arranque_test.gd > test_las_cuatro_capas_de_src_existen PASSED 7ms

Statistics: 2 test cases | 0 errors | 0 failures | 0 flaky | 0 skipped | 0 orphans | PASSED 22ms


Run Test Suite: res://test/configuracion_del_proyecto_test.gd
  res://test/configuracion_del_proyecto_test.gd > test_el_proyecto_declara_la_interpolacion_de_fisica_encendida STARTED
  res://test/configuracion_del_proyecto_test.gd > test_el_proyecto_declara_la_interpolacion_de_fisica_encendida PASSED 5ms

  res://test/configuracion_del_proyecto_test.gd > test_el_reloj_de_fisica_corre_a_sesenta_pasos STARTED
  res://test/configuracion_del_proyecto_test.gd > test_el_reloj_de_fisica_corre_a_sesenta_pasos PASSED 5ms

  res://test/configuracion_del_proyecto_test.gd > test_el_editor_y_la_web_dibujan_con_el_mismo_renderizador STARTED
  res://test/configuracion_del_proyecto_test.gd > test_el_editor_y_la_web_dibujan_con_el_mismo_renderizador PASSED 6ms

  res://test/configuracion_del_proyecto_test.gd > test_la_web_dibuja_con_el_mismo_renderizador_que_el_editor STARTED
  res://test/configuracion_del_proyecto_test.gd > test_la_web_dibuja_con_el_mismo_renderizador_que_el_editor PASSED 6ms

Statistics: 4 test cases | 0 errors | 0 failures | 0 flaky | 0 skipped | 0 orphans | PASSED 39ms


Run Test Suite: res://test/dominio/almacen/agenda_de_compradores_test.gd
  res://test/dominio/almacen/agenda_de_compradores_test.gd > test_los_bordes_de_ambas_ventanas STARTED
  res://test/dominio/almacen/agenda_de_compradores_test.gd > test_los_bordes_de_ambas_ventanas PASSED 5ms

  res://test/dominio/almacen/agenda_de_compradores_test.gd > test_un_salto_recibe_y_vence_en_orden STARTED
  res://test/dominio/almacen/agenda_de_compradores_test.gd > test_un_salto_recibe_y_vence_en_orden PASSED 5ms

  res://test/dominio/almacen/agenda_de_compradores_test.gd > test_una_compra_completa_no_vence STARTED
  res://test/dominio/almacen/agenda_de_compradores_test.gd > test_una_compra_completa_no_vence PASSED 6ms

  res://test/dominio/almacen/agenda_de_compradores_test.gd > test_otras_jornadas_conservan_el_padron STARTED
  res://test/dominio/almacen/agenda_de_compradores_test.gd > test_otras_jornadas_conservan_el_padron PASSED 6ms

Statistics: 4 test cases | 0 errors | 0 failures | 0 flaky | 0 skipped | 0 orphans | PASSED 40ms


Run Test Suite: res://test/dominio/almacen/atencion_test.gd
  res://test/dominio/almacen/atencion_test.gd > test_la_caja_marca_el_total_del_pedido_y_no_lo_vuelve_a_sumar STARTED
  res://test/dominio/almacen/atencion_test.gd > test_la_caja_marca_el_total_del_pedido_y_no_lo_vuelve_a_sumar PASSED 5ms

  res://test/dominio/almacen/atencion_test.gd > test_la_atencion_no_conoce_lo_que_sale_cada_producto STARTED
  res://test/dominio/almacen/atencion_test.gd > test_la_atencion_no_conoce_lo_que_sale_cada_producto PASSED 6ms

  res://test/dominio/almacen/atencion_test.gd > test_pagar_justo_da_una_diferencia_de_cero STARTED
  res://test/dominio/almacen/atencion_test.gd > test_pagar_justo_da_una_diferencia_de_cero PASSED 6ms

  res://test/dominio/almacen/atencion_test.gd > test_pagar_de_mas_da_una_diferencia_positiva STARTED
  res://test/dominio/almacen/atencion_test.gd > test_pagar_de_mas_da_una_diferencia_positiva PASSED 7ms

  res://test/dominio/almacen/atencion_test.gd > test_pagar_de_menos_da_una_diferencia_negativa STARTED
  res://test/dominio/almacen/atencion_test.gd > test_pagar_de_menos_da_una_diferencia_negativa PASSED 5ms

  res://test/dominio/almacen/atencion_test.gd > test_los_faltantes_nombran_exactamente_los_productos_que_no_alcanzan STARTED
  res://test/dominio/almacen/atencion_test.gd > test_los_faltantes_nombran_exactamente_los_productos_que_no_alcanzan PASSED 5ms

  res://test/dominio/almacen/atencion_test.gd > test_los_faltantes_miran_los_vendibles_y_no_la_gondola STARTED
  res://test/dominio/almacen/atencion_test.gd > test_los_faltantes_miran_los_vendibles_y_no_la_gondola PASSED 5ms

  res://test/dominio/almacen/atencion_test.gd > test_con_vendibles_de_sobra_no_falta_nada STARTED
  res://test/dominio/almacen/atencion_test.gd > test_con_vendibles_de_sobra_no_falta_nada PASSED 7ms

  res://test/dominio/almacen/atencion_test.gd > test_cobrar_lo_que_supera_los_vendibles_no_mueve_una_sola_unidad STARTED
  res://test/dominio/almacen/atencion_test.gd > test_cobrar_lo_que_supera_los_vendibles_no_mueve_una_sola_unidad PASSED 5ms

  res://test/dominio/almacen/atencion_test.gd > test_cobrar_dos_veces_avisa_que_ya_estaba_despachada STARTED
  res://test/dominio/almacen/atencion_test.gd > test_cobrar_dos_veces_avisa_que_ya_estaba_despachada PASSED 5ms

  res://test/dominio/almacen/atencion_test.gd > test_despachar_sin_vender_no_toca_el_inventario STARTED
  res://test/dominio/almacen/atencion_test.gd > test_despachar_sin_vender_no_toca_el_inventario PASSED 6ms

  res://test/dominio/almacen/atencion_test.gd > test_despachar_dos_veces_devuelve_false_la_segunda STARTED
  res://test/dominio/almacen/atencion_test.gd > test_despachar_dos_veces_devuelve_false_la_segunda PASSED 4ms

  res://test/dominio/almacen/atencion_test.gd > test_cobrar_sobre_una_despachada_a_mano_no_vende STARTED
  res://test/dominio/almacen/atencion_test.gd > test_cobrar_sobre_una_despachada_a_mano_no_vende PASSED 6ms

  res://test/dominio/almacen/atencion_test.gd > test_vender_no_deshace_la_unidad_que_esta_en_la_mano STARTED
  res://test/dominio/almacen/atencion_test.gd > test_vender_no_deshace_la_unidad_que_esta_en_la_mano PASSED 6ms

  res://test/dominio/almacen/atencion_test.gd > test_la_venta_no_se_lleva_lo_que_esta_afuera_de_la_caja STARTED
  res://test/dominio/almacen/atencion_test.gd > test_la_venta_no_se_lleva_lo_que_esta_afuera_de_la_caja PASSED 6ms

  res://test/dominio/almacen/atencion_test.gd > test_el_pedido_dice_las_lineas_el_total_lo_que_paga_y_la_diferencia STARTED
  res://test/dominio/almacen/atencion_test.gd > test_el_pedido_dice_las_lineas_el_total_lo_que_paga_y_la_diferencia PASSED 7ms

  res://test/dominio/almacen/atencion_test.gd > test_el_pedido_muestra_la_diferencia_negativa_con_su_signo STARTED
  res://test/dominio/almacen/atencion_test.gd > test_el_pedido_muestra_la_diferencia_negativa_con_su_signo PASSED 6ms

  res://test/dominio/almacen/atencion_test.gd > test_el_aviso_nombra_lo_que_no_se_puede_vender_y_es_vacio_si_esta_todo STARTED
  res://test/dominio/almacen/atencion_test.gd > test_el_aviso_nombra_lo_que_no_se_puede_vender_y_es_vacio_si_esta_todo PASSED 5ms

Statistics: 18 test cases | 0 errors | 0 failures | 0 flaky | 0 skipped | 0 orphans | PASSED 148ms


Run Test Suite: res://test/dominio/almacen/balde_test.gd
  res://test/dominio/almacen/balde_test.gd > test_un_balde_nuevo_esta_vacio STARTED
  res://test/dominio/almacen/balde_test.gd > test_un_balde_nuevo_esta_vacio PASSED 6ms

  res://test/dominio/almacen/balde_test.gd > test_llenar_un_balde_vacio_le_pone_agua_sin_jabon STARTED
  res://test/dominio/almacen/balde_test.gd > test_llenar_un_balde_vacio_le_pone_agua_sin_jabon PASSED 4ms

  res://test/dominio/almacen/balde_test.gd > test_llenar_lo_que_ya_tiene_agua_no_lava_el_jabon STARTED
  res://test/dominio/almacen/balde_test.gd > test_llenar_lo_que_ya_tiene_agua_no_lava_el_jabon PASSED 5ms

  res://test/dominio/almacen/balde_test.gd > test_el_jabon_tine_el_agua_sin_jabon STARTED
  res://test/dominio/almacen/balde_test.gd > test_el_jabon_tine_el_agua_sin_jabon PASSED 5ms

  res://test/dominio/almacen/balde_test.gd > test_tenir_un_balde_vacio_no_hace_nada STARTED
  res://test/dominio/almacen/balde_test.gd > test_tenir_un_balde_vacio_no_hace_nada PASSED 4ms

  res://test/dominio/almacen/balde_test.gd > test_un_segundo_jabon_no_cambia_el_color STARTED
  res://test/dominio/almacen/balde_test.gd > test_un_segundo_jabon_no_cambia_el_color PASSED 5ms

  res://test/dominio/almacen/balde_test.gd > test_tenir_con_algo_que_no_es_un_jabon_no_hace_nada STARTED
  res://test/dominio/almacen/balde_test.gd > test_tenir_con_algo_que_no_es_un_jabon_no_hace_nada PASSED 4ms

  res://test/dominio/almacen/balde_test.gd > test_vaciar_un_balde_tenido_lo_deja_listo_para_otro_jabon STARTED
  res://test/dominio/almacen/balde_test.gd > test_vaciar_un_balde_tenido_lo_deja_listo_para_otro_jabon PASSED 4ms

  res://test/dominio/almacen/balde_test.gd > test_vaciar_el_agua_sin_jabon_tambien_vacia STARTED
  res://test/dominio/almacen/balde_test.gd > test_vaciar_el_agua_sin_jabon_tambien_vacia PASSED 4ms

  res://test/dominio/almacen/balde_test.gd > test_vaciar_un_balde_vacio_no_hace_nada STARTED
  res://test/dominio/almacen/balde_test.gd > test_vaciar_un_balde_vacio_no_hace_nada PASSED 5ms

  res://test/dominio/almacen/balde_test.gd > test_dos_baldes_no_comparten_el_agua STARTED
  res://test/dominio/almacen/balde_test.gd > test_dos_baldes_no_comparten_el_agua PASSED 5ms

Statistics: 11 test cases | 0 errors | 0 failures | 0 flaky | 0 skipped | 0 orphans | PASSED 76ms


Run Test Suite: res://test/dominio/almacen/casilleros_del_estante_test.gd
  res://test/dominio/almacen/casilleros_del_estante_test.gd > test_el_casillero_ocupado_se_rechaza_sin_mover_nada STARTED
  res://test/dominio/almacen/casilleros_del_estante_test.gd > test_el_casillero_ocupado_se_rechaza_sin_mover_nada PASSED 6ms

  res://test/dominio/almacen/casilleros_del_estante_test.gd > test_ocupado_y_sin_deposito_el_motivo_es_el_casillero STARTED
  res://test/dominio/almacen/casilleros_del_estante_test.gd > test_ocupado_y_sin_deposito_el_motivo_es_el_casillero PASSED 6ms

  res://test/dominio/almacen/casilleros_del_estante_test.gd > test_con_la_fila_llena_se_rechaza_por_estante_lleno_en_cualquiera STARTED
  res://test/dominio/almacen/casilleros_del_estante_test.gd > test_con_la_fila_llena_se_rechaza_por_estante_lleno_en_cualquiera PASSED 4ms

  res://test/dominio/almacen/casilleros_del_estante_test.gd > test_el_casillero_de_otro_producto_es_producto_no_aceptado STARTED
  res://test/dominio/almacen/casilleros_del_estante_test.gd > test_el_casillero_de_otro_producto_es_producto_no_aceptado PASSED 4ms

  res://test/dominio/almacen/casilleros_del_estante_test.gd > test_agarrar_el_del_medio_deja_vacio_solo_ese STARTED
  res://test/dominio/almacen/casilleros_del_estante_test.gd > test_agarrar_el_del_medio_deja_vacio_solo_ese PASSED 5ms

  res://test/dominio/almacen/casilleros_del_estante_test.gd > test_agarrar_un_casillero_vacio_no_da_nada STARTED
  res://test/dominio/almacen/casilleros_del_estante_test.gd > test_agarrar_un_casillero_vacio_no_da_nada PASSED 5ms

  res://test/dominio/almacen/casilleros_del_estante_test.gd > test_la_unidad_agarrada_se_coloca_en_cualquier_vacio_de_su_producto STARTED
  res://test/dominio/almacen/casilleros_del_estante_test.gd > test_la_unidad_agarrada_se_coloca_en_cualquier_vacio_de_su_producto PASSED 5ms

  res://test/dominio/almacen/casilleros_del_estante_test.gd > test_la_unidad_agarrada_se_cuenta_una_sola_vez STARTED
  res://test/dominio/almacen/casilleros_del_estante_test.gd > test_la_unidad_agarrada_se_cuenta_una_sola_vez PASSED 4ms

  res://test/dominio/almacen/casilleros_del_estante_test.gd > test_con_la_caja_en_ocho_la_unidad_de_la_gondola_no_entra STARTED
  res://test/dominio/almacen/casilleros_del_estante_test.gd > test_con_la_caja_en_ocho_la_unidad_de_la_gondola_no_entra PASSED 7ms

  res://test/dominio/almacen/casilleros_del_estante_test.gd > test_dos_colocaciones_seguidas_en_el_mismo_casillero_ponen_una STARTED
  res://test/dominio/almacen/casilleros_del_estante_test.gd > test_dos_colocaciones_seguidas_en_el_mismo_casillero_ponen_una PASSED 5ms

  res://test/dominio/almacen/casilleros_del_estante_test.gd > test_sin_casillero_se_coloca_en_el_primero_vacio STARTED
  res://test/dominio/almacen/casilleros_del_estante_test.gd > test_sin_casillero_se_coloca_en_el_primero_vacio PASSED 5ms

  res://test/dominio/almacen/casilleros_del_estante_test.gd > test_al_abrir_los_vacios_son_los_ultimos_de_la_fila STARTED
  res://test/dominio/almacen/casilleros_del_estante_test.gd > test_al_abrir_los_vacios_son_los_ultimos_de_la_fila PASSED 4ms

  res://test/dominio/almacen/casilleros_del_estante_test.gd > test_los_casilleros_cuentan_con_la_gondola_del_inventario STARTED
  res://test/dominio/almacen/casilleros_del_estante_test.gd > test_los_casilleros_cuentan_con_la_gondola_del_inventario PASSED 6ms

  res://test/dominio/almacen/casilleros_del_estante_test.gd > test_con_una_unidad_en_la_mano_se_colocan_sus_vacios STARTED
  res://test/dominio/almacen/casilleros_del_estante_test.gd > test_con_una_unidad_en_la_mano_se_colocan_sus_vacios PASSED 7ms

  res://test/dominio/almacen/casilleros_del_estante_test.gd > test_con_las_manos_vacias_se_agarran_los_ocupados STARTED
  res://test/dominio/almacen/casilleros_del_estante_test.gd > test_con_las_manos_vacias_se_agarran_los_ocupados PASSED 5ms

  res://test/dominio/almacen/casilleros_del_estante_test.gd > test_el_clic_sobre_un_casillero_lo_decide_la_mano STARTED
  res://test/dominio/almacen/casilleros_del_estante_test.gd > test_el_clic_sobre_un_casillero_lo_decide_la_mano PASSED 6ms

Statistics: 16 test cases | 0 errors | 0 failures | 0 flaky | 0 skipped | 0 orphans | PASSED 132ms


Run Test Suite: res://test/dominio/almacen/catalogo_test.gd
  res://test/dominio/almacen/catalogo_test.gd > test_el_catalogo_tiene_los_31_productos_en_el_orden_del_enum STARTED
  res://test/dominio/almacen/catalogo_test.gd > test_el_catalogo_tiene_los_31_productos_en_el_orden_del_enum PASSED 6ms

  res://test/dominio/almacen/catalogo_test.gd > test_los_que_entran_tienen_su_precio STARTED
  res://test/dominio/almacen/catalogo_test.gd > test_los_que_entran_tienen_su_precio PASSED 5ms

  res://test/dominio/almacen/catalogo_test.gd > test_los_que_entran_suenan_como_dice_su_ficha STARTED
  res://test/dominio/almacen/catalogo_test.gd > test_los_que_entran_suenan_como_dice_su_ficha PASSED 5ms

  res://test/dominio/almacen/catalogo_test.gd > test_la_caja_de_cada_producto_es_la_de_su_ficha STARTED
  res://test/dominio/almacen/catalogo_test.gd > test_la_caja_de_cada_producto_es_la_de_su_ficha PASSED 5ms

  res://test/dominio/almacen/catalogo_test.gd > test_hay_exactamente_una_fila_por_cada_valor_del_enum STARTED
  res://test/dominio/almacen/catalogo_test.gd > test_hay_exactamente_una_fila_por_cada_valor_del_enum PASSED 5ms

  res://test/dominio/almacen/catalogo_test.gd > test_hay_exactamente_un_producto_por_cada_valor_del_enum STARTED
  res://test/dominio/almacen/catalogo_test.gd > test_hay_exactamente_un_producto_por_cada_valor_del_enum PASSED 4ms

  res://test/dominio/almacen/catalogo_test.gd > test_el_catalogo_lista_los_productos_en_el_orden_del_enum STARTED
  res://test/dominio/almacen/catalogo_test.gd > test_el_catalogo_lista_los_productos_en_el_orden_del_enum PASSED 4ms

  res://test/dominio/almacen/catalogo_test.gd > test_cada_producto_del_catalogo_esta_completo STARTED
  res://test/dominio/almacen/catalogo_test.gd > test_cada_producto_del_catalogo_esta_completo PASSED 6ms

  res://test/dominio/almacen/catalogo_test.gd > test_dos_llamadas_al_catalogo_dan_objetos_distintos_con_el_mismo_id STARTED
  res://test/dominio/almacen/catalogo_test.gd > test_dos_llamadas_al_catalogo_dan_objetos_distintos_con_el_mismo_id PASSED 6ms

  res://test/dominio/almacen/catalogo_test.gd > test_ningun_producto_queda_sin_sonoridad STARTED
  res://test/dominio/almacen/catalogo_test.gd > test_ningun_producto_queda_sin_sonoridad PASSED 5ms

Statistics: 10 test cases | 0 errors | 0 failures | 0 flaky | 0 skipped | 0 orphans | PASSED 78ms


Run Test Suite: res://test/dominio/almacen/compradores_test.gd
  res://test/dominio/almacen/compradores_test.gd > test_la_jornada_trae_los_compradores_que_pide_el_balance STARTED
  res://test/dominio/almacen/compradores_test.gd > test_la_jornada_trae_los_compradores_que_pide_el_balance PASSED 6ms

  res://test/dominio/almacen/compradores_test.gd > test_el_padron_no_se_sortea STARTED
  res://test/dominio/almacen/compradores_test.gd > test_el_padron_no_se_sortea PASSED 6ms

  res://test/dominio/almacen/compradores_test.gd > test_el_padron_no_llama_al_azar STARTED
  res://test/dominio/almacen/compradores_test.gd > test_el_padron_no_llama_al_azar PASSED 5ms

  res://test/dominio/almacen/compradores_test.gd > test_cada_jornada_recibe_compradores_propios STARTED
  res://test/dominio/almacen/compradores_test.gd > test_cada_jornada_recibe_compradores_propios PASSED 5ms

  res://test/dominio/almacen/compradores_test.gd > test_alguien_paga_distinto_de_lo_que_marca_la_caja STARTED
  res://test/dominio/almacen/compradores_test.gd > test_alguien_paga_distinto_de_lo_que_marca_la_caja PASSED 4ms

  res://test/dominio/almacen/compradores_test.gd > test_el_padron_miente_de_los_dos_lados STARTED
  res://test/dominio/almacen/compradores_test.gd > test_el_padron_miente_de_los_dos_lados PASSED 6ms

  res://test/dominio/almacen/compradores_test.gd > test_todo_lo_que_se_pide_existe_en_el_catalogo STARTED
  res://test/dominio/almacen/compradores_test.gd > test_todo_lo_que_se_pide_existe_en_el_catalogo PASSED 4ms

Statistics: 7 test cases | 0 errors | 0 failures | 0 flaky | 0 skipped | 0 orphans | PASSED 58ms


Run Test Suite: res://test/dominio/almacen/comprador_test.gd
  res://test/dominio/almacen/comprador_test.gd > test_el_comprador_contesta_su_nombre_y_lo_que_paga STARTED
  res://test/dominio/almacen/comprador_test.gd > test_el_comprador_contesta_su_nombre_y_lo_que_paga PASSED 4ms

  res://test/dominio/almacen/comprador_test.gd > test_lo_que_paga_es_un_entero_y_no_un_flotante STARTED
  res://test/dominio/almacen/comprador_test.gd > test_lo_que_paga_es_un_entero_y_no_un_flotante PASSED 3ms

  res://test/dominio/almacen/comprador_test.gd > test_el_pedido_es_la_misma_instancia_que_recibio_y_no_una_copia STARTED
  res://test/dominio/almacen/comprador_test.gd > test_el_pedido_es_la_misma_instancia_que_recibio_y_no_una_copia PASSED 5ms

  res://test/dominio/almacen/comprador_test.gd > test_dos_compradores_no_comparten_el_pedido STARTED
  res://test/dominio/almacen/comprador_test.gd > test_dos_compradores_no_comparten_el_pedido PASSED 5ms

Statistics: 4 test cases | 0 errors | 0 failures | 0 flaky | 0 skipped | 0 orphans | PASSED 29ms


Run Test Suite: res://test/dominio/almacen/contenido_de_la_caja_test.gd
  res://test/dominio/almacen/contenido_de_la_caja_test.gd > test_la_jornada_abre_con_cada_caja_llena STARTED
  res://test/dominio/almacen/contenido_de_la_caja_test.gd > test_la_jornada_abre_con_cada_caja_llena PASSED 11ms

  res://test/dominio/almacen/contenido_de_la_caja_test.gd > test_sacar_resta_colocar_no_cambia_y_vender_resta STARTED
  res://test/dominio/almacen/contenido_de_la_caja_test.gd > test_sacar_resta_colocar_no_cambia_y_vender_resta PASSED 5ms

  res://test/dominio/almacen/contenido_de_la_caja_test.gd > test_la_caja_vacia_no_da_aunque_la_gondola_tenga_lugar STARTED
  res://test/dominio/almacen/contenido_de_la_caja_test.gd > test_la_caja_vacia_no_da_aunque_la_gondola_tenga_lugar PASSED 4ms

  res://test/dominio/almacen/contenido_de_la_caja_test.gd > test_la_caja_que_se_lleva_no_da_nada STARTED
  res://test/dominio/almacen/contenido_de_la_caja_test.gd > test_la_caja_que_se_lleva_no_da_nada PASSED 6ms

  res://test/dominio/almacen/contenido_de_la_caja_test.gd > test_el_gesto_sale_de_lo_que_lleva_la_mano STARTED
  res://test/dominio/almacen/contenido_de_la_caja_test.gd > test_el_gesto_sale_de_lo_que_lleva_la_mano PASSED 4ms

  res://test/dominio/almacen/contenido_de_la_caja_test.gd > test_sacar_devolver_y_sacar_pasa_por_siete_ocho_y_siete STARTED
  res://test/dominio/almacen/contenido_de_la_caja_test.gd > test_sacar_devolver_y_sacar_pasa_por_siete_ocho_y_siete PASSED 3ms

  res://test/dominio/almacen/contenido_de_la_caja_test.gd > test_devolver_dos_veces_la_misma_unidad_no_suma_la_segunda STARTED
  res://test/dominio/almacen/contenido_de_la_caja_test.gd > test_devolver_dos_veces_la_misma_unidad_no_suma_la_segunda PASSED 5ms

  res://test/dominio/almacen/contenido_de_la_caja_test.gd > test_la_caja_llena_no_recibe_y_la_unidad_sigue_afuera STARTED
  res://test/dominio/almacen/contenido_de_la_caja_test.gd > test_la_caja_llena_no_recibe_y_la_unidad_sigue_afuera PASSED 4ms

  res://test/dominio/almacen/contenido_de_la_caja_test.gd > test_la_caja_vacia_recibe_y_queda_en_uno STARTED
  res://test/dominio/almacen/contenido_de_la_caja_test.gd > test_la_caja_vacia_recibe_y_queda_en_uno PASSED 4ms

  res://test/dominio/almacen/contenido_de_la_caja_test.gd > test_otro_producto_o_nada_no_entra STARTED
  res://test/dominio/almacen/contenido_de_la_caja_test.gd > test_otro_producto_o_nada_no_entra PASSED 5ms

  res://test/dominio/almacen/contenido_de_la_caja_test.gd > test_el_texto_dice_cuantas_tiene_y_cuantas_entran STARTED
  res://test/dominio/almacen/contenido_de_la_caja_test.gd > test_el_texto_dice_cuantas_tiene_y_cuantas_entran PASSED 6ms

  res://test/dominio/almacen/contenido_de_la_caja_test.gd > test_la_cuenta_de_lo_que_entra_sale_de_lo_que_esta_afuera STARTED
  res://test/dominio/almacen/contenido_de_la_caja_test.gd > test_la_cuenta_de_lo_que_entra_sale_de_lo_que_esta_afuera PASSED 6ms

  res://test/dominio/almacen/contenido_de_la_caja_test.gd > test_cada_familia_del_catalogo_se_cuenta_en_su_palabra STARTED
  res://test/dominio/almacen/contenido_de_la_caja_test.gd > test_cada_familia_del_catalogo_se_cuenta_en_su_palabra PASSED 8ms

  res://test/dominio/almacen/contenido_de_la_caja_test.gd > test_cada_producto_del_catalogo_tiene_su_texto STARTED
  res://test/dominio/almacen/contenido_de_la_caja_test.gd > test_cada_producto_del_catalogo_tiene_su_texto PASSED 7ms

  res://test/dominio/almacen/contenido_de_la_caja_test.gd > test_examinar_no_cambia_el_contenido STARTED
  res://test/dominio/almacen/contenido_de_la_caja_test.gd > test_examinar_no_cambia_el_contenido PASSED 6ms

  res://test/dominio/almacen/contenido_de_la_caja_test.gd > test_el_tope_de_la_caja_no_se_escribe_otra_vez STARTED
  res://test/dominio/almacen/contenido_de_la_caja_test.gd > test_el_tope_de_la_caja_no_se_escribe_otra_vez PASSED 5ms

Statistics: 16 test cases | 0 errors | 0 failures | 0 flaky | 0 skipped | 0 orphans | PASSED 139ms


Run Test Suite: res://test/dominio/almacen/dialogos_de_compradores_test.gd
  res://test/dominio/almacen/dialogos_de_compradores_test.gd > test_el_pedido_y_los_nombres_destacados_salen_de_la_ficha STARTED
  res://test/dominio/almacen/dialogos_de_compradores_test.gd > test_el_pedido_y_los_nombres_destacados_salen_de_la_ficha PASSED 4ms

  res://test/dominio/almacen/dialogos_de_compradores_test.gd > test_rechazo_y_recordatorio_enumeran_el_pedido STARTED
  res://test/dominio/almacen/dialogos_de_compradores_test.gd > test_rechazo_y_recordatorio_enumeran_el_pedido PASSED 4ms

  res://test/dominio/almacen/dialogos_de_compradores_test.gd > test_despedida_de_tiago_conserva_sus_cuatro_entradas STARTED
  res://test/dominio/almacen/dialogos_de_compradores_test.gd > test_despedida_de_tiago_conserva_sus_cuatro_entradas PASSED 4ms

Statistics: 3 test cases | 0 errors | 0 failures | 0 flaky | 0 skipped | 0 orphans | PASSED 26ms


Run Test Suite: res://test/dominio/almacen/estante_test.gd
  res://test/dominio/almacen/estante_test.gd > test_tirar_la_unidad_de_gondola_conserva_la_caja_y_el_hueco STARTED
  res://test/dominio/almacen/estante_test.gd > test_tirar_la_unidad_de_gondola_conserva_la_caja_y_el_hueco PASSED 7ms

  res://test/dominio/almacen/estante_test.gd > test_tirar_la_unidad_de_caja_descuenta_sin_devolverla STARTED
  res://test/dominio/almacen/estante_test.gd > test_tirar_la_unidad_de_caja_descuenta_sin_devolverla PASSED 6ms

  res://test/dominio/almacen/estante_test.gd > test_lo_que_el_estante_no_acepta_se_rechaza_sin_mover_una_unidad STARTED
  res://test/dominio/almacen/estante_test.gd > test_lo_que_el_estante_no_acepta_se_rechaza_sin_mover_una_unidad PASSED 4ms

  res://test/dominio/almacen/estante_test.gd > test_con_el_estante_lleno_se_rechaza_sin_mover_una_unidad STARTED
  res://test/dominio/almacen/estante_test.gd > test_con_el_estante_lleno_se_rechaza_sin_mover_una_unidad PASSED 5ms

  res://test/dominio/almacen/estante_test.gd > test_sin_unidades_en_el_deposito_se_rechaza_sin_mover_una_unidad STARTED
  res://test/dominio/almacen/estante_test.gd > test_sin_unidades_en_el_deposito_se_rechaza_sin_mover_una_unidad PASSED 6ms

  res://test/dominio/almacen/estante_test.gd > test_con_los_tres_rechazos_a_la_vez_gana_el_primero_del_orden STARTED
  res://test/dominio/almacen/estante_test.gd > test_con_los_tres_rechazos_a_la_vez_gana_el_primero_del_orden PASSED 5ms

  res://test/dominio/almacen/estante_test.gd > test_colocar_mueve_la_unidad_en_vez_de_crearla STARTED
  res://test/dominio/almacen/estante_test.gd > test_colocar_mueve_la_unidad_en_vez_de_crearla PASSED 3ms

  res://test/dominio/almacen/estante_test.gd > test_las_unidades_en_gondola_salen_del_inventario_y_no_de_un_contador_propio STARTED
  res://test/dominio/almacen/estante_test.gd > test_las_unidades_en_gondola_salen_del_inventario_y_no_de_un_contador_propio PASSED 5ms

  res://test/dominio/almacen/estante_test.gd > test_a_mitad_del_cupo_el_estante_no_esta_completo STARTED
  res://test/dominio/almacen/estante_test.gd > test_a_mitad_del_cupo_el_estante_no_esta_completo PASSED 5ms

  res://test/dominio/almacen/estante_test.gd > test_al_llegar_al_cupo_de_todos_los_aceptados_el_estante_esta_completo STARTED
  res://test/dominio/almacen/estante_test.gd > test_al_llegar_al_cupo_de_todos_los_aceptados_el_estante_esta_completo PASSED 6ms

  res://test/dominio/almacen/estante_test.gd > test_con_menos_unidades_que_el_cupo_colocarlas_todas_no_completa STARTED
  res://test/dominio/almacen/estante_test.gd > test_con_menos_unidades_que_el_cupo_colocarlas_todas_no_completa PASSED 5ms

  res://test/dominio/almacen/estante_test.gd > test_acepta_compara_por_id_y_no_por_instancia STARTED
  res://test/dominio/almacen/estante_test.gd > test_acepta_compara_por_id_y_no_por_instancia PASSED 5ms

  res://test/dominio/almacen/estante_test.gd > test_un_producto_nulo_o_desconocido_se_rechaza_en_vez_de_reventar STARTED
  res://test/dominio/almacen/estante_test.gd > test_un_producto_nulo_o_desconocido_se_rechaza_en_vez_de_reventar PASSED 5ms

  res://test/dominio/almacen/estante_test.gd > test_el_cupo_de_cada_producto_son_los_casilleros_de_su_fila STARTED
  res://test/dominio/almacen/estante_test.gd > test_el_cupo_de_cada_producto_son_los_casilleros_de_su_fila PASSED 5ms

  res://test/dominio/almacen/estante_test.gd > test_el_estante_no_lleva_el_cupo_ni_el_stock_escritos_adentro STARTED
  res://test/dominio/almacen/estante_test.gd > test_el_estante_no_lleva_el_cupo_ni_el_stock_escritos_adentro PASSED 7ms

  res://test/dominio/almacen/estante_test.gd > test_retirar_reserva_la_unidad_sin_duplicar_el_stock STARTED
  res://test/dominio/almacen/estante_test.gd > test_retirar_reserva_la_unidad_sin_duplicar_el_stock PASSED 4ms

  res://test/dominio/almacen/estante_test.gd > test_el_estante_lleno_conserva_la_unidad_rechazada STARTED
  res://test/dominio/almacen/estante_test.gd > test_el_estante_lleno_conserva_la_unidad_rechazada PASSED 5ms

  res://test/dominio/almacen/estante_test.gd > test_con_la_fila_completa_la_caja_entrega_hasta_vaciarse STARTED
  res://test/dominio/almacen/estante_test.gd > test_con_la_fila_completa_la_caja_entrega_hasta_vaciarse PASSED 5ms

  res://test/dominio/almacen/estante_test.gd > test_devolver_anula_la_reserva_y_no_mueve_mercaderia STARTED
  res://test/dominio/almacen/estante_test.gd > test_devolver_anula_la_reserva_y_no_mueve_mercaderia PASSED 6ms

  res://test/dominio/almacen/estante_test.gd > test_las_reservadas_son_las_que_salieron_y_no_se_colocaron STARTED
  res://test/dominio/almacen/estante_test.gd > test_las_reservadas_son_las_que_salieron_y_no_se_colocaron PASSED 5ms

Statistics: 20 test cases | 0 errors | 0 failures | 0 flaky | 0 skipped | 0 orphans | PASSED 158ms


Run Test Suite: res://test/dominio/almacen/generador_de_tickets_test.gd
  res://test/dominio/almacen/generador_de_tickets_test.gd > test_se_llena_en_orden_y_repite_productos STARTED
  res://test/dominio/almacen/generador_de_tickets_test.gd > test_se_llena_en_orden_y_repite_productos PASSED 6ms

  res://test/dominio/almacen/generador_de_tickets_test.gd > test_una_caja_no_se_confunde_con_su_producto STARTED
  res://test/dominio/almacen/generador_de_tickets_test.gd > test_una_caja_no_se_confunde_con_su_producto PASSED 5ms

  res://test/dominio/almacen/generador_de_tickets_test.gd > test_sin_unidad_valida_no_se_anota_nada STARTED
  res://test/dominio/almacen/generador_de_tickets_test.gd > test_sin_unidad_valida_no_se_anota_nada PASSED 3ms

  res://test/dominio/almacen/generador_de_tickets_test.gd > test_el_rechazo_por_tipo_precede_al_programa_lleno STARTED
  res://test/dominio/almacen/generador_de_tickets_test.gd > test_el_rechazo_por_tipo_precede_al_programa_lleno PASSED 5ms

  res://test/dominio/almacen/generador_de_tickets_test.gd > test_imprimir_y_borrar_preserva_el_papel STARTED
  res://test/dominio/almacen/generador_de_tickets_test.gd > test_imprimir_y_borrar_preserva_el_papel PASSED 5ms

  res://test/dominio/almacen/generador_de_tickets_test.gd > test_los_tres_vacios_no_imprimen STARTED
  res://test/dominio/almacen/generador_de_tickets_test.gd > test_los_tres_vacios_no_imprimen PASSED 7ms

  res://test/dominio/almacen/generador_de_tickets_test.gd > test_la_lectura_de_renglones_no_permite_borrarlos STARTED
  res://test/dominio/almacen/generador_de_tickets_test.gd > test_la_lectura_de_renglones_no_permite_borrarlos PASSED 5ms

  res://test/dominio/almacen/generador_de_tickets_test.gd > test_dos_impresiones_son_dos_papeles_independientes STARTED
  res://test/dominio/almacen/generador_de_tickets_test.gd > test_dos_impresiones_son_dos_papeles_independientes PASSED 5ms

  res://test/dominio/almacen/generador_de_tickets_test.gd > test_el_modo_sale_de_la_jornada_y_no_del_estado_anterior STARTED
  res://test/dominio/almacen/generador_de_tickets_test.gd > test_el_modo_sale_de_la_jornada_y_no_del_estado_anterior PASSED 6ms

  res://test/dominio/almacen/generador_de_tickets_test.gd > test_cada_posicion_manual_elige_catalogo_y_vacio_sin_mover_otras STARTED
  res://test/dominio/almacen/generador_de_tickets_test.gd > test_cada_posicion_manual_elige_catalogo_y_vacio_sin_mover_otras PASSED 9ms

  res://test/dominio/almacen/generador_de_tickets_test.gd > test_un_indice_invalido_y_el_modo_automatico_rechazan_la_eleccion STARTED
  res://test/dominio/almacen/generador_de_tickets_test.gd > test_un_indice_invalido_y_el_modo_automatico_rechazan_la_eleccion PASSED 5ms

  res://test/dominio/almacen/generador_de_tickets_test.gd > test_solo_el_segundo_o_tercero_imprime_sin_mover_su_posicion STARTED
  res://test/dominio/almacen/generador_de_tickets_test.gd > test_solo_el_segundo_o_tercero_imprime_sin_mover_su_posicion PASSED 6ms

  res://test/dominio/almacen/generador_de_tickets_test.gd > test_sin_lector_precede_al_tipo_y_al_lleno_y_no_toca_el_programa STARTED
  res://test/dominio/almacen/generador_de_tickets_test.gd > test_sin_lector_precede_al_tipo_y_al_lleno_y_no_toca_el_programa PASSED 4ms

Statistics: 13 test cases | 0 errors | 0 failures | 0 flaky | 0 skipped | 0 orphans | PASSED 109ms


Run Test Suite: res://test/dominio/almacen/inventario_test.gd
  res://test/dominio/almacen/inventario_test.gd > test_un_inventario_recien_construido_no_tiene_nada_en_ningun_lado STARTED
  res://test/dominio/almacen/inventario_test.gd > test_un_inventario_recien_construido_no_tiene_nada_en_ningun_lado PASSED 5ms

  res://test/dominio/almacen/inventario_test.gd > test_el_mismo_producto_repetido_en_la_construccion_entra_una_sola_vez STARTED
  res://test/dominio/almacen/inventario_test.gd > test_el_mismo_producto_repetido_en_la_construccion_entra_una_sola_vez PASSED 4ms

  res://test/dominio/almacen/inventario_test.gd > test_ingresar_al_deposito_no_toca_la_gondola STARTED
  res://test/dominio/almacen/inventario_test.gd > test_ingresar_al_deposito_no_toca_la_gondola PASSED 5ms

  res://test/dominio/almacen/inventario_test.gd > test_ingresar_una_cantidad_negativa_no_deja_la_gondola_bajo_cero STARTED
  res://test/dominio/almacen/inventario_test.gd > test_ingresar_una_cantidad_negativa_no_deja_la_gondola_bajo_cero PASSED 5ms

  res://test/dominio/almacen/inventario_test.gd > test_mover_una_unidad_la_saca_del_deposito_y_la_pone_en_la_gondola STARTED
  res://test/dominio/almacen/inventario_test.gd > test_mover_una_unidad_la_saca_del_deposito_y_la_pone_en_la_gondola PASSED 6ms

  res://test/dominio/almacen/inventario_test.gd > test_pedir_mas_de_lo_que_hay_mueve_lo_que_hay_y_nunca_deja_un_negativo STARTED
  res://test/dominio/almacen/inventario_test.gd > test_pedir_mas_de_lo_que_hay_mueve_lo_que_hay_y_nunca_deja_un_negativo PASSED 5ms

  res://test/dominio/almacen/inventario_test.gd > test_mover_desde_un_deposito_vacio_no_mueve_nada_y_no_cambia_nada STARTED
  res://test/dominio/almacen/inventario_test.gd > test_mover_desde_un_deposito_vacio_no_mueve_nada_y_no_cambia_nada PASSED 4ms

  res://test/dominio/almacen/inventario_test.gd > test_consultar_con_otra_instancia_del_mismo_producto_encuentra_lo_guardado STARTED
  res://test/dominio/almacen/inventario_test.gd > test_consultar_con_otra_instancia_del_mismo_producto_encuentra_lo_guardado PASSED 4ms

  res://test/dominio/almacen/inventario_test.gd > test_el_inventario_solo_conoce_los_productos_que_recibio STARTED
  res://test/dominio/almacen/inventario_test.gd > test_el_inventario_solo_conoce_los_productos_que_recibio PASSED 5ms

  res://test/dominio/almacen/inventario_test.gd > test_con_un_casillero_vacio_falta_aunque_la_gondola_tenga_algo STARTED
  res://test/dominio/almacen/inventario_test.gd > test_con_un_casillero_vacio_falta_aunque_la_gondola_tenga_algo PASSED 5ms

  res://test/dominio/almacen/inventario_test.gd > test_con_la_fila_completa_no_falta STARTED
  res://test/dominio/almacen/inventario_test.gd > test_con_la_fila_completa_no_falta PASSED 7ms

  res://test/dominio/almacen/inventario_test.gd > test_el_deposito_lleno_no_salva_a_la_gondola_vacia STARTED
  res://test/dominio/almacen/inventario_test.gd > test_el_deposito_lleno_no_salva_a_la_gondola_vacia PASSED 6ms

  res://test/dominio/almacen/inventario_test.gd > test_sin_casilleros_la_gondola_no_pide_nada STARTED
  res://test/dominio/almacen/inventario_test.gd > test_sin_casilleros_la_gondola_no_pide_nada PASSED 4ms

  res://test/dominio/almacen/inventario_test.gd > test_una_fila_negativa_es_una_fila_sin_casilleros STARTED
  res://test/dominio/almacen/inventario_test.gd > test_una_fila_negativa_es_una_fila_sin_casilleros PASSED 5ms

  res://test/dominio/almacen/inventario_test.gd > test_faltantes_devuelve_los_que_faltan_y_solo_esos_en_el_orden_de_construccion STARTED
  res://test/dominio/almacen/inventario_test.gd > test_faltantes_devuelve_los_que_faltan_y_solo_esos_en_el_orden_de_construccion PASSED 4ms

  res://test/dominio/almacen/inventario_test.gd > test_los_vendibles_descuentan_el_mayor_entre_vacios_y_afuera STARTED
  res://test/dominio/almacen/inventario_test.gd > test_los_vendibles_descuentan_el_mayor_entre_vacios_y_afuera PASSED 6ms

  res://test/dominio/almacen/inventario_test.gd > test_lo_de_afuera_se_anota_una_vez_y_no_sale_del_deposito STARTED
  res://test/dominio/almacen/inventario_test.gd > test_lo_de_afuera_se_anota_una_vez_y_no_sale_del_deposito PASSED 5ms

  res://test/dominio/almacen/inventario_test.gd > test_un_producto_que_el_inventario_no_conoce_no_tiene_vendibles STARTED
  res://test/dominio/almacen/inventario_test.gd > test_un_producto_que_el_inventario_no_conoce_no_tiene_vendibles PASSED 5ms

  res://test/dominio/almacen/inventario_test.gd > test_la_venta_sale_del_deposito_y_no_toca_la_gondola STARTED
  res://test/dominio/almacen/inventario_test.gd > test_la_venta_sale_del_deposito_y_no_toca_la_gondola PASSED 4ms

  res://test/dominio/almacen/inventario_test.gd > test_un_cobro_que_supera_los_vendibles_no_mueve_una_sola_unidad STARTED
  res://test/dominio/almacen/inventario_test.gd > test_un_cobro_que_supera_los_vendibles_no_mueve_una_sola_unidad PASSED 5ms

  res://test/dominio/almacen/inventario_test.gd > test_cobrar_un_producto_que_el_inventario_no_conoce_no_vende_ni_toca_nada STARTED
  res://test/dominio/almacen/inventario_test.gd > test_cobrar_un_producto_que_el_inventario_no_conoce_no_vende_ni_toca_nada PASSED 5ms

Statistics: 21 test cases | 0 errors | 0 failures | 0 flaky | 0 skipped | 0 orphans | PASSED 160ms


Run Test Suite: res://test/dominio/almacen/mancha_test.gd
  res://test/dominio/almacen/mancha_test.gd > test_una_mancha_nueva_esta_sucia_y_se_ve_de_su_tipo STARTED
  res://test/dominio/almacen/mancha_test.gd > test_una_mancha_nueva_esta_sucia_y_se_ve_de_su_tipo PASSED 6ms

  res://test/dominio/almacen/mancha_test.gd > test_la_mopa_que_no_sirve_contesta_por_que_y_no_borra STARTED
  res://test/dominio/almacen/mancha_test.gd > test_la_mopa_que_no_sirve_contesta_por_que_y_no_borra PASSED 5ms

  res://test/dominio/almacen/mancha_test.gd > test_el_jabon_que_corresponde_borra_y_la_mopa_sigue_mojada STARTED
  res://test/dominio/almacen/mancha_test.gd > test_el_jabon_que_corresponde_borra_y_la_mopa_sigue_mojada PASSED 4ms

  res://test/dominio/almacen/mancha_test.gd > test_una_mancha_borrada_contesta_ya_limpia_antes_que_mirar_la_mopa STARTED
  res://test/dominio/almacen/mancha_test.gd > test_una_mancha_borrada_contesta_ya_limpia_antes_que_mirar_la_mopa PASSED 4ms

  res://test/dominio/almacen/mancha_test.gd > test_de_los_nueve_pares_de_mancha_y_jabon_se_borran_tres STARTED
  res://test/dominio/almacen/mancha_test.gd > test_de_los_nueve_pares_de_mancha_y_jabon_se_borran_tres PASSED 4ms

  res://test/dominio/almacen/mancha_test.gd > test_dos_manchas_no_comparten_el_estado STARTED
  res://test/dominio/almacen/mancha_test.gd > test_dos_manchas_no_comparten_el_estado PASSED 4ms

Statistics: 6 test cases | 0 errors | 0 failures | 0 flaky | 0 skipped | 0 orphans | PASSED 47ms


Run Test Suite: res://test/dominio/almacen/manos_test.gd
  res://test/dominio/almacen/manos_test.gd > test_las_manos_vacias_no_sostienen_nada STARTED
  res://test/dominio/almacen/manos_test.gd > test_las_manos_vacias_no_sostienen_nada PASSED 6ms

  res://test/dominio/almacen/manos_test.gd > test_agarrar_algo_levantable_lo_deja_en_la_mano STARTED
  res://test/dominio/almacen/manos_test.gd > test_agarrar_algo_levantable_lo_deja_en_la_mano PASSED 6ms

  res://test/dominio/almacen/manos_test.gd > test_con_las_manos_llenas_el_motivo_es_que_estan_llenas STARTED
  res://test/dominio/almacen/manos_test.gd > test_con_las_manos_llenas_el_motivo_es_que_estan_llenas PASSED 6ms

  res://test/dominio/almacen/manos_test.gd > test_lo_fijo_se_rechaza_por_no_ser_levantable STARTED
  res://test/dominio/almacen/manos_test.gd > test_lo_fijo_se_rechaza_por_no_ser_levantable PASSED 5ms

  res://test/dominio/almacen/manos_test.gd > test_lo_llenas_no_tapa_a_lo_que_no_se_levanta STARTED
  res://test/dominio/almacen/manos_test.gd > test_lo_llenas_no_tapa_a_lo_que_no_se_levanta PASSED 4ms

  res://test/dominio/almacen/manos_test.gd > test_nada_no_se_puede_agarrar STARTED
  res://test/dominio/almacen/manos_test.gd > test_nada_no_se_puede_agarrar PASSED 7ms

  res://test/dominio/almacen/manos_test.gd > test_soltar_devuelve_lo_que_habia_y_deja_las_manos_vacias STARTED
  res://test/dominio/almacen/manos_test.gd > test_soltar_devuelve_lo_que_habia_y_deja_las_manos_vacias PASSED 6ms

  res://test/dominio/almacen/manos_test.gd > test_soltar_con_las_manos_vacias_devuelve_nada STARTED
  res://test/dominio/almacen/manos_test.gd > test_soltar_con_las_manos_vacias_devuelve_nada PASSED 4ms

  res://test/dominio/almacen/manos_test.gd > test_vaciar_se_puede_repetir STARTED
  res://test/dominio/almacen/manos_test.gd > test_vaciar_se_puede_repetir PASSED 6ms

Statistics: 9 test cases | 0 errors | 0 failures | 0 flaky | 0 skipped | 0 orphans | PASSED 69ms


Run Test Suite: res://test/dominio/almacen/mopa_test.gd
  res://test/dominio/almacen/mopa_test.gd > test_una_mopa_nueva_esta_seca STARTED
  res://test/dominio/almacen/mopa_test.gd > test_una_mopa_nueva_esta_seca PASSED 6ms

  res://test/dominio/almacen/mopa_test.gd > test_mojada_en_agua_sin_jabon_queda_mojada_de_agua STARTED
  res://test/dominio/almacen/mopa_test.gd > test_mojada_en_agua_sin_jabon_queda_mojada_de_agua PASSED 4ms

  res://test/dominio/almacen/mopa_test.gd > test_se_moja_de_lo_que_tiene_el_balde_aunque_estuviera_de_otro STARTED
  res://test/dominio/almacen/mopa_test.gd > test_se_moja_de_lo_que_tiene_el_balde_aunque_estuviera_de_otro PASSED 5ms

  res://test/dominio/almacen/mopa_test.gd > test_mojar_no_gasta_el_agua_del_balde STARTED
  res://test/dominio/almacen/mopa_test.gd > test_mojar_no_gasta_el_agua_del_balde PASSED 7ms

  res://test/dominio/almacen/mopa_test.gd > test_en_un_balde_vacio_no_se_moja STARTED
  res://test/dominio/almacen/mopa_test.gd > test_en_un_balde_vacio_no_se_moja PASSED 5ms

  res://test/dominio/almacen/mopa_test.gd > test_el_producto_se_agota_aunque_la_mopa_quede_apoyada STARTED
  res://test/dominio/almacen/mopa_test.gd > test_el_producto_se_agota_aunque_la_mopa_quede_apoyada PASSED 6ms

  res://test/dominio/almacen/mopa_test.gd > test_caminar_agota_antes_la_carga_y_remojar_la_recupera STARTED
  res://test/dominio/almacen/mopa_test.gd > test_caminar_agota_antes_la_carga_y_remojar_la_recupera PASSED 4ms

  res://test/dominio/almacen/mopa_test.gd > test_el_desgaste_es_independiente_de_los_cuadros_y_no_recarga STARTED
  res://test/dominio/almacen/mopa_test.gd > test_el_desgaste_es_independiente_de_los_cuadros_y_no_recarga PASSED 4ms

  res://test/dominio/almacen/mopa_test.gd > test_caminar_agota_antes_sin_acortar_el_tiempo_en_reposo STARTED
  res://test/dominio/almacen/mopa_test.gd > test_caminar_agota_antes_sin_acortar_el_tiempo_en_reposo PASSED 5ms

Statistics: 9 test cases | 0 errors | 0 failures | 0 flaky | 0 skipped | 0 orphans | PASSED 73ms


Run Test Suite: res://test/dominio/almacen/nota_pegada_test.gd
  res://test/dominio/almacen/nota_pegada_test.gd > test_las_obligatorias_se_presentan_en_el_orden_de_la_ficha STARTED
  res://test/dominio/almacen/nota_pegada_test.gd > test_las_obligatorias_se_presentan_en_el_orden_de_la_ficha PASSED 5ms

  res://test/dominio/almacen/nota_pegada_test.gd > test_dos_obligatorias_dan_dos_renglones_en_su_orden STARTED
  res://test/dominio/almacen/nota_pegada_test.gd > test_dos_obligatorias_dan_dos_renglones_en_su_orden PASSED 5ms

  res://test/dominio/almacen/nota_pegada_test.gd > test_sin_obligatorias_hay_titulo_y_ningun_renglon STARTED
  res://test/dominio/almacen/nota_pegada_test.gd > test_sin_obligatorias_hay_titulo_y_ningun_renglon PASSED 4ms

  res://test/dominio/almacen/nota_pegada_test.gd > test_cada_tipo_de_tarea_declarado_tiene_nombre STARTED
  res://test/dominio/almacen/nota_pegada_test.gd > test_cada_tipo_de_tarea_declarado_tiene_nombre PASSED 5ms

  res://test/dominio/almacen/nota_pegada_test.gd > test_mantener_ordenado_dice_las_tres_indicaciones_de_la_ficha STARTED
  res://test/dominio/almacen/nota_pegada_test.gd > test_mantener_ordenado_dice_las_tres_indicaciones_de_la_ficha PASSED 6ms

  res://test/dominio/almacen/nota_pegada_test.gd > test_las_hojas_del_bano_no_generan_una_transcripcion STARTED
  res://test/dominio/almacen/nota_pegada_test.gd > test_las_hojas_del_bano_no_generan_una_transcripcion PASSED 5ms

  res://test/dominio/almacen/nota_pegada_test.gd > test_cambiar_la_lectura_no_cambia_el_dato_compartido STARTED
  res://test/dominio/almacen/nota_pegada_test.gd > test_cambiar_la_lectura_no_cambia_el_dato_compartido PASSED 5ms

Statistics: 7 test cases | 0 errors | 0 failures | 0 flaky | 0 skipped | 0 orphans | PASSED 56ms


Run Test Suite: res://test/dominio/almacen/objeto_del_almacen_test.gd
  res://test/dominio/almacen/objeto_del_almacen_test.gd > test_la_caja_no_entra_y_los_otros_levantables_si STARTED
  res://test/dominio/almacen/objeto_del_almacen_test.gd > test_la_caja_no_entra_y_los_otros_levantables_si PASSED 9ms

  res://test/dominio/almacen/objeto_del_almacen_test.gd > test_un_objeto_sin_revelacion_muestra_lo_mismo_examinado_que_sin_examinar STARTED
  res://test/dominio/almacen/objeto_del_almacen_test.gd > test_un_objeto_sin_revelacion_muestra_lo_mismo_examinado_que_sin_examinar PASSED 6ms

  res://test/dominio/almacen/objeto_del_almacen_test.gd > test_lo_fijo_no_se_levanta_y_lo_demas_si STARTED
  res://test/dominio/almacen/objeto_del_almacen_test.gd > test_lo_fijo_no_se_levanta_y_lo_demas_si PASSED 6ms

  res://test/dominio/almacen/objeto_del_almacen_test.gd > test_los_objetos_del_almacen_cargan_y_todos_tienen_algo_que_revelar STARTED
  res://test/dominio/almacen/objeto_del_almacen_test.gd > test_los_objetos_del_almacen_cargan_y_todos_tienen_algo_que_revelar PASSED 10ms

  res://test/dominio/almacen/objeto_del_almacen_test.gd > test_la_revelacion_solo_se_ve_despues_de_examinar STARTED
  res://test/dominio/almacen/objeto_del_almacen_test.gd > test_la_revelacion_solo_se_ve_despues_de_examinar PASSED 9ms

  res://test/dominio/almacen/objeto_del_almacen_test.gd > test_cada_objeto_del_almacen_declara_su_sonoridad STARTED
  res://test/dominio/almacen/objeto_del_almacen_test.gd > test_cada_objeto_del_almacen_declara_su_sonoridad PASSED 8ms

  res://test/dominio/almacen/objeto_del_almacen_test.gd > test_solo_la_caja_del_deposito_admite_otro_objeto_encima STARTED
  res://test/dominio/almacen/objeto_del_almacen_test.gd > test_solo_la_caja_del_deposito_admite_otro_objeto_encima PASSED 9ms

  res://test/dominio/almacen/objeto_del_almacen_test.gd > test_solo_el_balde_se_apoya_derecho STARTED
  res://test/dominio/almacen/objeto_del_almacen_test.gd > test_solo_el_balde_se_apoya_derecho PASSED 10ms

  res://test/dominio/almacen/objeto_del_almacen_test.gd > test_solo_la_mopa_es_larga STARTED
  res://test/dominio/almacen/objeto_del_almacen_test.gd > test_solo_la_mopa_es_larga PASSED 9ms

Statistics: 9 test cases | 0 errors | 0 failures | 0 flaky | 0 skipped | 0 orphans | PASSED 102ms


Run Test Suite: res://test/dominio/almacen/piso_del_local_test.gd
  res://test/dominio/almacen/piso_del_local_test.gd > test_la_jornada_trae_dos_de_polvo_una_de_moho_y_una_de_caca STARTED
  res://test/dominio/almacen/piso_del_local_test.gd > test_la_jornada_trae_dos_de_polvo_una_de_moho_y_una_de_caca PASSED 6ms

  res://test/dominio/almacen/piso_del_local_test.gd > test_cada_lugar_lleva_la_mancha_de_la_ficha STARTED
  res://test/dominio/almacen/piso_del_local_test.gd > test_cada_lugar_lleva_la_mancha_de_la_ficha PASSED 6ms

  res://test/dominio/almacen/piso_del_local_test.gd > test_cada_jornada_arranca_sucia_con_el_balde_vacio_y_la_mopa_seca STARTED
  res://test/dominio/almacen/piso_del_local_test.gd > test_cada_jornada_arranca_sucia_con_el_balde_vacio_y_la_mopa_seca PASSED 7ms

  res://test/dominio/almacen/piso_del_local_test.gd > test_el_piso_queda_limpio_recien_con_la_ultima_mancha STARTED
  res://test/dominio/almacen/piso_del_local_test.gd > test_el_piso_queda_limpio_recien_con_la_ultima_mancha PASSED 6ms

  res://test/dominio/almacen/piso_del_local_test.gd > test_cambiar_de_jabon_es_vaciar_el_balde_y_volver_a_llenarlo STARTED
  res://test/dominio/almacen/piso_del_local_test.gd > test_cambiar_de_jabon_es_vaciar_el_balde_y_volver_a_llenarlo PASSED 5ms

  res://test/dominio/almacen/piso_del_local_test.gd > test_con_una_mojada_de_amarillo_se_borran_las_dos_de_polvo STARTED
  res://test/dominio/almacen/piso_del_local_test.gd > test_con_una_mojada_de_amarillo_se_borran_las_dos_de_polvo PASSED 6ms

  res://test/dominio/almacen/piso_del_local_test.gd > test_lo_que_no_es_un_gesto_de_limpiar_no_hace_nada STARTED
  res://test/dominio/almacen/piso_del_local_test.gd > test_lo_que_no_es_un_gesto_de_limpiar_no_hace_nada PASSED 4ms

  res://test/dominio/almacen/piso_del_local_test.gd > test_los_gestos_al_reves_o_cruzados_no_hacen_nada STARTED
  res://test/dominio/almacen/piso_del_local_test.gd > test_los_gestos_al_reves_o_cruzados_no_hacen_nada PASSED 5ms

  res://test/dominio/almacen/piso_del_local_test.gd > test_el_uso_necesita_un_efecto_declarado STARTED
  res://test/dominio/almacen/piso_del_local_test.gd > test_el_uso_necesita_un_efecto_declarado PASSED 5ms

  res://test/dominio/almacen/piso_del_local_test.gd > test_la_mezcla_espera_mientras_se_hace_otra_cosa STARTED
  res://test/dominio/almacen/piso_del_local_test.gd > test_la_mezcla_espera_mientras_se_hace_otra_cosa PASSED 4ms

  res://test/dominio/almacen/piso_del_local_test.gd > test_un_lugar_sin_mancha_no_se_borra STARTED
  res://test/dominio/almacen/piso_del_local_test.gd > test_un_lugar_sin_mancha_no_se_borra PASSED 5ms

  res://test/dominio/almacen/piso_del_local_test.gd > test_enjuagar_en_inodoro_quita_jabon_recarga_y_preserva_el_local STARTED
  res://test/dominio/almacen/piso_del_local_test.gd > test_enjuagar_en_inodoro_quita_jabon_recarga_y_preserva_el_local PASSED 4ms

  res://test/dominio/almacen/piso_del_local_test.gd > test_enjuagar_mopa_seca_en_inodoro_equivale_a_balde_limpio STARTED
  res://test/dominio/almacen/piso_del_local_test.gd > test_enjuagar_mopa_seca_en_inodoro_equivale_a_balde_limpio PASSED 5ms

  res://test/dominio/almacen/piso_del_local_test.gd > test_agua_limpia_deja_charco_sin_cambiar_carga_balde_ni_manchas STARTED
  res://test/dominio/almacen/piso_del_local_test.gd > test_agua_limpia_deja_charco_sin_cambiar_carga_balde_ni_manchas PASSED 6ms

  res://test/dominio/almacen/piso_del_local_test.gd > test_seca_y_cada_jabon_rechazan_charcos_sin_gastar_carga STARTED
  res://test/dominio/almacen/piso_del_local_test.gd > test_seca_y_cada_jabon_rechazan_charcos_sin_gastar_carga PASSED 4ms

  res://test/dominio/almacen/piso_del_local_test.gd > test_superficie_deshabilitada_no_gasta_carga_aunque_mancha_este_limpia STARTED
  res://test/dominio/almacen/piso_del_local_test.gd > test_superficie_deshabilitada_no_gasta_carga_aunque_mancha_este_limpia PASSED 6ms

  res://test/dominio/almacen/piso_del_local_test.gd > test_agua_sola_sobre_mancha_sigue_sin_jabon STARTED
  res://test/dominio/almacen/piso_del_local_test.gd > test_agua_sola_sobre_mancha_sigue_sin_jabon PASSED 3ms

  res://test/dominio/almacen/piso_del_local_test.gd > test_charco_necesita_mopa_en_mano_y_gesto_declarado STARTED
  res://test/dominio/almacen/piso_del_local_test.gd > test_charco_necesita_mopa_en_mano_y_gesto_declarado PASSED 4ms

  res://test/dominio/almacen/piso_del_local_test.gd > test_carga_agotada_no_deja_charco_hasta_enjuagar STARTED
  res://test/dominio/almacen/piso_del_local_test.gd > test_carga_agotada_no_deja_charco_hasta_enjuagar PASSED 4ms

  res://test/dominio/almacen/piso_del_local_test.gd > test_los_metros_solo_gastan_la_mopa_que_se_lleva_en_la_mano STARTED
  res://test/dominio/almacen/piso_del_local_test.gd > test_los_metros_solo_gastan_la_mopa_que_se_lleva_en_la_mano PASSED 4ms

Statistics: 20 test cases | 0 errors | 0 failures | 0 flaky | 0 skipped | 0 orphans | PASSED 155ms


Run Test Suite: res://test/dominio/almacen/producto_test.gd
  res://test/dominio/almacen/producto_test.gd > test_un_producto_recuerda_los_tres_valores_con_los_que_se_construyo STARTED
  res://test/dominio/almacen/producto_test.gd > test_un_producto_recuerda_los_tres_valores_con_los_que_se_construyo PASSED 6ms

Statistics: 1 test cases | 0 errors | 0 failures | 0 flaky | 0 skipped | 0 orphans | PASSED 13ms


Run Test Suite: res://test/dominio/almacen/puerta_test.gd
  res://test/dominio/almacen/puerta_test.gd > test_una_puerta_nueva_arranca_cerrada_y_sin_giro STARTED
  res://test/dominio/almacen/puerta_test.gd > test_una_puerta_nueva_arranca_cerrada_y_sin_giro PASSED 6ms

  res://test/dominio/almacen/puerta_test.gd > test_alternar_abre_y_la_segunda_llamada_cierra STARTED
  res://test/dominio/almacen/puerta_test.gd > test_alternar_abre_y_la_segunda_llamada_cierra PASSED 4ms

  res://test/dominio/almacen/puerta_test.gd > test_el_giro_no_se_pasa_de_ninguno_de_los_dos_topes STARTED
  res://test/dominio/almacen/puerta_test.gd > test_el_giro_no_se_pasa_de_ninguno_de_los_dos_topes PASSED 5ms

  res://test/dominio/almacen/puerta_test.gd > test_el_giro_tarda_y_no_salta_al_tope STARTED
  res://test/dominio/almacen/puerta_test.gd > test_el_giro_tarda_y_no_salta_al_tope PASSED 6ms

  res://test/dominio/almacen/puerta_test.gd > test_dos_puertas_no_comparten_el_estado STARTED
  res://test/dominio/almacen/puerta_test.gd > test_dos_puertas_no_comparten_el_estado PASSED 6ms

  res://test/dominio/almacen/puerta_test.gd > test_cerrar_de_golpe_deja_la_puerta_cerrada_y_sin_giro_sin_avanzar STARTED
  res://test/dominio/almacen/puerta_test.gd > test_cerrar_de_golpe_deja_la_puerta_cerrada_y_sin_giro_sin_avanzar PASSED 4ms

  res://test/dominio/almacen/puerta_test.gd > test_cerrar_de_golpe_una_puerta_cerrada_no_cambia_nada STARTED
  res://test/dominio/almacen/puerta_test.gd > test_cerrar_de_golpe_una_puerta_cerrada_no_cambia_nada PASSED 5ms

  res://test/dominio/almacen/puerta_test.gd > test_despues_de_cerrar_de_golpe_se_porta_como_nueva STARTED
  res://test/dominio/almacen/puerta_test.gd > test_despues_de_cerrar_de_golpe_se_porta_como_nueva PASSED 6ms

  res://test/dominio/almacen/puerta_test.gd > test_una_puerta_nueva_esta_quieta STARTED
  res://test/dominio/almacen/puerta_test.gd > test_una_puerta_nueva_esta_quieta PASSED 4ms

  res://test/dominio/almacen/puerta_test.gd > test_girando_no_esta_quieta_y_en_el_tope_si STARTED
  res://test/dominio/almacen/puerta_test.gd > test_girando_no_esta_quieta_y_en_el_tope_si PASSED 5ms

  res://test/dominio/almacen/puerta_test.gd > test_cerrar_de_golpe_a_medio_giro_la_deja_quieta STARTED
  res://test/dominio/almacen/puerta_test.gd > test_cerrar_de_golpe_a_medio_giro_la_deja_quieta PASSED 6ms

  res://test/dominio/almacen/puerta_test.gd > test_la_trabada_no_se_abre_por_mas_que_se_la_toque STARTED
  res://test/dominio/almacen/puerta_test.gd > test_la_trabada_no_se_abre_por_mas_que_se_la_toque PASSED 6ms

  res://test/dominio/almacen/puerta_test.gd > test_la_que_no_esta_trabada_alterna_y_lo_contesta STARTED
  res://test/dominio/almacen/puerta_test.gd > test_la_que_no_esta_trabada_alterna_y_lo_contesta PASSED 5ms

Statistics: 13 test cases | 0 errors | 0 failures | 0 flaky | 0 skipped | 0 orphans | PASSED 100ms


Run Test Suite: res://test/dominio/almacen/recepcion_de_compra_test.gd
  res://test/dominio/almacen/recepcion_de_compra_test.gd > test_atencion_habla_antes_de_recibir_y_solo_vende_el_pedido_completo STARTED
  res://test/dominio/almacen/recepcion_de_compra_test.gd > test_atencion_habla_antes_de_recibir_y_solo_vende_el_pedido_completo PASSED 7ms

  res://test/dominio/almacen/recepcion_de_compra_test.gd > test_vencer_cierra_incluso_la_conversacion_inicial STARTED
  res://test/dominio/almacen/recepcion_de_compra_test.gd > test_vencer_cierra_incluso_la_conversacion_inicial PASSED 5ms

  res://test/dominio/almacen/recepcion_de_compra_test.gd > test_vencer_retira_la_entrega_parcial_del_inventario STARTED
  res://test/dominio/almacen/recepcion_de_compra_test.gd > test_vencer_retira_la_entrega_parcial_del_inventario PASSED 5ms

  res://test/dominio/almacen/recepcion_de_compra_test.gd > test_un_clic_termina_el_recordatorio_y_otro_entrega STARTED
  res://test/dominio/almacen/recepcion_de_compra_test.gd > test_un_clic_termina_el_recordatorio_y_otro_entrega PASSED 5ms

  res://test/dominio/almacen/recepcion_de_compra_test.gd > test_el_rechazo_se_cierra_con_el_objeto_en_mano_y_deja_salir STARTED
  res://test/dominio/almacen/recepcion_de_compra_test.gd > test_el_rechazo_se_cierra_con_el_objeto_en_mano_y_deja_salir PASSED 6ms

  res://test/dominio/almacen/recepcion_de_compra_test.gd > test_antes_de_hablar_no_recibe_ni_rechaza STARTED
  res://test/dominio/almacen/recepcion_de_compra_test.gd > test_antes_de_hablar_no_recibe_ni_rechaza PASSED 5ms

  res://test/dominio/almacen/recepcion_de_compra_test.gd > test_recibe_identidades_distintas_y_rechaza_sobrantes STARTED
  res://test/dominio/almacen/recepcion_de_compra_test.gd > test_recibe_identidades_distintas_y_rechaza_sobrantes PASSED 6ms

  res://test/dominio/almacen/recepcion_de_compra_test.gd > test_el_ticket_compara_cantidades_sin_orden STARTED
  res://test/dominio/almacen/recepcion_de_compra_test.gd > test_el_ticket_compara_cantidades_sin_orden PASSED 7ms

  res://test/dominio/almacen/recepcion_de_compra_test.gd > test_solo_productos_no_completan_y_el_ultimo_elemento_completa STARTED
  res://test/dominio/almacen/recepcion_de_compra_test.gd > test_solo_productos_no_completan_y_el_ultimo_elemento_completa PASSED 5ms

Statistics: 9 test cases | 0 errors | 0 failures | 0 flaky | 0 skipped | 0 orphans | PASSED 82ms


Run Test Suite: res://test/dominio/almacen/recepcion_en_el_inventario_test.gd
  res://test/dominio/almacen/recepcion_en_el_inventario_test.gd > test_vender_la_unidad_retirada_conserva_la_caja STARTED
  res://test/dominio/almacen/recepcion_en_el_inventario_test.gd > test_vender_la_unidad_retirada_conserva_la_caja PASSED 5ms

  res://test/dominio/almacen/recepcion_en_el_inventario_test.gd > test_la_gondola_vendida_sigue_vacia_hasta_reponer STARTED
  res://test/dominio/almacen/recepcion_en_el_inventario_test.gd > test_la_gondola_vendida_sigue_vacia_hasta_reponer PASSED 7ms

  res://test/dominio/almacen/recepcion_en_el_inventario_test.gd > test_un_lote_invalido_no_retira_ninguna_identidad STARTED
  res://test/dominio/almacen/recepcion_en_el_inventario_test.gd > test_un_lote_invalido_no_retira_ninguna_identidad PASSED 7ms

Statistics: 3 test cases | 0 errors | 0 failures | 0 flaky | 0 skipped | 0 orphans | PASSED 33ms


Run Test Suite: res://test/dominio/almacen/registro_de_ventas_test.gd
  res://test/dominio/almacen/registro_de_ventas_test.gd > test_el_cero_sin_ventas_se_evalua_al_cerrar_y_no_al_arrancar STARTED
  res://test/dominio/almacen/registro_de_ventas_test.gd > test_el_cero_sin_ventas_se_evalua_al_cerrar_y_no_al_arrancar PASSED 7ms

  res://test/dominio/almacen/registro_de_ventas_test.gd > test_la_planilla_tiene_una_fila_por_producto_en_orden_y_en_cero STARTED
  res://test/dominio/almacen/registro_de_ventas_test.gd > test_la_planilla_tiene_una_fila_por_producto_en_orden_y_en_cero PASSED 9ms

  res://test/dominio/almacen/registro_de_ventas_test.gd > test_un_producto_nulo_o_repetido_no_suma_una_fila STARTED
  res://test/dominio/almacen/registro_de_ventas_test.gd > test_un_producto_nulo_o_repetido_no_suma_una_fila PASSED 8ms

  res://test/dominio/almacen/registro_de_ventas_test.gd > test_los_productos_salen_como_copia STARTED
  res://test/dominio/almacen/registro_de_ventas_test.gd > test_los_productos_salen_como_copia PASSED 4ms

  res://test/dominio/almacen/registro_de_ventas_test.gd > test_mas_y_menos_mueven_una_sola_fila STARTED
  res://test/dominio/almacen/registro_de_ventas_test.gd > test_mas_y_menos_mueven_una_sola_fila PASSED 6ms

  res://test/dominio/almacen/registro_de_ventas_test.gd > test_menos_con_la_fila_en_cero_se_rechaza STARTED
  res://test/dominio/almacen/registro_de_ventas_test.gd > test_menos_con_la_fila_en_cero_se_rechaza PASSED 6ms

  res://test/dominio/almacen/registro_de_ventas_test.gd > test_mas_con_la_fila_en_el_tope_se_rechaza STARTED
  res://test/dominio/almacen/registro_de_ventas_test.gd > test_mas_con_la_fila_en_el_tope_se_rechaza PASSED 7ms

  res://test/dominio/almacen/registro_de_ventas_test.gd > test_un_producto_ajeno_o_nulo_se_rechaza_sin_tocar_ninguna_fila STARTED
  res://test/dominio/almacen/registro_de_ventas_test.gd > test_un_producto_ajeno_o_nulo_se_rechaza_sin_tocar_ninguna_fila PASSED 7ms

  res://test/dominio/almacen/registro_de_ventas_test.gd > test_el_total_sigue_a_cada_gesto STARTED
  res://test/dominio/almacen/registro_de_ventas_test.gd > test_el_total_sigue_a_cada_gesto PASSED 7ms

  res://test/dominio/almacen/registro_de_ventas_test.gd > test_el_mismo_total_con_otro_producto_no_coincide STARTED
  res://test/dominio/almacen/registro_de_ventas_test.gd > test_el_mismo_total_con_otro_producto_no_coincide PASSED 7ms

  res://test/dominio/almacen/registro_de_ventas_test.gd > test_coincide_recien_con_la_ultima_unidad STARTED
  res://test/dominio/almacen/registro_de_ventas_test.gd > test_coincide_recien_con_la_ultima_unidad PASSED 5ms

  res://test/dominio/almacen/registro_de_ventas_test.gd > test_una_unidad_de_mas_deja_de_coincidir_y_restarla_vuelve STARTED
  res://test/dominio/almacen/registro_de_ventas_test.gd > test_una_unidad_de_mas_deja_de_coincidir_y_restarla_vuelve PASSED 5ms

  res://test/dominio/almacen/registro_de_ventas_test.gd > test_dos_ventas_del_mismo_producto_se_anotan_juntas STARTED
  res://test/dominio/almacen/registro_de_ventas_test.gd > test_dos_ventas_del_mismo_producto_se_anotan_juntas PASSED 5ms

  res://test/dominio/almacen/registro_de_ventas_test.gd > test_registrar_una_venta_no_cumple_antes_de_vender_las_dos STARTED
  res://test/dominio/almacen/registro_de_ventas_test.gd > test_registrar_una_venta_no_cumple_antes_de_vender_las_dos PASSED 9ms

  res://test/dominio/almacen/registro_de_ventas_test.gd > test_anticipar_o_perder_una_compra_no_completa_registro_ni_al_cerrar STARTED
  res://test/dominio/almacen/registro_de_ventas_test.gd > test_anticipar_o_perder_una_compra_no_completa_registro_ni_al_cerrar PASSED 8ms

Statistics: 15 test cases | 0 errors | 0 failures | 0 flaky | 0 skipped | 0 orphans | PASSED 148ms


Run Test Suite: res://test/dominio/almacen/reglas_del_cierre_test.gd
  res://test/dominio/almacen/reglas_del_cierre_test.gd > test_una_lista_vacia_no_produce_motivos STARTED
  res://test/dominio/almacen/reglas_del_cierre_test.gd > test_una_lista_vacia_no_produce_motivos PASSED 7ms

  res://test/dominio/almacen/reglas_del_cierre_test.gd > test_una_unidad_suelta_desordena_cualquier_habitacion STARTED
  res://test/dominio/almacen/reglas_del_cierre_test.gd > test_una_unidad_suelta_desordena_cualquier_habitacion PASSED 7ms

  res://test/dominio/almacen/reglas_del_cierre_test.gd > test_una_caja_solo_queda_ordenada_en_el_deposito STARTED
  res://test/dominio/almacen/reglas_del_cierre_test.gd > test_una_caja_solo_queda_ordenada_en_el_deposito PASSED 7ms

  res://test/dominio/almacen/reglas_del_cierre_test.gd > test_un_util_solo_queda_ordenado_en_el_bano STARTED
  res://test/dominio/almacen/reglas_del_cierre_test.gd > test_un_util_solo_queda_ordenado_en_el_bano PASSED 5ms

  res://test/dominio/almacen/reglas_del_cierre_test.gd > test_los_otros_objetos_adentro_no_producen_desorden STARTED
  res://test/dominio/almacen/reglas_del_cierre_test.gd > test_los_otros_objetos_adentro_no_producen_desorden PASSED 4ms

  res://test/dominio/almacen/reglas_del_cierre_test.gd > test_un_mismo_cierre_puede_tener_desorden_y_objetos_afuera STARTED
  res://test/dominio/almacen/reglas_del_cierre_test.gd > test_un_mismo_cierre_puede_tener_desorden_y_objetos_afuera PASSED 5ms

  res://test/dominio/almacen/reglas_del_cierre_test.gd > test_la_pertenencia_sale_del_punto_y_de_las_tres_regiones STARTED
  res://test/dominio/almacen/reglas_del_cierre_test.gd > test_la_pertenencia_sale_del_punto_y_de_las_tres_regiones PASSED 8ms

  res://test/dominio/almacen/reglas_del_cierre_test.gd > test_sin_regiones_declaradas_el_punto_queda_afuera STARTED
  res://test/dominio/almacen/reglas_del_cierre_test.gd > test_sin_regiones_declaradas_el_punto_queda_afuera PASSED 8ms

  res://test/dominio/almacen/reglas_del_cierre_test.gd > test_dos_partes_separadas_no_incluyen_el_hueco_entre_ellas STARTED
  res://test/dominio/almacen/reglas_del_cierre_test.gd > test_dos_partes_separadas_no_incluyen_el_hueco_entre_ellas PASSED 9ms

  res://test/dominio/almacen/reglas_del_cierre_test.gd > test_el_techo_alto_y_el_paso_no_agrandan_el_resto_del_bano STARTED
  res://test/dominio/almacen/reglas_del_cierre_test.gd > test_el_techo_alto_y_el_paso_no_agrandan_el_resto_del_bano PASSED 6ms

  res://test/dominio/almacen/reglas_del_cierre_test.gd > test_solo_las_bolsas_y_los_tickets_se_tiran_sin_llamado STARTED
  res://test/dominio/almacen/reglas_del_cierre_test.gd > test_solo_las_bolsas_y_los_tickets_se_tiran_sin_llamado PASSED 7ms

  res://test/dominio/almacen/reglas_del_cierre_test.gd > test_unidad_utiles_y_datos_ausentes_no_son_exentos STARTED
  res://test/dominio/almacen/reglas_del_cierre_test.gd > test_unidad_utiles_y_datos_ausentes_no_son_exentos PASSED 7ms

Statistics: 12 test cases | 0 errors | 0 failures | 0 flaky | 0 skipped | 0 orphans | PASSED 124ms


Run Test Suite: res://test/dominio/almacen/reglas_del_estante_test.gd
  res://test/dominio/almacen/reglas_del_estante_test.gd > test_ningun_faltante_de_ninguna_jornada_pasa_de_una_caja STARTED
  res://test/dominio/almacen/reglas_del_estante_test.gd > test_ningun_faltante_de_ninguna_jornada_pasa_de_una_caja PASSED 6ms

  res://test/dominio/almacen/reglas_del_estante_test.gd > test_las_unidades_de_una_caja_son_una_cantidad_y_no_un_centinela STARTED
  res://test/dominio/almacen/reglas_del_estante_test.gd > test_las_unidades_de_una_caja_son_una_cantidad_y_no_un_centinela PASSED 6ms

Statistics: 2 test cases | 0 errors | 0 failures | 0 flaky | 0 skipped | 0 orphans | PASSED 26ms


Run Test Suite: res://test/dominio/almacen/reglas_de_la_basura_test.gd
  res://test/dominio/almacen/reglas_de_la_basura_test.gd > test_el_tiro_distingue_mano_caja_y_tapa_en_orden STARTED
  res://test/dominio/almacen/reglas_de_la_basura_test.gd > test_el_tiro_distingue_mano_caja_y_tapa_en_orden PASSED 8ms

  res://test/dominio/almacen/reglas_de_la_basura_test.gd > test_la_tarea_no_se_puede_resolver_en_un_solo_viaje STARTED
  res://test/dominio/almacen/reglas_de_la_basura_test.gd > test_la_tarea_no_se_puede_resolver_en_un_solo_viaje PASSED 7ms

  res://test/dominio/almacen/reglas_de_la_basura_test.gd > test_el_fondo_no_se_ve_desde_donde_se_hace_otra_tarea STARTED
  res://test/dominio/almacen/reglas_de_la_basura_test.gd > test_el_fondo_no_se_ve_desde_donde_se_hace_otra_tarea PASSED 7ms

  res://test/dominio/almacen/reglas_de_la_basura_test.gd > test_hay_un_id_distinto_por_bolsa_y_los_gobierna_el_balance STARTED
  res://test/dominio/almacen/reglas_de_la_basura_test.gd > test_hay_un_id_distinto_por_bolsa_y_los_gobierna_el_balance PASSED 7ms

Statistics: 4 test cases | 0 errors | 0 failures | 0 flaky | 0 skipped | 0 orphans | PASSED 46ms


Run Test Suite: res://test/dominio/almacen/reglas_de_la_limpieza_test.gd
  res://test/dominio/almacen/reglas_de_la_limpieza_test.gd > test_cada_jabon_borra_un_solo_tipo_de_mancha STARTED
  res://test/dominio/almacen/reglas_de_la_limpieza_test.gd > test_cada_jabon_borra_un_solo_tipo_de_mancha PASSED 7ms

  res://test/dominio/almacen/reglas_de_la_limpieza_test.gd > test_ninguna_mancha_se_borra_con_agua_sola_ni_con_la_mopa_seca STARTED
  res://test/dominio/almacen/reglas_de_la_limpieza_test.gd > test_ninguna_mancha_se_borra_con_agua_sola_ni_con_la_mopa_seca PASSED 7ms

  res://test/dominio/almacen/reglas_de_la_limpieza_test.gd > test_cada_jabon_se_reconoce_por_su_id_y_lo_demas_no_tine STARTED
  res://test/dominio/almacen/reglas_de_la_limpieza_test.gd > test_cada_jabon_se_reconoce_por_su_id_y_lo_demas_no_tine PASSED 9ms

  res://test/dominio/almacen/reglas_de_la_limpieza_test.gd > test_los_ids_de_la_limpieza_son_distintos_y_ninguno_es_la_mano_vacia STARTED
  res://test/dominio/almacen/reglas_de_la_limpieza_test.gd > test_los_ids_de_la_limpieza_son_distintos_y_ninguno_es_la_mano_vacia PASSED 7ms

  res://test/dominio/almacen/reglas_de_la_limpieza_test.gd > test_cada_tipo_de_mancha_se_ve_de_su_color STARTED
  res://test/dominio/almacen/reglas_de_la_limpieza_test.gd > test_cada_tipo_de_mancha_se_ve_de_su_color PASSED 7ms

  res://test/dominio/almacen/reglas_de_la_limpieza_test.gd > test_el_agua_sin_jabon_es_celeste_y_bien_clara STARTED
  res://test/dominio/almacen/reglas_de_la_limpieza_test.gd > test_el_agua_sin_jabon_es_celeste_y_bien_clara PASSED 7ms

  res://test/dominio/almacen/reglas_de_la_limpieza_test.gd > test_el_agua_de_cada_jabon_se_distingue_de_las_demas STARTED
  res://test/dominio/almacen/reglas_de_la_limpieza_test.gd > test_el_agua_de_cada_jabon_se_distingue_de_las_demas PASSED 9ms

  res://test/dominio/almacen/reglas_de_la_limpieza_test.gd > test_cada_util_carga_con_el_id_de_su_constante_y_se_levanta STARTED
  res://test/dominio/almacen/reglas_de_la_limpieza_test.gd > test_cada_util_carga_con_el_id_de_su_constante_y_se_levanta PASSED 7ms

  res://test/dominio/almacen/reglas_de_la_limpieza_test.gd > test_mojar_la_mopa_dura_cuatro_decimas_de_segundo STARTED
  res://test/dominio/almacen/reglas_de_la_limpieza_test.gd > test_mojar_la_mopa_dura_cuatro_decimas_de_segundo PASSED 8ms

Statistics: 9 test cases | 0 errors | 0 failures | 0 flaky | 0 skipped | 0 orphans | PASSED 100ms


Run Test Suite: res://test/dominio/almacen/reglas_de_la_ventanilla_test.gd
  res://test/dominio/almacen/reglas_de_la_ventanilla_test.gd > test_la_jornada_pide_atender_a_mas_de_un_comprador STARTED
  res://test/dominio/almacen/reglas_de_la_ventanilla_test.gd > test_la_jornada_pide_atender_a_mas_de_un_comprador PASSED 7ms

  res://test/dominio/almacen/reglas_de_la_ventanilla_test.gd > test_ningun_comprador_de_la_jornada_queda_sin_atender_por_falta_de_lista STARTED
  res://test/dominio/almacen/reglas_de_la_ventanilla_test.gd > test_ningun_comprador_de_la_jornada_queda_sin_atender_por_falta_de_lista PASSED 8ms

  res://test/dominio/almacen/reglas_de_la_ventanilla_test.gd > test_por_la_ventanilla_no_pasan_mas_de_dos_compradores_por_jornada STARTED
  res://test/dominio/almacen/reglas_de_la_ventanilla_test.gd > test_por_la_ventanilla_no_pasan_mas_de_dos_compradores_por_jornada PASSED 6ms

Statistics: 3 test cases | 0 errors | 0 failures | 0 flaky | 0 skipped | 0 orphans | PASSED 36ms


Run Test Suite: res://test/dominio/almacen/reglas_de_los_objetos_test.gd
  res://test/dominio/almacen/reglas_de_los_objetos_test.gd > test_las_distancias_van_de_la_mas_cerca_a_la_mas_lejos STARTED
  res://test/dominio/almacen/reglas_de_los_objetos_test.gd > test_las_distancias_van_de_la_mas_cerca_a_la_mas_lejos PASSED 4ms

  res://test/dominio/almacen/reglas_de_los_objetos_test.gd > test_las_distancias_son_positivas_y_caben_en_el_alcance_de_la_mira STARTED
  res://test/dominio/almacen/reglas_de_los_objetos_test.gd > test_las_distancias_son_positivas_y_caben_en_el_alcance_de_la_mira PASSED 6ms

  res://test/dominio/almacen/reglas_de_los_objetos_test.gd > test_se_lleva_una_sola_cosa_a_la_vez STARTED
  res://test/dominio/almacen/reglas_de_los_objetos_test.gd > test_se_lleva_una_sola_cosa_a_la_vez PASSED 7ms

  res://test/dominio/almacen/reglas_de_los_objetos_test.gd > test_las_dos_acciones_nuevas_no_se_pisan_con_las_de_caminar STARTED
  res://test/dominio/almacen/reglas_de_los_objetos_test.gd > test_las_dos_acciones_nuevas_no_se_pisan_con_las_de_caminar PASSED 5ms

  res://test/dominio/almacen/reglas_de_los_objetos_test.gd > test_solo_una_superficie_horizontal_recibe_una_caja STARTED
  res://test/dominio/almacen/reglas_de_los_objetos_test.gd > test_solo_una_superficie_horizontal_recibe_una_caja PASSED 6ms

  res://test/dominio/almacen/reglas_de_los_objetos_test.gd > test_lo_que_entra_a_la_distancia_de_examen_se_examina_ahi STARTED
  res://test/dominio/almacen/reglas_de_los_objetos_test.gd > test_lo_que_entra_a_la_distancia_de_examen_se_examina_ahi PASSED 6ms

  res://test/dominio/almacen/reglas_de_los_objetos_test.gd > test_lo_mas_grande_se_examina_mas_lejos STARTED
  res://test/dominio/almacen/reglas_de_los_objetos_test.gd > test_lo_mas_grande_se_examina_mas_lejos PASSED 6ms

  res://test/dominio/almacen/reglas_de_los_objetos_test.gd > test_lo_examinado_queda_entero_delante_del_ojo STARTED
  res://test/dominio/almacen/reglas_de_los_objetos_test.gd > test_lo_examinado_queda_entero_delante_del_ojo PASSED 6ms

  res://test/dominio/almacen/reglas_de_los_objetos_test.gd > test_lo_soltado_se_apoya_sobre_lo_horizontal_que_lo_admite STARTED
  res://test/dominio/almacen/reglas_de_los_objetos_test.gd > test_lo_soltado_se_apoya_sobre_lo_horizontal_que_lo_admite PASSED 7ms

  res://test/dominio/almacen/reglas_de_los_objetos_test.gd > test_las_teclas_giran_lo_examinado_a_velocidad_fija STARTED
  res://test/dominio/almacen/reglas_de_los_objetos_test.gd > test_las_teclas_giran_lo_examinado_a_velocidad_fija PASSED 6ms

Statistics: 10 test cases | 0 errors | 0 failures | 0 flaky | 0 skipped | 0 orphans | PASSED 92ms


Run Test Suite: res://test/dominio/almacen/rescate_test.gd
  res://test/dominio/almacen/rescate_test.gd > test_gana_el_primero_libre_en_el_orden STARTED
  res://test/dominio/almacen/rescate_test.gd > test_gana_el_primero_libre_en_el_orden PASSED 3ms

  res://test/dominio/almacen/rescate_test.gd > test_el_origen_es_el_ultimo_recurso STARTED
  res://test/dominio/almacen/rescate_test.gd > test_el_origen_es_el_ultimo_recurso PASSED 6ms

  res://test/dominio/almacen/rescate_test.gd > test_sin_ningun_libre_no_hay_eleccion STARTED
  res://test/dominio/almacen/rescate_test.gd > test_sin_ningun_libre_no_hay_eleccion PASSED 6ms

  res://test/dominio/almacen/rescate_test.gd > test_la_racha_termina_en_el_primer_paso_sin_empujon STARTED
  res://test/dominio/almacen/rescate_test.gd > test_la_racha_termina_en_el_primer_paso_sin_empujon PASSED 7ms

  res://test/dominio/almacen/rescate_test.gd > test_la_racha_sigue_mientras_haya_empujon STARTED
  res://test/dominio/almacen/rescate_test.gd > test_la_racha_sigue_mientras_haya_empujon PASSED 5ms

  res://test/dominio/almacen/rescate_test.gd > test_sin_racha_no_termina_nada STARTED
  res://test/dominio/almacen/rescate_test.gd > test_sin_racha_no_termina_nada PASSED 6ms

Statistics: 6 test cases | 0 errors | 0 failures | 0 flaky | 0 skipped | 0 orphans | PASSED 49ms


Run Test Suite: res://test/dominio/almacen/tapa_del_contenedor_test.gd
  res://test/dominio/almacen/tapa_del_contenedor_test.gd > test_arranca_abierta_y_recibe_objetos STARTED
  res://test/dominio/almacen/tapa_del_contenedor_test.gd > test_arranca_abierta_y_recibe_objetos PASSED 6ms

  res://test/dominio/almacen/tapa_del_contenedor_test.gd > test_cerrar_corta_el_descarte_antes_de_terminar_el_giro STARTED
  res://test/dominio/almacen/tapa_del_contenedor_test.gd > test_cerrar_corta_el_descarte_antes_de_terminar_el_giro PASSED 5ms

  res://test/dominio/almacen/tapa_del_contenedor_test.gd > test_abrir_recupera_el_descarte_al_terminar_el_giro STARTED
  res://test/dominio/almacen/tapa_del_contenedor_test.gd > test_abrir_recupera_el_descarte_al_terminar_el_giro PASSED 7ms

  res://test/dominio/almacen/tapa_del_contenedor_test.gd > test_se_puede_invertir_el_giro_sin_saltar_al_otro_tope STARTED
  res://test/dominio/almacen/tapa_del_contenedor_test.gd > test_se_puede_invertir_el_giro_sin_saltar_al_otro_tope PASSED 8ms

  res://test/dominio/almacen/tapa_del_contenedor_test.gd > test_dividir_los_cuadros_da_el_mismo_angulo STARTED
  res://test/dominio/almacen/tapa_del_contenedor_test.gd > test_dividir_los_cuadros_da_el_mismo_angulo PASSED 8ms

  res://test/dominio/almacen/tapa_del_contenedor_test.gd > test_el_tiempo_negativo_no_mueve_la_tapa STARTED
  res://test/dominio/almacen/tapa_del_contenedor_test.gd > test_el_tiempo_negativo_no_mueve_la_tapa PASSED 8ms

  res://test/dominio/almacen/tapa_del_contenedor_test.gd > test_reiniciar_la_jornada_la_deja_abierta STARTED
  res://test/dominio/almacen/tapa_del_contenedor_test.gd > test_reiniciar_la_jornada_la_deja_abierta PASSED 7ms

  res://test/dominio/almacen/tapa_del_contenedor_test.gd > test_un_paso_obstruido_no_mueve_la_tapa_y_se_puede_invertir STARTED
  res://test/dominio/almacen/tapa_del_contenedor_test.gd > test_un_paso_obstruido_no_mueve_la_tapa_y_se_puede_invertir PASSED 6ms

Statistics: 8 test cases | 0 errors | 0 failures | 0 flaky | 0 skipped | 0 orphans | PASSED 81ms


Run Test Suite: res://test/dominio/almacen/tarea_de_atender_test.gd
  res://test/dominio/almacen/tarea_de_atender_test.gd > test_la_primera_noche_llega_por_horario_y_no_por_abrir STARTED
  res://test/dominio/almacen/tarea_de_atender_test.gd > test_la_primera_noche_llega_por_horario_y_no_por_abrir PASSED 7ms

  res://test/dominio/almacen/tarea_de_atender_test.gd > test_ambas_compras_y_no_los_despachos_cumplen_la_primera_noche STARTED
  res://test/dominio/almacen/tarea_de_atender_test.gd > test_ambas_compras_y_no_los_despachos_cumplen_la_primera_noche PASSED 9ms

  res://test/dominio/almacen/tarea_de_atender_test.gd > test_perder_a_martin_y_vender_a_tiago_no_cumple_atencion STARTED
  res://test/dominio/almacen/tarea_de_atender_test.gd > test_perder_a_martin_y_vender_a_tiago_no_cumple_atencion PASSED 6ms

  res://test/dominio/almacen/tarea_de_atender_test.gd > test_atender_devuelve_los_compradores_en_orden_y_despues_nada STARTED
  res://test/dominio/almacen/tarea_de_atender_test.gd > test_atender_devuelve_los_compradores_en_orden_y_despues_nada PASSED 6ms

  res://test/dominio/almacen/tarea_de_atender_test.gd > test_la_atencion_en_curso_es_la_del_ultimo_que_llego STARTED
  res://test/dominio/almacen/tarea_de_atender_test.gd > test_la_atencion_en_curso_es_la_del_ultimo_que_llego PASSED 8ms

  res://test/dominio/almacen/tarea_de_atender_test.gd > test_despachados_cuenta_las_dos_formas_de_despachar STARTED
  res://test/dominio/almacen/tarea_de_atender_test.gd > test_despachados_cuenta_las_dos_formas_de_despachar PASSED 6ms

  res://test/dominio/almacen/tarea_de_atender_test.gd > test_un_comprador_que_llego_y_no_se_despacho_no_cuenta STARTED
  res://test/dominio/almacen/tarea_de_atender_test.gd > test_un_comprador_que_llego_y_no_se_despacho_no_cuenta PASSED 6ms

  res://test/dominio/almacen/tarea_de_atender_test.gd > test_la_tarea_se_completa_con_todos_despachados_se_les_haya_vendido_o_no STARTED
  res://test/dominio/almacen/tarea_de_atender_test.gd > test_la_tarea_se_completa_con_todos_despachados_se_les_haya_vendido_o_no PASSED 6ms

  res://test/dominio/almacen/tarea_de_atender_test.gd > test_la_diferencia_acumulada_suma_solo_las_cobradas STARTED
  res://test/dominio/almacen/tarea_de_atender_test.gd > test_la_diferencia_acumulada_suma_solo_las_cobradas PASSED 5ms

  res://test/dominio/almacen/tarea_de_atender_test.gd > test_la_diferencia_acumulada_conserva_los_signos STARTED
  res://test/dominio/almacen/tarea_de_atender_test.gd > test_la_diferencia_acumulada_conserva_los_signos PASSED 7ms

  res://test/dominio/almacen/tarea_de_atender_test.gd > test_la_tarea_se_arma_con_uno_solo_y_funciona_igual STARTED
  res://test/dominio/almacen/tarea_de_atender_test.gd > test_la_tarea_se_arma_con_uno_solo_y_funciona_igual PASSED 6ms

  res://test/dominio/almacen/tarea_de_atender_test.gd > test_la_tarea_no_nombra_cuantos_compradores_pide_la_jornada STARTED
  res://test/dominio/almacen/tarea_de_atender_test.gd > test_la_tarea_no_nombra_cuantos_compradores_pide_la_jornada PASSED 6ms

  res://test/dominio/almacen/tarea_de_atender_test.gd > test_en_la_ventanilla_esta_el_que_llego_y_todavia_no_se_despacho STARTED
  res://test/dominio/almacen/tarea_de_atender_test.gd > test_en_la_ventanilla_esta_el_que_llego_y_todavia_no_se_despacho PASSED 8ms

  res://test/dominio/almacen/tarea_de_atender_test.gd > test_el_segundo_comprador_ve_los_vendibles_que_dejo_el_primero STARTED
  res://test/dominio/almacen/tarea_de_atender_test.gd > test_el_segundo_comprador_ve_los_vendibles_que_dejo_el_primero PASSED 7ms

  res://test/dominio/almacen/tarea_de_atender_test.gd > test_lo_vendido_suma_los_pedidos_cobrados_del_mismo_producto STARTED
  res://test/dominio/almacen/tarea_de_atender_test.gd > test_lo_vendido_suma_los_pedidos_cobrados_del_mismo_producto PASSED 8ms

  res://test/dominio/almacen/tarea_de_atender_test.gd > test_despachar_sin_vender_no_suma_a_lo_vendido STARTED
  res://test/dominio/almacen/tarea_de_atender_test.gd > test_despachar_sin_vender_no_suma_a_lo_vendido PASSED 8ms

  res://test/dominio/almacen/tarea_de_atender_test.gd > test_un_cobro_rechazado_no_suma_a_lo_vendido STARTED
  res://test/dominio/almacen/tarea_de_atender_test.gd > test_un_cobro_rechazado_no_suma_a_lo_vendido PASSED 6ms

  res://test/dominio/almacen/tarea_de_atender_test.gd > test_un_producto_que_nadie_compro_contesta_cero STARTED
  res://test/dominio/almacen/tarea_de_atender_test.gd > test_un_producto_que_nadie_compro_contesta_cero PASSED 7ms

Statistics: 18 test cases | 0 errors | 0 failures | 0 flaky | 0 skipped | 0 orphans | PASSED 178ms


Run Test Suite: res://test/dominio/almacen/tarea_de_la_basura_test.gd
  res://test/dominio/almacen/tarea_de_la_basura_test.gd > test_la_jornada_arranca_con_las_bolsas_del_balance_y_ninguna_depositada STARTED
  res://test/dominio/almacen/tarea_de_la_basura_test.gd > test_la_jornada_arranca_con_las_bolsas_del_balance_y_ninguna_depositada PASSED 5ms

  res://test/dominio/almacen/tarea_de_la_basura_test.gd > test_la_misma_bolsa_dos_veces_no_cuenta_dos STARTED
  res://test/dominio/almacen/tarea_de_la_basura_test.gd > test_la_misma_bolsa_dos_veces_no_cuenta_dos PASSED 7ms

  res://test/dominio/almacen/tarea_de_la_basura_test.gd > test_un_objeto_ajeno_no_es_basura STARTED
  res://test/dominio/almacen/tarea_de_la_basura_test.gd > test_un_objeto_ajeno_no_es_basura PASSED 7ms

  res://test/dominio/almacen/tarea_de_la_basura_test.gd > test_la_tarea_se_completa_recien_con_la_ultima_bolsa STARTED
  res://test/dominio/almacen/tarea_de_la_basura_test.gd > test_la_tarea_se_completa_recien_con_la_ultima_bolsa PASSED 7ms

  res://test/dominio/almacen/tarea_de_la_basura_test.gd > test_cada_jornada_arranca_con_la_basura_adentro STARTED
  res://test/dominio/almacen/tarea_de_la_basura_test.gd > test_cada_jornada_arranca_con_la_basura_adentro PASSED 7ms

  res://test/dominio/almacen/tarea_de_la_basura_test.gd > test_un_id_repetido_en_la_lista_no_agranda_la_tarea STARTED
  res://test/dominio/almacen/tarea_de_la_basura_test.gd > test_un_id_repetido_en_la_lista_no_agranda_la_tarea PASSED 6ms

Statistics: 6 test cases | 0 errors | 0 failures | 0 flaky | 0 skipped | 0 orphans | PASSED 64ms


Run Test Suite: res://test/dominio/almacen/ticket_test.gd
  res://test/dominio/almacen/ticket_test.gd > test_el_papel_se_levanta_y_suena_como_papel STARTED
  res://test/dominio/almacen/ticket_test.gd > test_el_papel_se_levanta_y_suena_como_papel PASSED 6ms

  res://test/dominio/almacen/ticket_test.gd > test_el_papel_copia_los_productos_recibidos STARTED
  res://test/dominio/almacen/ticket_test.gd > test_el_papel_copia_los_productos_recibidos PASSED 6ms

  res://test/dominio/almacen/ticket_test.gd > test_leer_el_papel_no_permite_reescribirlo STARTED
  res://test/dominio/almacen/ticket_test.gd > test_leer_el_papel_no_permite_reescribirlo PASSED 8ms

  res://test/dominio/almacen/ticket_test.gd > test_solo_el_tipo_ticket_se_desecha_en_inodoro STARTED
  res://test/dominio/almacen/ticket_test.gd > test_solo_el_tipo_ticket_se_desecha_en_inodoro PASSED 7ms

Statistics: 4 test cases | 0 errors | 0 failures | 0 flaky | 0 skipped | 0 orphans | PASSED 46ms


Run Test Suite: res://test/dominio/almacen/trayecto_test.gd
  res://test/dominio/almacen/trayecto_test.gd > test_con_una_mano_cada_bolsa_es_un_viaje STARTED
  res://test/dominio/almacen/trayecto_test.gd > test_con_una_mano_cada_bolsa_es_un_viaje PASSED 7ms

  res://test/dominio/almacen/trayecto_test.gd > test_con_tantas_manos_como_bolsas_alcanza_un_viaje STARTED
  res://test/dominio/almacen/trayecto_test.gd > test_con_tantas_manos_como_bolsas_alcanza_un_viaje PASSED 7ms

  res://test/dominio/almacen/trayecto_test.gd > test_los_viajes_redondean_para_arriba STARTED
  res://test/dominio/almacen/trayecto_test.gd > test_los_viajes_redondean_para_arriba PASSED 6ms

  res://test/dominio/almacen/trayecto_test.gd > test_sin_manos_o_sin_bolsas_no_hay_viajes STARTED
  res://test/dominio/almacen/trayecto_test.gd > test_sin_manos_o_sin_bolsas_no_hay_viajes PASSED 5ms

Statistics: 4 test cases | 0 errors | 0 failures | 0 flaky | 0 skipped | 0 orphans | PASSED 41ms


Run Test Suite: res://test/dominio/almacen/unidad_de_producto_test.gd
  res://test/dominio/almacen/unidad_de_producto_test.gd > test_la_unidad_se_puede_llevar_y_conserva_el_producto STARTED
  res://test/dominio/almacen/unidad_de_producto_test.gd > test_la_unidad_se_puede_llevar_y_conserva_el_producto PASSED 7ms

  res://test/dominio/almacen/unidad_de_producto_test.gd > test_las_unidades_del_mismo_producto_tienen_la_misma_identidad STARTED
  res://test/dominio/almacen/unidad_de_producto_test.gd > test_las_unidades_del_mismo_producto_tienen_la_misma_identidad PASSED 7ms

  res://test/dominio/almacen/unidad_de_producto_test.gd > test_la_unidad_suena_como_su_producto STARTED
  res://test/dominio/almacen/unidad_de_producto_test.gd > test_la_unidad_suena_como_su_producto PASSED 7ms

Statistics: 3 test cases | 0 errors | 0 failures | 0 flaky | 0 skipped | 0 orphans | PASSED 34ms


Run Test Suite: res://test/dominio/almacen/uso_test.gd
  res://test/dominio/almacen/uso_test.gd > test_el_constructor_no_registra_combinaciones STARTED
  res://test/dominio/almacen/uso_test.gd > test_el_constructor_no_registra_combinaciones PASSED 6ms

  res://test/dominio/almacen/uso_test.gd > test_registrar_habilita_solo_el_par_en_ese_orden STARTED
  res://test/dominio/almacen/uso_test.gd > test_registrar_habilita_solo_el_par_en_ese_orden PASSED 6ms

  res://test/dominio/almacen/uso_test.gd > test_los_pares_distintos_no_se_confunden STARTED
  res://test/dominio/almacen/uso_test.gd > test_los_pares_distintos_no_se_confunden PASSED 7ms

  res://test/dominio/almacen/uso_test.gd > test_un_duplicado_no_altera_la_tabla STARTED
  res://test/dominio/almacen/uso_test.gd > test_un_duplicado_no_altera_la_tabla PASSED 5ms

  res://test/dominio/almacen/uso_test.gd > test_ninguno_no_se_registra_ni_borra_un_efecto STARTED
  res://test/dominio/almacen/uso_test.gd > test_ninguno_no_se_registra_ni_borra_un_efecto PASSED 7ms

  res://test/dominio/almacen/uso_test.gd > test_la_mano_vacia_no_produce_un_efecto_aunque_este_registrada STARTED
  res://test/dominio/almacen/uso_test.gd > test_la_mano_vacia_no_produce_un_efecto_aunque_este_registrada PASSED 8ms

  res://test/dominio/almacen/uso_test.gd > test_el_almacen_declara_solo_los_gestos_de_limpiar STARTED
  res://test/dominio/almacen/uso_test.gd > test_el_almacen_declara_solo_los_gestos_de_limpiar PASSED 7ms

Statistics: 7 test cases | 0 errors | 0 failures | 0 flaky | 0 skipped | 0 orphans | PASSED 77ms


Run Test Suite: res://test/dominio/almacen/venta_test.gd
  res://test/dominio/almacen/venta_test.gd > test_una_venta_sin_lineas_no_suma_nada_y_no_tiene_productos STARTED
  res://test/dominio/almacen/venta_test.gd > test_una_venta_sin_lineas_no_suma_nada_y_no_tiene_productos PASSED 8ms

  res://test/dominio/almacen/venta_test.gd > test_el_total_multiplica_el_precio_por_las_unidades_de_cada_linea STARTED
  res://test/dominio/almacen/venta_test.gd > test_el_total_multiplica_el_precio_por_las_unidades_de_cada_linea PASSED 8ms

  res://test/dominio/almacen/venta_test.gd > test_agregar_dos_veces_el_mismo_producto_acumula_en_una_sola_linea STARTED
  res://test/dominio/almacen/venta_test.gd > test_agregar_dos_veces_el_mismo_producto_acumula_en_una_sola_linea PASSED 6ms

  res://test/dominio/almacen/venta_test.gd > test_dos_instancias_del_mismo_producto_son_una_sola_linea STARTED
  res://test/dominio/almacen/venta_test.gd > test_dos_instancias_del_mismo_producto_son_una_sola_linea PASSED 7ms

  res://test/dominio/almacen/venta_test.gd > test_preguntar_por_un_producto_que_no_esta_en_la_venta_devuelve_cero STARTED
  res://test/dominio/almacen/venta_test.gd > test_preguntar_por_un_producto_que_no_esta_en_la_venta_devuelve_cero PASSED 7ms

  res://test/dominio/almacen/venta_test.gd > test_agregar_una_cantidad_que_no_es_positiva_no_deja_linea_ni_resta STARTED
  res://test/dominio/almacen/venta_test.gd > test_agregar_una_cantidad_que_no_es_positiva_no_deja_linea_ni_resta PASSED 8ms

Statistics: 6 test cases | 0 errors | 0 failures | 0 flaky | 0 skipped | 0 orphans | PASSED 64ms


Run Test Suite: res://test/dominio/ambiente/apagado_por_obstaculos_test.gd
  res://test/dominio/ambiente/apagado_por_obstaculos_test.gd > test_mas_obstaculos_apagan_mas_hasta_el_maximo STARTED
  res://test/dominio/ambiente/apagado_por_obstaculos_test.gd > test_mas_obstaculos_apagan_mas_hasta_el_maximo PASSED 9ms

  res://test/dominio/ambiente/apagado_por_obstaculos_test.gd > test_el_cambio_dura_mas_de_un_cuadro_y_llega STARTED
  res://test/dominio/ambiente/apagado_por_obstaculos_test.gd > test_el_cambio_dura_mas_de_un_cuadro_y_llega PASSED 7ms

  res://test/dominio/ambiente/apagado_por_obstaculos_test.gd > test_acercar_no_pasa_del_maximo STARTED
  res://test/dominio/ambiente/apagado_por_obstaculos_test.gd > test_acercar_no_pasa_del_maximo PASSED 6ms

  res://test/dominio/ambiente/apagado_por_obstaculos_test.gd > test_lo_que_tapa_encimado_es_un_solo_obstaculo STARTED
  res://test/dominio/ambiente/apagado_por_obstaculos_test.gd > test_lo_que_tapa_encimado_es_un_solo_obstaculo PASSED 7ms

Statistics: 4 test cases | 0 errors | 0 failures | 0 flaky | 0 skipped | 0 orphans | PASSED 46ms


Run Test Suite: res://test/dominio/ambiente/contador_de_golpes_test.gd
  res://test/dominio/ambiente/contador_de_golpes_test.gd > test_suenan_tres_golpes_cada_uno_mas_bajo_y_mas_filtrado STARTED
  res://test/dominio/ambiente/contador_de_golpes_test.gd > test_suenan_tres_golpes_cada_uno_mas_bajo_y_mas_filtrado PASSED 7ms

  res://test/dominio/ambiente/contador_de_golpes_test.gd > test_el_primer_contacto_suena_aunque_sea_lento STARTED
  res://test/dominio/ambiente/contador_de_golpes_test.gd > test_el_primer_contacto_suena_aunque_sea_lento PASSED 8ms

  res://test/dominio/ambiente/contador_de_golpes_test.gd > test_despues_del_primero_un_contacto_lento_no_gasta_ningun_golpe STARTED
  res://test/dominio/ambiente/contador_de_golpes_test.gd > test_despues_del_primero_un_contacto_lento_no_gasta_ningun_golpe PASSED 7ms

  res://test/dominio/ambiente/contador_de_golpes_test.gd > test_reiniciar_vuelve_al_primer_golpe STARTED
  res://test/dominio/ambiente/contador_de_golpes_test.gd > test_reiniciar_vuelve_al_primer_golpe PASSED 7ms

  res://test/dominio/ambiente/contador_de_golpes_test.gd > test_agotar_deja_de_sonar_hasta_reiniciar STARTED
  res://test/dominio/ambiente/contador_de_golpes_test.gd > test_agotar_deja_de_sonar_hasta_reiniciar PASSED 7ms

  res://test/dominio/ambiente/contador_de_golpes_test.gd > test_agarrar_reinicia_tocar_cuenta_y_colocar_agota STARTED
  res://test/dominio/ambiente/contador_de_golpes_test.gd > test_agarrar_reinicia_tocar_cuenta_y_colocar_agota PASSED 8ms

  res://test/dominio/ambiente/contador_de_golpes_test.gd > test_un_evento_que_no_es_de_objeto_suena_pleno STARTED
  res://test/dominio/ambiente/contador_de_golpes_test.gd > test_un_evento_que_no_es_de_objeto_suena_pleno PASSED 7ms

  res://test/dominio/ambiente/contador_de_golpes_test.gd > test_el_golpe_pleno_no_baja_ni_filtra STARTED
  res://test/dominio/ambiente/contador_de_golpes_test.gd > test_el_golpe_pleno_no_baja_ni_filtra PASSED 6ms

Statistics: 8 test cases | 0 errors | 0 failures | 0 flaky | 0 skipped | 0 orphans | PASSED 84ms


Run Test Suite: res://test/dominio/ambiente/eleccion_de_variante_test.gd
  res://test/dominio/ambiente/eleccion_de_variante_test.gd > test_nunca_suena_la_misma_dos_veces_seguidas STARTED
  res://test/dominio/ambiente/eleccion_de_variante_test.gd > test_nunca_suena_la_misma_dos_veces_seguidas PASSED 6ms

  res://test/dominio/ambiente/eleccion_de_variante_test.gd > test_la_misma_semilla_da_la_misma_secuencia STARTED
  res://test/dominio/ambiente/eleccion_de_variante_test.gd > test_la_misma_semilla_da_la_misma_secuencia PASSED 7ms

  res://test/dominio/ambiente/eleccion_de_variante_test.gd > test_una_sola_variante_se_repite STARTED
  res://test/dominio/ambiente/eleccion_de_variante_test.gd > test_una_sola_variante_se_repite PASSED 8ms

  res://test/dominio/ambiente/eleccion_de_variante_test.gd > test_sin_variantes_contesta_que_no_hay STARTED
  res://test/dominio/ambiente/eleccion_de_variante_test.gd > test_sin_variantes_contesta_que_no_hay PASSED 7ms

Statistics: 4 test cases | 0 errors | 0 failures | 0 flaky | 0 skipped | 0 orphans | PASSED 46ms


Run Test Suite: res://test/dominio/ambiente/emisores_del_ambiente_test.gd
  res://test/dominio/ambiente/emisores_del_ambiente_test.gd > test_suenan_los_mas_cercanos_hasta_el_tope STARTED
  res://test/dominio/ambiente/emisores_del_ambiente_test.gd > test_suenan_los_mas_cercanos_hasta_el_tope PASSED 7ms

  res://test/dominio/ambiente/emisores_del_ambiente_test.gd > test_justo_en_el_tope_suenan_todos STARTED
  res://test/dominio/ambiente/emisores_del_ambiente_test.gd > test_justo_en_el_tope_suenan_todos PASSED 7ms

  res://test/dominio/ambiente/emisores_del_ambiente_test.gd > test_un_empate_en_el_borde_elige_siempre_el_primero STARTED
  res://test/dominio/ambiente/emisores_del_ambiente_test.gd > test_un_empate_en_el_borde_elige_siempre_el_primero PASSED 8ms

  res://test/dominio/ambiente/emisores_del_ambiente_test.gd > test_sin_emisores_no_suena_ninguno STARTED
  res://test/dominio/ambiente/emisores_del_ambiente_test.gd > test_sin_emisores_no_suena_ninguno PASSED 6ms

  res://test/dominio/ambiente/emisores_del_ambiente_test.gd > test_el_tope_del_local_deja_sonar_alguno STARTED
  res://test/dominio/ambiente/emisores_del_ambiente_test.gd > test_el_tope_del_local_deja_sonar_alguno PASSED 6ms

Statistics: 5 test cases | 0 errors | 0 failures | 0 flaky | 0 skipped | 0 orphans | PASSED 53ms


Run Test Suite: res://test/dominio/ambiente/entrada_sonora_test.gd
  res://test/dominio/ambiente/entrada_sonora_test.gd > test_una_fila_sin_stream_no_tiene_sonido STARTED
  res://test/dominio/ambiente/entrada_sonora_test.gd > test_una_fila_sin_stream_no_tiene_sonido PASSED 7ms

  res://test/dominio/ambiente/entrada_sonora_test.gd > test_una_fila_con_stream_tiene_sonido STARTED
  res://test/dominio/ambiente/entrada_sonora_test.gd > test_una_fila_con_stream_tiene_sonido PASSED 8ms

  res://test/dominio/ambiente/entrada_sonora_test.gd > test_una_fila_con_un_bus_declarado_es_valida STARTED
  res://test/dominio/ambiente/entrada_sonora_test.gd > test_una_fila_con_un_bus_declarado_es_valida PASSED 7ms

  res://test/dominio/ambiente/entrada_sonora_test.gd > test_una_fila_con_un_bus_que_no_existe_no_es_valida STARTED
  res://test/dominio/ambiente/entrada_sonora_test.gd > test_una_fila_con_un_bus_que_no_existe_no_es_valida PASSED 6ms

  res://test/dominio/ambiente/entrada_sonora_test.gd > test_el_bus_maestro_no_es_uno_de_los_cuatro STARTED
  res://test/dominio/ambiente/entrada_sonora_test.gd > test_el_bus_maestro_no_es_uno_de_los_cuatro PASSED 7ms

  res://test/dominio/ambiente/entrada_sonora_test.gd > test_una_fila_sin_senal_no_tiene_fuente STARTED
  res://test/dominio/ambiente/entrada_sonora_test.gd > test_una_fila_sin_senal_no_tiene_fuente PASSED 7ms

  res://test/dominio/ambiente/entrada_sonora_test.gd > test_los_eventos_estan_enumerados_en_un_solo_lugar STARTED
  res://test/dominio/ambiente/entrada_sonora_test.gd > test_los_eventos_estan_enumerados_en_un_solo_lugar PASSED 7ms

  res://test/dominio/ambiente/entrada_sonora_test.gd > test_el_consumo_de_tiempo_del_turno_no_es_un_evento STARTED
  res://test/dominio/ambiente/entrada_sonora_test.gd > test_el_consumo_de_tiempo_del_turno_no_es_un_evento PASSED 9ms

  res://test/dominio/ambiente/entrada_sonora_test.gd > test_lo_nuevo_va_al_final_y_no_renumera_lo_que_habia STARTED
  res://test/dominio/ambiente/entrada_sonora_test.gd > test_lo_nuevo_va_al_final_y_no_renumera_lo_que_habia PASSED 6ms

  res://test/dominio/ambiente/entrada_sonora_test.gd > test_devolver_es_un_evento_de_objeto_y_los_gestos_con_el_balde_no STARTED
  res://test/dominio/ambiente/entrada_sonora_test.gd > test_devolver_es_un_evento_de_objeto_y_los_gestos_con_el_balde_no PASSED 6ms

Statistics: 10 test cases | 0 errors | 0 failures | 0 flaky | 0 skipped | 0 orphans | PASSED 103ms


Run Test Suite: res://test/dominio/ambiente/filas_del_balde_y_de_devolver_test.gd
  res://test/dominio/ambiente/filas_del_balde_y_de_devolver_test.gd > test_el_balde_suena_su_alzar_y_en_todo_lo_demas_su_dejar STARTED
  res://test/dominio/ambiente/filas_del_balde_y_de_devolver_test.gd > test_el_balde_suena_su_alzar_y_en_todo_lo_demas_su_dejar PASSED 52ms

  res://test/dominio/ambiente/filas_del_balde_y_de_devolver_test.gd > test_cada_gesto_con_el_balde_suena_su_audio_plano_y_por_efectos STARTED
  res://test/dominio/ambiente/filas_del_balde_y_de_devolver_test.gd > test_cada_gesto_con_el_balde_suena_su_audio_plano_y_por_efectos PASSED 49ms

  res://test/dominio/ambiente/filas_del_balde_y_de_devolver_test.gd > test_un_uso_de_la_limpieza_que_no_cambia_nada_no_tiene_fila STARTED
  res://test/dominio/ambiente/filas_del_balde_y_de_devolver_test.gd > test_un_uso_de_la_limpieza_que_no_cambia_nada_no_tiene_fila PASSED 49ms

  res://test/dominio/ambiente/filas_del_balde_y_de_devolver_test.gd > test_devolver_suena_en_cada_sonoridad_lo_mismo_que_colocar STARTED
  res://test/dominio/ambiente/filas_del_balde_y_de_devolver_test.gd > test_devolver_suena_en_cada_sonoridad_lo_mismo_que_colocar PASSED 49ms

Statistics: 4 test cases | 0 errors | 0 failures | 0 flaky | 0 skipped | 0 orphans | PASSED 222ms


Run Test Suite: res://test/dominio/ambiente/indicacion_del_foco_test.gd
  res://test/dominio/ambiente/indicacion_del_foco_test.gd > test_la_indicacion_tiene_medidas_visibles_y_colores_distintos STARTED
  res://test/dominio/ambiente/indicacion_del_foco_test.gd > test_la_indicacion_tiene_medidas_visibles_y_colores_distintos PASSED 5ms

Statistics: 1 test cases | 0 errors | 0 failures | 0 flaky | 0 skipped | 0 orphans | PASSED 15ms


Run Test Suite: res://test/dominio/ambiente/notificaciones_test.gd
  res://test/dominio/ambiente/notificaciones_test.gd > test_la_llegada_fisica_espera_a_que_se_inicie_su_conversacion STARTED
  res://test/dominio/ambiente/notificaciones_test.gd > test_la_llegada_fisica_espera_a_que_se_inicie_su_conversacion PASSED 7ms

  res://test/dominio/ambiente/notificaciones_test.gd > test_la_salida_se_deduplica_dura_tres_segundos_y_se_reinicia STARTED
  res://test/dominio/ambiente/notificaciones_test.gd > test_la_salida_se_deduplica_dura_tres_segundos_y_se_reinicia PASSED 5ms

  res://test/dominio/ambiente/notificaciones_test.gd > test_reabrir_con_el_mismo_comprador_no_reinicia_el_aviso STARTED
  res://test/dominio/ambiente/notificaciones_test.gd > test_reabrir_con_el_mismo_comprador_no_reinicia_el_aviso PASSED 6ms

  res://test/dominio/ambiente/notificaciones_test.gd > test_otro_comprador_renueva_el_tipo_sin_duplicarlo STARTED
  res://test/dominio/ambiente/notificaciones_test.gd > test_otro_comprador_renueva_el_tipo_sin_duplicarlo PASSED 7ms

  res://test/dominio/ambiente/notificaciones_test.gd > test_un_comprador_ya_avisado_tampoco_avisa_despues_de_vencer STARTED
  res://test/dominio/ambiente/notificaciones_test.gd > test_un_comprador_ya_avisado_tampoco_avisa_despues_de_vencer PASSED 7ms

  res://test/dominio/ambiente/notificaciones_test.gd > test_el_lector_avisa_solo_por_renglones_llenos STARTED
  res://test/dominio/ambiente/notificaciones_test.gd > test_el_lector_avisa_solo_por_renglones_llenos PASSED 9ms

  res://test/dominio/ambiente/notificaciones_test.gd > test_el_aviso_sigue_a_2_9_y_sale_a_3_0 STARTED
  res://test/dominio/ambiente/notificaciones_test.gd > test_el_aviso_sigue_a_2_9_y_sale_a_3_0 PASSED 7ms

  res://test/dominio/ambiente/notificaciones_test.gd > test_un_cuadro_largo_saca_todos_los_avisos STARTED
  res://test/dominio/ambiente/notificaciones_test.gd > test_un_cuadro_largo_saca_todos_los_avisos PASSED 7ms

  res://test/dominio/ambiente/notificaciones_test.gd > test_repetir_el_tipo_lo_pone_primero_y_reinicia_solo_su_tiempo STARTED
  res://test/dominio/ambiente/notificaciones_test.gd > test_repetir_el_tipo_lo_pone_primero_y_reinicia_solo_su_tiempo PASSED 6ms

  res://test/dominio/ambiente/notificaciones_test.gd > test_repetir_un_tipo_no_renueva_el_otro STARTED
  res://test/dominio/ambiente/notificaciones_test.gd > test_repetir_un_tipo_no_renueva_el_otro PASSED 7ms

  res://test/dominio/ambiente/notificaciones_test.gd > test_los_tipos_se_ordenan_del_mas_nuevo_al_mas_viejo STARTED
  res://test/dominio/ambiente/notificaciones_test.gd > test_los_tipos_se_ordenan_del_mas_nuevo_al_mas_viejo PASSED 6ms

  res://test/dominio/ambiente/notificaciones_test.gd > test_vaciar_borra_ambos_tipos_y_olvida_compradores STARTED
  res://test/dominio/ambiente/notificaciones_test.gd > test_vaciar_borra_ambos_tipos_y_olvida_compradores PASSED 6ms

  res://test/dominio/ambiente/notificaciones_test.gd > test_null_y_avances_no_positivos_no_cambian_el_estado STARTED
  res://test/dominio/ambiente/notificaciones_test.gd > test_null_y_avances_no_positivos_no_cambian_el_estado PASSED 4ms

  res://test/dominio/ambiente/notificaciones_test.gd > test_modificar_la_lista_devuelta_no_borra_lo_visible STARTED
  res://test/dominio/ambiente/notificaciones_test.gd > test_modificar_la_lista_devuelta_no_borra_lo_visible PASSED 7ms

Statistics: 14 test cases | 0 errors | 0 failures | 0 flaky | 0 skipped | 0 orphans | PASSED 140ms


Run Test Suite: res://test/dominio/ambiente/ronda_de_voces_test.gd
  res://test/dominio/ambiente/ronda_de_voces_test.gd > test_el_local_tiene_voces_de_sobra_para_cinco_sonidos_seguidos STARTED
  res://test/dominio/ambiente/ronda_de_voces_test.gd > test_el_local_tiene_voces_de_sobra_para_cinco_sonidos_seguidos PASSED 9ms

  res://test/dominio/ambiente/ronda_de_voces_test.gd > test_cada_voz_sale_una_sola_vez_por_vuelta STARTED
  res://test/dominio/ambiente/ronda_de_voces_test.gd > test_cada_voz_sale_una_sola_vez_por_vuelta PASSED 11ms

  res://test/dominio/ambiente/ronda_de_voces_test.gd > test_la_vuelta_siguiente_empieza_de_nuevo STARTED
  res://test/dominio/ambiente/ronda_de_voces_test.gd > test_la_vuelta_siguiente_empieza_de_nuevo PASSED 7ms

  res://test/dominio/ambiente/ronda_de_voces_test.gd > test_dos_rondas_no_comparten_el_turno STARTED
  res://test/dominio/ambiente/ronda_de_voces_test.gd > test_dos_rondas_no_comparten_el_turno PASSED 7ms

Statistics: 4 test cases | 0 errors | 0 failures | 0 flaky | 0 skipped | 0 orphans | PASSED 57ms


Run Test Suite: res://test/dominio/ambiente/tabla_de_sonidos_test.gd
  res://test/dominio/ambiente/tabla_de_sonidos_test.gd > test_la_tabla_del_disco_carga STARTED
  res://test/dominio/ambiente/tabla_de_sonidos_test.gd > test_la_tabla_del_disco_carga PASSED 49ms

  res://test/dominio/ambiente/tabla_de_sonidos_test.gd > test_la_tabla_cubre_todos_los_eventos STARTED
  res://test/dominio/ambiente/tabla_de_sonidos_test.gd > test_la_tabla_cubre_todos_los_eventos PASSED 50ms

  res://test/dominio/ambiente/tabla_de_sonidos_test.gd > test_cinco_eventos_suenan_con_su_audio_y_su_bus STARTED
  res://test/dominio/ambiente/tabla_de_sonidos_test.gd > test_cinco_eventos_suenan_con_su_audio_y_su_bus PASSED 49ms

  res://test/dominio/ambiente/tabla_de_sonidos_test.gd > test_el_boton_de_la_computadora_lo_dispara_boton_pulsado STARTED
  res://test/dominio/ambiente/tabla_de_sonidos_test.gd > test_el_boton_de_la_computadora_lo_dispara_boton_pulsado PASSED 49ms

  res://test/dominio/ambiente/tabla_de_sonidos_test.gd > test_cerrar_la_jornada_y_abrir_la_computadora_quedan_mudos STARTED
  res://test/dominio/ambiente/tabla_de_sonidos_test.gd > test_cerrar_la_jornada_y_abrir_la_computadora_quedan_mudos PASSED 55ms

  res://test/dominio/ambiente/tabla_de_sonidos_test.gd > test_ninguna_fila_del_disco_sale_por_un_bus_que_no_existe STARTED
  res://test/dominio/ambiente/tabla_de_sonidos_test.gd > test_ninguna_fila_del_disco_sale_por_un_bus_que_no_existe PASSED 49ms

  res://test/dominio/ambiente/tabla_de_sonidos_test.gd > test_un_evento_sin_fila_contesta_null_en_vez_de_reventar STARTED
  res://test/dominio/ambiente/tabla_de_sonidos_test.gd > test_un_evento_sin_fila_contesta_null_en_vez_de_reventar PASSED 8ms

  res://test/dominio/ambiente/tabla_de_sonidos_test.gd > test_una_tabla_con_una_fila_invalida_la_nombra STARTED
  res://test/dominio/ambiente/tabla_de_sonidos_test.gd > test_una_tabla_con_una_fila_invalida_la_nombra PASSED 6ms

  res://test/dominio/ambiente/tabla_de_sonidos_test.gd > test_la_fila_de_un_evento_de_objeto_sale_de_su_sonoridad STARTED
  res://test/dominio/ambiente/tabla_de_sonidos_test.gd > test_la_fila_de_un_evento_de_objeto_sale_de_su_sonoridad PASSED 50ms

  res://test/dominio/ambiente/tabla_de_sonidos_test.gd > test_un_par_sin_fila_contesta_null STARTED
  res://test/dominio/ambiente/tabla_de_sonidos_test.gd > test_un_par_sin_fila_contesta_null PASSED 7ms

  res://test/dominio/ambiente/tabla_de_sonidos_test.gd > test_la_tabla_nombra_el_par_que_falta STARTED
  res://test/dominio/ambiente/tabla_de_sonidos_test.gd > test_la_tabla_nombra_el_par_que_falta PASSED 49ms

  res://test/dominio/ambiente/tabla_de_sonidos_test.gd > test_cada_sonoridad_con_audio_suena_su_propio_archivo STARTED
  res://test/dominio/ambiente/tabla_de_sonidos_test.gd > test_cada_sonoridad_con_audio_suena_su_propio_archivo PASSED 51ms

  res://test/dominio/ambiente/tabla_de_sonidos_test.gd > test_la_musica_y_el_ambiente_van_en_bucle_por_su_bus STARTED
  res://test/dominio/ambiente/tabla_de_sonidos_test.gd > test_la_musica_y_el_ambiente_van_en_bucle_por_su_bus PASSED 50ms

  res://test/dominio/ambiente/tabla_de_sonidos_test.gd > test_lo_que_pasa_en_un_lugar_suena_del_espacio_y_lo_demas_plano STARTED
  res://test/dominio/ambiente/tabla_de_sonidos_test.gd > test_lo_que_pasa_en_un_lugar_suena_del_espacio_y_lo_demas_plano PASSED 49ms

  res://test/dominio/ambiente/tabla_de_sonidos_test.gd > test_los_pasos_alternan_pisadas_planas STARTED
  res://test/dominio/ambiente/tabla_de_sonidos_test.gd > test_los_pasos_alternan_pisadas_planas PASSED 49ms

  res://test/dominio/ambiente/tabla_de_sonidos_test.gd > test_la_toma_larga_de_pasos_no_se_usa STARTED
  res://test/dominio/ambiente/tabla_de_sonidos_test.gd > test_la_toma_larga_de_pasos_no_se_usa PASSED 10ms

  res://test/dominio/ambiente/tabla_de_sonidos_test.gd > test_la_compra_el_lector_y_el_celular_suenan_con_su_audio STARTED
  res://test/dominio/ambiente/tabla_de_sonidos_test.gd > test_la_compra_el_lector_y_el_celular_suenan_con_su_audio PASSED 48ms

  res://test/dominio/ambiente/tabla_de_sonidos_test.gd > test_las_tres_senales_llegan_de_una_fuente_del_audio STARTED
  res://test/dominio/ambiente/tabla_de_sonidos_test.gd > test_las_tres_senales_llegan_de_una_fuente_del_audio PASSED 10ms

  res://test/dominio/ambiente/tabla_de_sonidos_test.gd > test_la_ronda_reparte_por_turno_y_vuelve_al_principio STARTED
  res://test/dominio/ambiente/tabla_de_sonidos_test.gd > test_la_ronda_reparte_por_turno_y_vuelve_al_principio PASSED 8ms

  res://test/dominio/ambiente/tabla_de_sonidos_test.gd > test_una_ronda_sin_voces_queda_vacia_y_no_falla STARTED
  res://test/dominio/ambiente/tabla_de_sonidos_test.gd > test_una_ronda_sin_voces_queda_vacia_y_no_falla PASSED 10ms

Statistics: 20 test cases | 0 errors | 0 failures | 0 flaky | 0 skipped | 0 orphans | PASSED 784ms


Run Test Suite: res://test/dominio/dialogo_test.gd
  res://test/dominio/dialogo_test.gd > test_la_primera_entrada_se_muestra_sin_avanzar STARTED
  res://test/dominio/dialogo_test.gd > test_la_primera_entrada_se_muestra_sin_avanzar PASSED 7ms

  res://test/dominio/dialogo_test.gd > test_tres_entradas_retienen_hasta_el_tercer_avance STARTED
  res://test/dominio/dialogo_test.gd > test_tres_entradas_retienen_hasta_el_tercer_avance PASSED 9ms

  res://test/dominio/dialogo_test.gd > test_avanzar_despues_del_final_no_borra_la_ultima_entrada STARTED
  res://test/dominio/dialogo_test.gd > test_avanzar_despues_del_final_no_borra_la_ultima_entrada PASSED 8ms

  res://test/dominio/dialogo_test.gd > test_sin_entradas_se_puede_abandonar_desde_el_principio STARTED
  res://test/dominio/dialogo_test.gd > test_sin_entradas_se_puede_abandonar_desde_el_principio PASSED 8ms

  res://test/dominio/dialogo_test.gd > test_el_pensamiento_no_retiene_antes_de_avanzar STARTED
  res://test/dominio/dialogo_test.gd > test_el_pensamiento_no_retiene_antes_de_avanzar PASSED 7ms

  res://test/dominio/dialogo_test.gd > test_una_sola_entrada_se_cierra_con_el_primer_avance STARTED
  res://test/dominio/dialogo_test.gd > test_una_sola_entrada_se_cierra_con_el_primer_avance PASSED 7ms

  res://test/dominio/dialogo_test.gd > test_el_recordatorio_tiene_una_entrada_y_no_retiene STARTED
  res://test/dominio/dialogo_test.gd > test_el_recordatorio_tiene_una_entrada_y_no_retiene PASSED 7ms

  res://test/dominio/dialogo_test.gd > test_el_dialogo_conserva_sus_entradas_si_cambia_la_fuente STARTED
  res://test/dominio/dialogo_test.gd > test_el_dialogo_conserva_sus_entradas_si_cambia_la_fuente PASSED 7ms

Statistics: 8 test cases | 0 errors | 0 failures | 0 flaky | 0 skipped | 0 orphans | PASSED 93ms


Run Test Suite: res://test/dominio/empleo/catalogo_de_reacciones_test.gd
  res://test/dominio/empleo/catalogo_de_reacciones_test.gd > test_hay_una_reaccion_por_cada_tarea_en_sus_dos_estados STARTED
  res://test/dominio/empleo/catalogo_de_reacciones_test.gd > test_hay_una_reaccion_por_cada_tarea_en_sus_dos_estados PASSED 7ms

  res://test/dominio/empleo/catalogo_de_reacciones_test.gd > test_cada_reaccion_de_tarea_repite_adentro_la_fila_en_la_que_esta STARTED
  res://test/dominio/empleo/catalogo_de_reacciones_test.gd > test_cada_reaccion_de_tarea_repite_adentro_la_fila_en_la_que_esta PASSED 8ms

  res://test/dominio/empleo/catalogo_de_reacciones_test.gd > test_hay_un_comentario_por_cada_apercibimiento_hasta_el_tope STARTED
  res://test/dominio/empleo/catalogo_de_reacciones_test.gd > test_hay_un_comentario_por_cada_apercibimiento_hasta_el_tope PASSED 7ms

  res://test/dominio/empleo/catalogo_de_reacciones_test.gd > test_por_encima_del_tope_contesta_la_del_despido_y_no_un_nulo STARTED
  res://test/dominio/empleo/catalogo_de_reacciones_test.gd > test_por_encima_del_tope_contesta_la_del_despido_y_no_un_nulo PASSED 7ms

  res://test/dominio/empleo/catalogo_de_reacciones_test.gd > test_el_catalogo_no_decide_nada_porque_es_una_tabla STARTED
  res://test/dominio/empleo/catalogo_de_reacciones_test.gd > test_el_catalogo_no_decide_nada_porque_es_una_tabla PASSED 7ms

Statistics: 5 test cases | 0 errors | 0 failures | 0 flaky | 0 skipped | 0 orphans | PASSED 58ms


Run Test Suite: res://test/dominio/empleo/consecuencia_test.gd
  res://test/dominio/empleo/consecuencia_test.gd > test_cumplir_las_cinco_obligatorias_no_trae_consecuencias STARTED
  res://test/dominio/empleo/consecuencia_test.gd > test_cumplir_las_cinco_obligatorias_no_trae_consecuencias PASSED 8ms

  res://test/dominio/empleo/consecuencia_test.gd > test_cumplir_cuatro_de_cinco_es_un_aviso STARTED
  res://test/dominio/empleo/consecuencia_test.gd > test_cumplir_cuatro_de_cinco_es_un_aviso PASSED 8ms

  res://test/dominio/empleo/consecuencia_test.gd > test_cumplir_tres_de_cinco_todavia_es_un_aviso STARTED
  res://test/dominio/empleo/consecuencia_test.gd > test_cumplir_tres_de_cinco_todavia_es_un_aviso PASSED 8ms

  res://test/dominio/empleo/consecuencia_test.gd > test_cumplir_menos_de_tres_es_grave STARTED
  res://test/dominio/empleo/consecuencia_test.gd > test_cumplir_menos_de_tres_es_grave PASSED 7ms

  res://test/dominio/empleo/consecuencia_test.gd > test_cumplir_todas_se_mide_contra_las_obligatorias_y_no_contra_un_cinco STARTED
  res://test/dominio/empleo/consecuencia_test.gd > test_cumplir_todas_se_mide_contra_las_obligatorias_y_no_contra_un_cinco PASSED 8ms

  res://test/dominio/empleo/consecuencia_test.gd > test_el_corte_del_aviso_son_tres_tareas_y_no_una_fraccion_de_las_obligatorias STARTED
  res://test/dominio/empleo/consecuencia_test.gd > test_el_corte_del_aviso_son_tres_tareas_y_no_una_fraccion_de_las_obligatorias PASSED 8ms

  res://test/dominio/empleo/consecuencia_test.gd > test_cumplir_casi_todas_no_es_ninguna_consecuencia STARTED
  res://test/dominio/empleo/consecuencia_test.gd > test_cumplir_casi_todas_no_es_ninguna_consecuencia PASSED 7ms

Statistics: 7 test cases | 0 errors | 0 failures | 0 flaky | 0 skipped | 0 orphans | PASSED 78ms


Run Test Suite: res://test/dominio/empleo/espera_de_la_carga_test.gd
  res://test/dominio/empleo/espera_de_la_carga_test.gd > test_recien_mostrada_no_deja_entrar STARTED
  res://test/dominio/empleo/espera_de_la_carga_test.gd > test_recien_mostrada_no_deja_entrar PASSED 8ms

  res://test/dominio/empleo/espera_de_la_carga_test.gd > test_con_la_carga_terminada_espera_el_minimo STARTED
  res://test/dominio/empleo/espera_de_la_carga_test.gd > test_con_la_carga_terminada_espera_el_minimo PASSED 7ms

  res://test/dominio/empleo/espera_de_la_carga_test.gd > test_pasado_el_minimo_espera_la_carga STARTED
  res://test/dominio/empleo/espera_de_la_carga_test.gd > test_pasado_el_minimo_espera_la_carga PASSED 7ms

  res://test/dominio/empleo/espera_de_la_carga_test.gd > test_el_tiempo_se_acumula_entre_cuadros STARTED
  res://test/dominio/empleo/espera_de_la_carga_test.gd > test_el_tiempo_se_acumula_entre_cuadros PASSED 8ms

  res://test/dominio/empleo/espera_de_la_carga_test.gd > test_el_minimo_es_un_segundo STARTED
  res://test/dominio/empleo/espera_de_la_carga_test.gd > test_el_minimo_es_un_segundo PASSED 9ms

Statistics: 5 test cases | 0 errors | 0 failures | 0 flaky | 0 skipped | 0 orphans | PASSED 58ms


Run Test Suite: res://test/dominio/empleo/legajo_test.gd
  res://test/dominio/empleo/legajo_test.gd > test_un_legajo_nuevo_no_tiene_apercibimientos_ni_despido STARTED
  res://test/dominio/empleo/legajo_test.gd > test_un_legajo_nuevo_no_tiene_apercibimientos_ni_despido PASSED 7ms

  res://test/dominio/empleo/legajo_test.gd > test_una_jornada_completa_no_suma_apercibimientos STARTED
  res://test/dominio/empleo/legajo_test.gd > test_una_jornada_completa_no_suma_apercibimientos PASSED 7ms

  res://test/dominio/empleo/legajo_test.gd > test_el_aviso_suma_uno_y_la_banda_grave_suma_dos STARTED
  res://test/dominio/empleo/legajo_test.gd > test_el_aviso_suma_uno_y_la_banda_grave_suma_dos PASSED 7ms

  res://test/dominio/empleo/legajo_test.gd > test_hacen_falta_cuatro_jornadas_de_aviso_para_que_lo_echen STARTED
  res://test/dominio/empleo/legajo_test.gd > test_hacen_falta_cuatro_jornadas_de_aviso_para_que_lo_echen PASSED 7ms

  res://test/dominio/empleo/legajo_test.gd > test_dos_jornadas_graves_seguidas_alcanzan_para_el_despido STARTED
  res://test/dominio/empleo/legajo_test.gd > test_dos_jornadas_graves_seguidas_alcanzan_para_el_despido PASSED 7ms

  res://test/dominio/empleo/legajo_test.gd > test_una_jornada_completa_con_deuda_deja_el_aviso_siguiente_en_despido STARTED
  res://test/dominio/empleo/legajo_test.gd > test_una_jornada_completa_con_deuda_deja_el_aviso_siguiente_en_despido PASSED 8ms

  res://test/dominio/empleo/legajo_test.gd > test_a_la_banda_grave_le_alcanza_con_una_jornada_menos_que_a_la_de_aviso STARTED
  res://test/dominio/empleo/legajo_test.gd > test_a_la_banda_grave_le_alcanza_con_una_jornada_menos_que_a_la_de_aviso PASSED 7ms

  res://test/dominio/empleo/legajo_test.gd > test_una_grave_y_dos_avisos_despiden_y_no_antes STARTED
  res://test/dominio/empleo/legajo_test.gd > test_una_grave_y_dos_avisos_despiden_y_no_antes PASSED 7ms

  res://test/dominio/empleo/legajo_test.gd > test_el_contador_puede_pasar_de_largo_el_umbral_sin_pisarlo STARTED
  res://test/dominio/empleo/legajo_test.gd > test_el_contador_puede_pasar_de_largo_el_umbral_sin_pisarlo PASSED 7ms

  res://test/dominio/empleo/legajo_test.gd > test_la_jornada_completa_se_mide_contra_las_obligatorias_y_no_contra_un_cinco STARTED
  res://test/dominio/empleo/legajo_test.gd > test_la_jornada_completa_se_mide_contra_las_obligatorias_y_no_contra_un_cinco PASSED 8ms

  res://test/dominio/empleo/legajo_test.gd > test_un_legajo_restaurado_sigue_contando_desde_donde_quedo STARTED
  res://test/dominio/empleo/legajo_test.gd > test_un_legajo_restaurado_sigue_contando_desde_donde_quedo PASSED 8ms

  res://test/dominio/empleo/legajo_test.gd > test_restaurar_un_legajo_en_cero_es_lo_mismo_que_uno_nuevo STARTED
  res://test/dominio/empleo/legajo_test.gd > test_restaurar_un_legajo_en_cero_es_lo_mismo_que_uno_nuevo PASSED 7ms

  res://test/dominio/empleo/legajo_test.gd > test_una_jornada_impecable_con_legajo_limpio_lo_conserva_en_cero STARTED
  res://test/dominio/empleo/legajo_test.gd > test_una_jornada_impecable_con_legajo_limpio_lo_conserva_en_cero PASSED 8ms

  res://test/dominio/empleo/legajo_test.gd > test_dos_graves_con_una_impecable_en_el_medio_despiden STARTED
  res://test/dominio/empleo/legajo_test.gd > test_dos_graves_con_una_impecable_en_el_medio_despiden PASSED 7ms

  res://test/dominio/empleo/legajo_test.gd > test_la_quinta_impecable_con_deuda_cumple_el_contrato STARTED
  res://test/dominio/empleo/legajo_test.gd > test_la_quinta_impecable_con_deuda_cumple_el_contrato PASSED 7ms

Statistics: 15 test cases | 0 errors | 0 failures | 0 flaky | 0 skipped | 0 orphans | PASSED 165ms


Run Test Suite: res://test/dominio/empleo/llamados_de_la_partida_test.gd
  res://test/dominio/empleo/llamados_de_la_partida_test.gd > test_las_bandas_suman_medios_y_no_sustituyen_llamados STARTED
  res://test/dominio/empleo/llamados_de_la_partida_test.gd > test_las_bandas_suman_medios_y_no_sustituyen_llamados PASSED 8ms

  res://test/dominio/empleo/llamados_de_la_partida_test.gd > test_motivos_repetidos_y_distintos_se_cuentan_por_noche STARTED
  res://test/dominio/empleo/llamados_de_la_partida_test.gd > test_motivos_repetidos_y_distintos_se_cuentan_por_noche PASSED 7ms

  res://test/dominio/empleo/llamados_de_la_partida_test.gd > test_fuera_de_la_jornada_abierta_no_guarda_motivos STARTED
  res://test/dominio/empleo/llamados_de_la_partida_test.gd > test_fuera_de_la_jornada_abierta_no_guarda_motivos PASSED 6ms

  res://test/dominio/empleo/llamados_de_la_partida_test.gd > test_siete_medios_no_despiden_y_ocho_si STARTED
  res://test/dominio/empleo/llamados_de_la_partida_test.gd > test_siete_medios_no_despiden_y_ocho_si PASSED 8ms

  res://test/dominio/empleo/llamados_de_la_partida_test.gd > test_restaurado_siete_con_impecable_conserva_siete STARTED
  res://test/dominio/empleo/llamados_de_la_partida_test.gd > test_restaurado_siete_con_impecable_conserva_siete PASSED 8ms

  res://test/dominio/empleo/llamados_de_la_partida_test.gd > test_reanudar_sanea_medios_sin_migrar_la_clave_antigua STARTED
  res://test/dominio/empleo/llamados_de_la_partida_test.gd > test_reanudar_sanea_medios_sin_migrar_la_clave_antigua PASSED 8ms

  res://test/dominio/empleo/llamados_de_la_partida_test.gd > test_la_lectura_entera_del_comentario_descarta_solo_el_medio STARTED
  res://test/dominio/empleo/llamados_de_la_partida_test.gd > test_la_lectura_entera_del_comentario_descarta_solo_el_medio PASSED 7ms

  res://test/dominio/empleo/llamados_de_la_partida_test.gd > test_la_quinta_con_siete_cumple_y_con_un_motivo_despide STARTED
  res://test/dominio/empleo/llamados_de_la_partida_test.gd > test_la_quinta_con_siete_cumple_y_con_un_motivo_despide PASSED 9ms

Statistics: 8 test cases | 0 errors | 0 failures | 0 flaky | 0 skipped | 0 orphans | PASSED 91ms


Run Test Suite: res://test/dominio/empleo/menu_de_inicio_test.gd
  res://test/dominio/empleo/menu_de_inicio_test.gd > test_fuera_de_la_web_muestra_las_cinco_opciones_en_orden STARTED
  res://test/dominio/empleo/menu_de_inicio_test.gd > test_fuera_de_la_web_muestra_las_cinco_opciones_en_orden PASSED 7ms

  res://test/dominio/empleo/menu_de_inicio_test.gd > test_la_web_no_ofrece_salir STARTED
  res://test/dominio/empleo/menu_de_inicio_test.gd > test_la_web_no_ofrece_salir PASSED 7ms

  res://test/dominio/empleo/menu_de_inicio_test.gd > test_nuevo_juego_y_salir_estan_habilitadas STARTED
  res://test/dominio/empleo/menu_de_inicio_test.gd > test_nuevo_juego_y_salir_estan_habilitadas PASSED 7ms

  res://test/dominio/empleo/menu_de_inicio_test.gd > test_con_guardado_continuar_se_habilita STARTED
  res://test/dominio/empleo/menu_de_inicio_test.gd > test_con_guardado_continuar_se_habilita PASSED 8ms

  res://test/dominio/empleo/menu_de_inicio_test.gd > test_nuevo_juego_pide_confirmacion_solo_con_guardado STARTED
  res://test/dominio/empleo/menu_de_inicio_test.gd > test_nuevo_juego_pide_confirmacion_solo_con_guardado PASSED 7ms

  res://test/dominio/empleo/menu_de_inicio_test.gd > test_continuar_configuraciones_y_logros_se_ven_deshabilitadas STARTED
  res://test/dominio/empleo/menu_de_inicio_test.gd > test_continuar_configuraciones_y_logros_se_ven_deshabilitadas PASSED 6ms

Statistics: 6 test cases | 0 errors | 0 failures | 0 flaky | 0 skipped | 0 orphans | PASSED 69ms


Run Test Suite: res://test/dominio/empleo/parte_de_cierre_test.gd
  res://test/dominio/empleo/parte_de_cierre_test.gd > test_el_parte_trae_una_linea_por_obligatoria_en_el_orden_declarado STARTED
  res://test/dominio/empleo/parte_de_cierre_test.gd > test_el_parte_trae_una_linea_por_obligatoria_en_el_orden_declarado PASSED 7ms

  res://test/dominio/empleo/parte_de_cierre_test.gd > test_la_misma_tarea_cumplida_y_sin_cumplir_dice_cosas_distintas STARTED
  res://test/dominio/empleo/parte_de_cierre_test.gd > test_la_misma_tarea_cumplida_y_sin_cumplir_dice_cosas_distintas PASSED 7ms

  res://test/dominio/empleo/parte_de_cierre_test.gd > test_el_saludo_y_el_comentario_salen_del_parte_ya_escritos STARTED
  res://test/dominio/empleo/parte_de_cierre_test.gd > test_el_saludo_y_el_comentario_salen_del_parte_ya_escritos PASSED 7ms

  res://test/dominio/empleo/parte_de_cierre_test.gd > test_el_parte_devuelve_lo_que_recibio_sin_recalcular_nada STARTED
  res://test/dominio/empleo/parte_de_cierre_test.gd > test_el_parte_devuelve_lo_que_recibio_sin_recalcular_nada PASSED 5ms

  res://test/dominio/empleo/parte_de_cierre_test.gd > test_los_tres_archivos_del_dominio_son_puros STARTED
  res://test/dominio/empleo/parte_de_cierre_test.gd > test_los_tres_archivos_del_dominio_son_puros PASSED 9ms

  res://test/dominio/empleo/parte_de_cierre_test.gd > test_los_tres_espejos_de_este_spec_estan_escritos STARTED
  res://test/dominio/empleo/parte_de_cierre_test.gd > test_los_tres_espejos_de_este_spec_estan_escritos PASSED 5ms

  res://test/dominio/empleo/parte_de_cierre_test.gd > test_la_partida_que_termino_ofrece_volver_al_menu_y_no_seguir STARTED
  res://test/dominio/empleo/parte_de_cierre_test.gd > test_la_partida_que_termino_ofrece_volver_al_menu_y_no_seguir PASSED 7ms

  res://test/dominio/empleo/parte_de_cierre_test.gd > test_la_partida_en_curso_ofrece_seguir_y_volver_al_menu STARTED
  res://test/dominio/empleo/parte_de_cierre_test.gd > test_la_partida_en_curso_ofrece_seguir_y_volver_al_menu PASSED 5ms

  res://test/dominio/empleo/parte_de_cierre_test.gd > test_el_parte_de_la_partida_real_despedida_no_ofrece_seguir STARTED
  res://test/dominio/empleo/parte_de_cierre_test.gd > test_el_parte_de_la_partida_real_despedida_no_ofrece_seguir PASSED 6ms

  res://test/dominio/empleo/parte_de_cierre_test.gd > test_siete_medios_tienen_el_mismo_comentario_que_seis STARTED
  res://test/dominio/empleo/parte_de_cierre_test.gd > test_siete_medios_tienen_el_mismo_comentario_que_seis PASSED 4ms

  res://test/dominio/empleo/parte_de_cierre_test.gd > test_el_parte_agrega_cada_llamado_una_vez_sin_arrastrarlo STARTED
  res://test/dominio/empleo/parte_de_cierre_test.gd > test_el_parte_agrega_cada_llamado_una_vez_sin_arrastrarlo PASSED 6ms

Statistics: 11 test cases | 0 errors | 0 failures | 0 flaky | 0 skipped | 0 orphans | PASSED 107ms


Run Test Suite: res://test/dominio/empleo/partida_serializada_test.gd
  res://test/dominio/empleo/partida_serializada_test.gd > test_cada_campo_tiene_su_clave STARTED
  res://test/dominio/empleo/partida_serializada_test.gd > test_cada_campo_tiene_su_clave PASSED 6ms

  res://test/dominio/empleo/partida_serializada_test.gd > test_un_guardado_completo_vuelve_igual STARTED
  res://test/dominio/empleo/partida_serializada_test.gd > test_un_guardado_completo_vuelve_igual PASSED 7ms

  res://test/dominio/empleo/partida_serializada_test.gd > test_el_campo_que_falta_vuelve_con_su_defecto STARTED
  res://test/dominio/empleo/partida_serializada_test.gd > test_el_campo_que_falta_vuelve_con_su_defecto PASSED 6ms

  res://test/dominio/empleo/partida_serializada_test.gd > test_el_tipo_equivocado_vuelve_con_su_defecto STARTED
  res://test/dominio/empleo/partida_serializada_test.gd > test_el_tipo_equivocado_vuelve_con_su_defecto PASSED 6ms

  res://test/dominio/empleo/partida_serializada_test.gd > test_la_actual_una_anterior_y_sin_version_son_legibles STARTED
  res://test/dominio/empleo/partida_serializada_test.gd > test_la_actual_una_anterior_y_sin_version_son_legibles PASSED 6ms

Statistics: 5 test cases | 0 errors | 0 failures | 0 flaky | 0 skipped | 0 orphans | PASSED 49ms


Run Test Suite: res://test/dominio/empleo/partida_test.gd
  res://test/dominio/empleo/partida_test.gd > test_una_partida_nueva_arranca_en_la_primera_jornada STARTED
  res://test/dominio/empleo/partida_test.gd > test_una_partida_nueva_arranca_en_la_primera_jornada PASSED 6ms

  res://test/dominio/empleo/partida_test.gd > test_la_partida_guarda_el_legajo_que_recibio_y_no_una_copia STARTED
  res://test/dominio/empleo/partida_test.gd > test_la_partida_guarda_el_legajo_que_recibio_y_no_una_copia PASSED 5ms

  res://test/dominio/empleo/partida_test.gd > test_una_partida_restaurada_a_un_aviso_del_tope_despide_con_un_aviso STARTED
  res://test/dominio/empleo/partida_test.gd > test_una_partida_restaurada_a_un_aviso_del_tope_despide_con_un_aviso PASSED 7ms

  res://test/dominio/empleo/partida_test.gd > test_una_partida_guardada_sigue_en_su_jornada_y_con_su_legajo STARTED
  res://test/dominio/empleo/partida_test.gd > test_una_partida_guardada_sigue_en_su_jornada_y_con_su_legajo PASSED 7ms

  res://test/dominio/empleo/partida_test.gd > test_un_diccionario_vacio_da_una_partida_nueva STARTED
  res://test/dominio/empleo/partida_test.gd > test_un_diccionario_vacio_da_una_partida_nueva PASSED 6ms

  res://test/dominio/empleo/partida_test.gd > test_cerrar_una_jornada_avanza_y_anota_la_banda_en_el_legajo STARTED
  res://test/dominio/empleo/partida_test.gd > test_cerrar_una_jornada_avanza_y_anota_la_banda_en_el_legajo PASSED 6ms

  res://test/dominio/empleo/partida_test.gd > test_dos_cierres_sin_abrir_en_el_medio_no_avanzan_dos_veces STARTED
  res://test/dominio/empleo/partida_test.gd > test_dos_cierres_sin_abrir_en_el_medio_no_avanzan_dos_veces PASSED 4ms

  res://test/dominio/empleo/partida_test.gd > test_cerrar_sin_haber_abierto_no_hace_nada STARTED
  res://test/dominio/empleo/partida_test.gd > test_cerrar_sin_haber_abierto_no_hace_nada PASSED 5ms

  res://test/dominio/empleo/partida_test.gd > test_abrir_la_jornada_entrega_el_turno_del_001_con_sus_obligatorias STARTED
  res://test/dominio/empleo/partida_test.gd > test_abrir_la_jornada_entrega_el_turno_del_001_con_sus_obligatorias PASSED 6ms

  res://test/dominio/empleo/partida_test.gd > test_cada_jornada_abre_un_turno_nuevo_y_tareas_nuevas STARTED
  res://test/dominio/empleo/partida_test.gd > test_cada_jornada_abre_un_turno_nuevo_y_tareas_nuevas PASSED 5ms

  res://test/dominio/empleo/partida_test.gd > test_una_partida_que_termino_no_vuelve_a_abrir_una_jornada STARTED
  res://test/dominio/empleo/partida_test.gd > test_una_partida_que_termino_no_vuelve_a_abrir_una_jornada PASSED 6ms

  res://test/dominio/empleo/partida_test.gd > test_cinco_jornadas_impecables_terminan_la_partida_sin_despido STARTED
  res://test/dominio/empleo/partida_test.gd > test_cinco_jornadas_impecables_terminan_la_partida_sin_despido PASSED 6ms

  res://test/dominio/empleo/partida_test.gd > test_dos_jornadas_graves_seguidas_terminan_la_partida_con_despido STARTED
  res://test/dominio/empleo/partida_test.gd > test_dos_jornadas_graves_seguidas_terminan_la_partida_con_despido PASSED 7ms

  res://test/dominio/empleo/partida_test.gd > test_con_el_despido_en_la_ultima_jornada_gana_el_despido STARTED
  res://test/dominio/empleo/partida_test.gd > test_con_el_despido_en_la_ultima_jornada_gana_el_despido PASSED 7ms

  res://test/dominio/empleo/partida_test.gd > test_la_partida_tiene_tres_finales STARTED
  res://test/dominio/empleo/partida_test.gd > test_la_partida_tiene_tres_finales PASSED 8ms

  res://test/dominio/empleo/partida_test.gd > test_solo_la_ultima_jornada_es_la_ultima STARTED
  res://test/dominio/empleo/partida_test.gd > test_solo_la_ultima_jornada_es_la_ultima PASSED 7ms

  res://test/dominio/empleo/partida_test.gd > test_la_partida_es_pura_y_no_pide_una_escena STARTED
  res://test/dominio/empleo/partida_test.gd > test_la_partida_es_pura_y_no_pide_una_escena PASSED 6ms

Statistics: 17 test cases | 0 errors | 0 failures | 0 flaky | 0 skipped | 0 orphans | PASSED 158ms


Run Test Suite: res://test/dominio/empleo/politica_de_guardado_test.gd
  res://test/dominio/empleo/politica_de_guardado_test.gd > test_las_acciones_son_escribir_y_borrar_y_ninguna_mas STARTED
  res://test/dominio/empleo/politica_de_guardado_test.gd > test_las_acciones_son_escribir_y_borrar_y_ninguna_mas PASSED 5ms

  res://test/dominio/empleo/politica_de_guardado_test.gd > test_los_datos_llevan_la_jornada_y_los_medios_de_la_partida STARTED
  res://test/dominio/empleo/politica_de_guardado_test.gd > test_los_datos_llevan_la_jornada_y_los_medios_de_la_partida PASSED 6ms

  res://test/dominio/empleo/politica_de_guardado_test.gd > test_la_politica_es_pura STARTED
  res://test/dominio/empleo/politica_de_guardado_test.gd > test_la_politica_es_pura PASSED 7ms

Statistics: 3 test cases | 0 errors | 0 failures | 0 flaky | 0 skipped | 0 orphans | PASSED 31ms


Run Test Suite: res://test/dominio/empleo/reaccion_test.gd
  res://test/dominio/empleo/reaccion_test.gd > test_la_reaccion_vuelve_del_disco_con_su_clave_y_su_texto STARTED
  res://test/dominio/empleo/reaccion_test.gd > test_la_reaccion_vuelve_del_disco_con_su_clave_y_su_texto PASSED 16ms

  res://test/dominio/empleo/reaccion_test.gd > test_las_tres_claves_posibles_estan_declaradas STARTED
  res://test/dominio/empleo/reaccion_test.gd > test_las_tres_claves_posibles_estan_declaradas PASSED 7ms

Statistics: 2 test cases | 0 errors | 0 failures | 0 flaky | 0 skipped | 0 orphans | PASSED 35ms


Run Test Suite: res://test/dominio/empleo/reglas_de_la_partida_test.gd
  res://test/dominio/empleo/reglas_de_la_partida_test.gd > test_la_partida_dura_las_cinco_jornadas_del_gdd STARTED
  res://test/dominio/empleo/reglas_de_la_partida_test.gd > test_la_partida_dura_las_cinco_jornadas_del_gdd PASSED 7ms

  res://test/dominio/empleo/reglas_de_la_partida_test.gd > test_ningun_otro_archivo_del_ciclo_escribe_una_cifra_de_balance STARTED
  res://test/dominio/empleo/reglas_de_la_partida_test.gd > test_ningun_otro_archivo_del_ciclo_escribe_una_cifra_de_balance PASSED 9ms

  res://test/dominio/empleo/reglas_de_la_partida_test.gd > test_la_demo_alcanza_para_llegar_al_despido STARTED
  res://test/dominio/empleo/reglas_de_la_partida_test.gd > test_la_demo_alcanza_para_llegar_al_despido PASSED 6ms

  res://test/dominio/empleo/reglas_de_la_partida_test.gd > test_los_tres_espejos_de_este_spec_estan_escritos STARTED
  res://test/dominio/empleo/reglas_de_la_partida_test.gd > test_los_tres_espejos_de_este_spec_estan_escritos PASSED 5ms

  res://test/dominio/empleo/reglas_de_la_partida_test.gd > test_el_barrido_caza_la_cifra_de_balance_y_deja_pasar_la_prosa STARTED
  res://test/dominio/empleo/reglas_de_la_partida_test.gd > test_el_barrido_caza_la_cifra_de_balance_y_deja_pasar_la_prosa PASSED 5ms

Statistics: 5 test cases | 0 errors | 0 failures | 0 flaky | 0 skipped | 0 orphans | PASSED 51ms


Run Test Suite: res://test/dominio/investigacion/bandeja_test.gd
  res://test/dominio/investigacion/bandeja_test.gd > test_una_bandeja_nueva_tiene_todo_sin_leer STARTED
  res://test/dominio/investigacion/bandeja_test.gd > test_una_bandeja_nueva_tiene_todo_sin_leer PASSED 7ms

  res://test/dominio/investigacion/bandeja_test.gd > test_marcar_leida_deja_esa_conversacion_en_cero STARTED
  res://test/dominio/investigacion/bandeja_test.gd > test_marcar_leida_deja_esa_conversacion_en_cero PASSED 6ms

  res://test/dominio/investigacion/bandeja_test.gd > test_marcar_leida_no_toca_las_otras_dos STARTED
  res://test/dominio/investigacion/bandeja_test.gd > test_marcar_leida_no_toca_las_otras_dos PASSED 5ms

  res://test/dominio/investigacion/bandeja_test.gd > test_marcar_leida_dos_veces_devuelve_false_la_segunda STARTED
  res://test/dominio/investigacion/bandeja_test.gd > test_marcar_leida_dos_veces_devuelve_false_la_segunda PASSED 7ms

  res://test/dominio/investigacion/bandeja_test.gd > test_marcar_un_interlocutor_que_no_esta_en_la_bandeja_devuelve_false STARTED
  res://test/dominio/investigacion/bandeja_test.gd > test_marcar_un_interlocutor_que_no_esta_en_la_bandeja_devuelve_false PASSED 7ms

  res://test/dominio/investigacion/bandeja_test.gd > test_la_conversacion_se_pide_por_interlocutor_y_la_que_falta_es_null STARTED
  res://test/dominio/investigacion/bandeja_test.gd > test_la_conversacion_se_pide_por_interlocutor_y_la_que_falta_es_null PASSED 6ms

  res://test/dominio/investigacion/bandeja_test.gd > test_la_bandeja_no_se_arma_con_las_conversaciones_del_disco_en_cada_llamada STARTED
  res://test/dominio/investigacion/bandeja_test.gd > test_la_bandeja_no_se_arma_con_las_conversaciones_del_disco_en_cada_llamada PASSED 7ms

Statistics: 7 test cases | 0 errors | 0 failures | 0 flaky | 0 skipped | 0 orphans | PASSED 70ms


Run Test Suite: res://test/dominio/investigacion/computadora_test.gd
  res://test/dominio/investigacion/computadora_test.gd > test_una_computadora_nueva_esta_cerrada STARTED
  res://test/dominio/investigacion/computadora_test.gd > test_una_computadora_nueva_esta_cerrada PASSED 5ms

  res://test/dominio/investigacion/computadora_test.gd > test_abrir_una_vez_devuelve_true_y_la_segunda_false STARTED
  res://test/dominio/investigacion/computadora_test.gd > test_abrir_una_vez_devuelve_true_y_la_segunda_false PASSED 8ms

  res://test/dominio/investigacion/computadora_test.gd > test_cerrar_sin_haber_abierto_devuelve_false STARTED
  res://test/dominio/investigacion/computadora_test.gd > test_cerrar_sin_haber_abierto_devuelve_false PASSED 5ms

  res://test/dominio/investigacion/computadora_test.gd > test_cambiar_a_la_misma_app_devuelve_false STARTED
  res://test/dominio/investigacion/computadora_test.gd > test_cambiar_a_la_misma_app_devuelve_false PASSED 5ms

  res://test/dominio/investigacion/computadora_test.gd > test_cambiar_de_app_con_la_computadora_cerrada_devuelve_false STARTED
  res://test/dominio/investigacion/computadora_test.gd > test_cambiar_de_app_con_la_computadora_cerrada_devuelve_false PASSED 4ms

  res://test/dominio/investigacion/computadora_test.gd > test_reabrir_vuelve_a_la_app_donde_se_habia_dejado STARTED
  res://test/dominio/investigacion/computadora_test.gd > test_reabrir_vuelve_a_la_app_donde_se_habia_dejado PASSED 5ms

  res://test/dominio/investigacion/computadora_test.gd > test_las_tres_apps_del_gdd_estan_declaradas STARTED
  res://test/dominio/investigacion/computadora_test.gd > test_las_tres_apps_del_gdd_estan_declaradas PASSED 5ms

Statistics: 7 test cases | 0 errors | 0 failures | 0 flaky | 0 skipped | 0 orphans | PASSED 61ms


Run Test Suite: res://test/dominio/investigacion/conversacion_test.gd
  res://test/dominio/investigacion/conversacion_test.gd > test_hay_una_conversacion_por_cada_interlocutor STARTED
  res://test/dominio/investigacion/conversacion_test.gd > test_hay_una_conversacion_por_cada_interlocutor PASSED 9ms

  res://test/dominio/investigacion/conversacion_test.gd > test_cada_interlocutor_tiene_la_suya_y_no_la_de_otro STARTED
  res://test/dominio/investigacion/conversacion_test.gd > test_cada_interlocutor_tiene_la_suya_y_no_la_de_otro PASSED 8ms

  res://test/dominio/investigacion/conversacion_test.gd > test_ninguna_conversacion_llega_vacia STARTED
  res://test/dominio/investigacion/conversacion_test.gd > test_ninguna_conversacion_llega_vacia PASSED 8ms

  res://test/dominio/investigacion/conversacion_test.gd > test_cada_interlocutor_se_presenta_con_un_nombre STARTED
  res://test/dominio/investigacion/conversacion_test.gd > test_cada_interlocutor_se_presenta_con_un_nombre PASSED 9ms

  res://test/dominio/investigacion/conversacion_test.gd > test_lo_leido_no_vuelve_al_disco STARTED
  res://test/dominio/investigacion/conversacion_test.gd > test_lo_leido_no_vuelve_al_disco PASSED 8ms

  res://test/dominio/investigacion/conversacion_test.gd > test_un_interlocutor_sin_fila_contesta_null_en_vez_de_reventar STARTED
  res://test/dominio/investigacion/conversacion_test.gd > test_un_interlocutor_sin_fila_contesta_null_en_vez_de_reventar PASSED 6ms

Statistics: 6 test cases | 0 errors | 0 failures | 0 flaky | 0 skipped | 0 orphans | PASSED 77ms


Run Test Suite: res://test/dominio/investigacion/cuaderno_test.gd
  res://test/dominio/investigacion/cuaderno_test.gd > test_una_nota_con_titulo_se_escribe_y_se_devuelve STARTED
  res://test/dominio/investigacion/cuaderno_test.gd > test_una_nota_con_titulo_se_escribe_y_se_devuelve PASSED 7ms

  res://test/dominio/investigacion/cuaderno_test.gd > test_una_nota_sin_titulo_devuelve_null_y_no_se_guarda STARTED
  res://test/dominio/investigacion/cuaderno_test.gd > test_una_nota_sin_titulo_devuelve_null_y_no_se_guarda PASSED 7ms

  res://test/dominio/investigacion/cuaderno_test.gd > test_una_nota_sobrevive_a_seguir_escribiendo STARTED
  res://test/dominio/investigacion/cuaderno_test.gd > test_una_nota_sobrevive_a_seguir_escribiendo PASSED 7ms

  res://test/dominio/investigacion/cuaderno_test.gd > test_la_lista_devuelta_es_una_copia STARTED
  res://test/dominio/investigacion/cuaderno_test.gd > test_la_lista_devuelta_es_una_copia PASSED 7ms

Statistics: 4 test cases | 0 errors | 0 failures | 0 flaky | 0 skipped | 0 orphans | PASSED 45ms


Run Test Suite: res://test/dominio/investigacion/hallazgos_test.gd
  res://test/dominio/investigacion/hallazgos_test.gd > test_el_primer_examen_revela_y_el_segundo_no STARTED
  res://test/dominio/investigacion/hallazgos_test.gd > test_el_primer_examen_revela_y_el_segundo_no PASSED 5ms

  res://test/dominio/investigacion/hallazgos_test.gd > test_dos_objetos_distintos_son_dos_hallazgos STARTED
  res://test/dominio/investigacion/hallazgos_test.gd > test_dos_objetos_distintos_son_dos_hallazgos PASSED 5ms

  res://test/dominio/investigacion/hallazgos_test.gd > test_la_identidad_es_el_id_y_no_la_instancia STARTED
  res://test/dominio/investigacion/hallazgos_test.gd > test_la_identidad_es_el_id_y_no_la_instancia PASSED 7ms

  res://test/dominio/investigacion/hallazgos_test.gd > test_un_objeto_sin_revelacion_no_es_un_hallazgo STARTED
  res://test/dominio/investigacion/hallazgos_test.gd > test_un_objeto_sin_revelacion_no_es_un_hallazgo PASSED 7ms

  res://test/dominio/investigacion/hallazgos_test.gd > test_nada_no_es_un_hallazgo STARTED
  res://test/dominio/investigacion/hallazgos_test.gd > test_nada_no_es_un_hallazgo PASSED 6ms

  res://test/dominio/investigacion/hallazgos_test.gd > test_lo_ya_visto_se_puede_preguntar_sin_registrarlo STARTED
  res://test/dominio/investigacion/hallazgos_test.gd > test_lo_ya_visto_se_puede_preguntar_sin_registrarlo PASSED 6ms

Statistics: 6 test cases | 0 errors | 0 failures | 0 flaky | 0 skipped | 0 orphans | PASSED 56ms


Run Test Suite: res://test/dominio/investigacion/mensaje_test.gd
  res://test/dominio/investigacion/mensaje_test.gd > test_un_mensaje_con_texto_dice_algo STARTED
  res://test/dominio/investigacion/mensaje_test.gd > test_un_mensaje_con_texto_dice_algo PASSED 7ms

  res://test/dominio/investigacion/mensaje_test.gd > test_un_mensaje_vacio_no_dice_nada STARTED
  res://test/dominio/investigacion/mensaje_test.gd > test_un_mensaje_vacio_no_dice_nada PASSED 8ms

  res://test/dominio/investigacion/mensaje_test.gd > test_un_mensaje_de_puros_espacios_tampoco_dice_nada STARTED
  res://test/dominio/investigacion/mensaje_test.gd > test_un_mensaje_de_puros_espacios_tampoco_dice_nada PASSED 6ms

Statistics: 3 test cases | 0 errors | 0 failures | 0 flaky | 0 skipped | 0 orphans | PASSED 35ms


Run Test Suite: res://test/dominio/investigacion/nota_test.gd
  res://test/dominio/investigacion/nota_test.gd > test_la_nota_conserva_lo_que_se_escribio STARTED
  res://test/dominio/investigacion/nota_test.gd > test_la_nota_conserva_lo_que_se_escribio PASSED 6ms

  res://test/dominio/investigacion/nota_test.gd > test_una_nota_puede_no_tener_cuerpo STARTED
  res://test/dominio/investigacion/nota_test.gd > test_una_nota_puede_no_tener_cuerpo PASSED 7ms

Statistics: 2 test cases | 0 errors | 0 failures | 0 flaky | 0 skipped | 0 orphans | PASSED 25ms


Run Test Suite: res://test/dominio/investigacion/revelacion_test.gd
  res://test/dominio/investigacion/revelacion_test.gd > test_una_revelacion_recien_creada_no_dice_nada STARTED
  res://test/dominio/investigacion/revelacion_test.gd > test_una_revelacion_recien_creada_no_dice_nada PASSED 6ms

  res://test/dominio/investigacion/revelacion_test.gd > test_un_texto_de_puros_blancos_tampoco_dice_nada STARTED
  res://test/dominio/investigacion/revelacion_test.gd > test_un_texto_de_puros_blancos_tampoco_dice_nada PASSED 5ms

  res://test/dominio/investigacion/revelacion_test.gd > test_con_texto_dice_algo STARTED
  res://test/dominio/investigacion/revelacion_test.gd > test_con_texto_dice_algo PASSED 6ms

Statistics: 3 test cases | 0 errors | 0 failures | 0 flaky | 0 skipped | 0 orphans | PASSED 27ms


Run Test Suite: res://test/dominio/jornada/apertura_test.gd
  res://test/dominio/jornada/apertura_test.gd > test_hay_una_obligatoria_por_cada_tipo_de_tarea STARTED
  res://test/dominio/jornada/apertura_test.gd > test_hay_una_obligatoria_por_cada_tipo_de_tarea PASSED 8ms

  res://test/dominio/jornada/apertura_test.gd > test_ningun_tipo_de_tarea_aparece_dos_veces STARTED
  res://test/dominio/jornada/apertura_test.gd > test_ningun_tipo_de_tarea_aparece_dos_veces PASSED 6ms

  res://test/dominio/jornada/apertura_test.gd > test_la_cantidad_declarada_coincide_con_la_lista_que_se_arma STARTED
  res://test/dominio/jornada/apertura_test.gd > test_la_cantidad_declarada_coincide_con_la_lista_que_se_arma PASSED 5ms

  res://test/dominio/jornada/apertura_test.gd > test_el_turno_de_la_jornada_nace_con_el_presupuesto_entero STARTED
  res://test/dominio/jornada/apertura_test.gd > test_el_turno_de_la_jornada_nace_con_el_presupuesto_entero PASSED 6ms

  res://test/dominio/jornada/apertura_test.gd > test_el_turno_de_la_jornada_nace_sin_ninguna_tarea_cumplida STARTED
  res://test/dominio/jornada/apertura_test.gd > test_el_turno_de_la_jornada_nace_sin_ninguna_tarea_cumplida PASSED 8ms

  res://test/dominio/jornada/apertura_test.gd > test_la_segunda_jornada_trae_una_por_tipo_y_ninguna_cumplida STARTED
  res://test/dominio/jornada/apertura_test.gd > test_la_segunda_jornada_trae_una_por_tipo_y_ninguna_cumplida PASSED 9ms

  res://test/dominio/jornada/apertura_test.gd > test_el_turno_cuenta_contra_la_lista_que_recibe_y_no_contra_una_copia STARTED
  res://test/dominio/jornada/apertura_test.gd > test_el_turno_cuenta_contra_la_lista_que_recibe_y_no_contra_una_copia PASSED 8ms

  res://test/dominio/jornada/apertura_test.gd > test_cada_caja_del_deposito_arranca_con_ocho_en_todas_las_jornadas STARTED
  res://test/dominio/jornada/apertura_test.gd > test_cada_caja_del_deposito_arranca_con_ocho_en_todas_las_jornadas PASSED 11ms

  res://test/dominio/jornada/apertura_test.gd > test_la_gondola_arranca_con_su_fila_menos_lo_que_falta STARTED
  res://test/dominio/jornada/apertura_test.gd > test_la_gondola_arranca_con_su_fila_menos_lo_que_falta PASSED 7ms

  res://test/dominio/jornada/apertura_test.gd > test_un_faltante_de_una_caja_entera_se_repone_con_esa_caja STARTED
  res://test/dominio/jornada/apertura_test.gd > test_un_faltante_de_una_caja_entera_se_repone_con_esa_caja PASSED 4ms

  res://test/dominio/jornada/apertura_test.gd > test_la_primera_jornada_abre_con_los_cinco_faltantes_de_la_ficha STARTED
  res://test/dominio/jornada/apertura_test.gd > test_la_primera_jornada_abre_con_los_cinco_faltantes_de_la_ficha PASSED 7ms

  res://test/dominio/jornada/apertura_test.gd > test_de_la_segunda_a_la_quinta_faltan_los_mismos_que_en_la_primera STARTED
  res://test/dominio/jornada/apertura_test.gd > test_de_la_segunda_a_la_quinta_faltan_los_mismos_que_en_la_primera PASSED 7ms

  res://test/dominio/jornada/apertura_test.gd > test_los_faltantes_de_una_jornada_se_devuelven_en_una_copia STARTED
  res://test/dominio/jornada/apertura_test.gd > test_los_faltantes_de_una_jornada_se_devuelven_en_una_copia PASSED 6ms

  res://test/dominio/jornada/apertura_test.gd > test_un_faltante_mas_grande_que_su_fila_deja_la_gondola_en_cero STARTED
  res://test/dominio/jornada/apertura_test.gd > test_un_faltante_mas_grande_que_su_fila_deja_la_gondola_en_cero PASSED 5ms

  res://test/dominio/jornada/apertura_test.gd > test_un_casillero_que_se_vacia_vuelve_a_faltar STARTED
  res://test/dominio/jornada/apertura_test.gd > test_un_casillero_que_se_vacia_vuelve_a_faltar PASSED 8ms

  res://test/dominio/jornada/apertura_test.gd > test_los_pedidos_de_cada_jornada_entran_sin_quitarle_a_la_reposicion STARTED
  res://test/dominio/jornada/apertura_test.gd > test_los_pedidos_de_cada_jornada_entran_sin_quitarle_a_la_reposicion PASSED 15ms

  res://test/dominio/jornada/apertura_test.gd > test_cada_jornada_recibe_un_inventario_propio STARTED
  res://test/dominio/jornada/apertura_test.gd > test_cada_jornada_recibe_un_inventario_propio PASSED 11ms

Statistics: 17 test cases | 0 errors | 0 failures | 0 flaky | 0 skipped | 0 orphans | PASSED 193ms


Run Test Suite: res://test/dominio/jornada/marcador_test.gd
  res://test/dominio/jornada/marcador_test.gd > test_con_el_turno_entero_se_lee_la_hora_de_apertura STARTED
  res://test/dominio/jornada/marcador_test.gd > test_con_el_turno_entero_se_lee_la_hora_de_apertura PASSED 7ms

  res://test/dominio/jornada/marcador_test.gd > test_la_hora_pasa_por_la_medianoche_sin_llegar_a_veinticuatro STARTED
  res://test/dominio/jornada/marcador_test.gd > test_la_hora_pasa_por_la_medianoche_sin_llegar_a_veinticuatro PASSED 5ms

  res://test/dominio/jornada/marcador_test.gd > test_la_hora_avanza_a_medida_que_el_turno_se_gasta STARTED
  res://test/dominio/jornada/marcador_test.gd > test_la_hora_avanza_a_medida_que_el_turno_se_gasta PASSED 6ms

  res://test/dominio/jornada/marcador_test.gd > test_un_turno_agotado_se_lee_como_la_hora_de_cierre STARTED
  res://test/dominio/jornada/marcador_test.gd > test_un_turno_agotado_se_lee_como_la_hora_de_cierre PASSED 5ms

  res://test/dominio/jornada/marcador_test.gd > test_los_segundos_se_truncan_al_minuto_y_no_se_redondean STARTED
  res://test/dominio/jornada/marcador_test.gd > test_los_segundos_se_truncan_al_minuto_y_no_se_redondean PASSED 6ms

  res://test/dominio/jornada/marcador_test.gd > test_un_restante_negativo_nunca_pasa_de_la_hora_de_cierre STARTED
  res://test/dominio/jornada/marcador_test.gd > test_un_restante_negativo_nunca_pasa_de_la_hora_de_cierre PASSED 7ms

  res://test/dominio/jornada/marcador_test.gd > test_las_tareas_se_leen_como_cumplidas_sobre_declaradas STARTED
  res://test/dominio/jornada/marcador_test.gd > test_las_tareas_se_leen_como_cumplidas_sobre_declaradas PASSED 8ms

  res://test/dominio/jornada/marcador_test.gd > test_la_cantidad_de_obligatorias_entra_por_argumento STARTED
  res://test/dominio/jornada/marcador_test.gd > test_la_cantidad_de_obligatorias_entra_por_argumento PASSED 6ms

Statistics: 8 test cases | 0 errors | 0 failures | 0 flaky | 0 skipped | 0 orphans | PASSED 78ms


Run Test Suite: res://test/dominio/jornada/pausa_test.gd
  res://test/dominio/jornada/pausa_test.gd > test_esc_en_la_jornada_pausa STARTED
  res://test/dominio/jornada/pausa_test.gd > test_esc_en_la_jornada_pausa PASSED 6ms

  res://test/dominio/jornada/pausa_test.gd > test_esc_en_pausa_reanuda STARTED
  res://test/dominio/jornada/pausa_test.gd > test_esc_en_pausa_reanuda PASSED 8ms

  res://test/dominio/jornada/pausa_test.gd > test_esc_con_la_placa_no_hace_nada STARTED
  res://test/dominio/jornada/pausa_test.gd > test_esc_con_la_placa_no_hace_nada PASSED 7ms

  res://test/dominio/jornada/pausa_test.gd > test_perder_el_cursor_tomado_pausa STARTED
  res://test/dominio/jornada/pausa_test.gd > test_perder_el_cursor_tomado_pausa PASSED 8ms

  res://test/dominio/jornada/pausa_test.gd > test_el_cursor_que_sigue_igual_no_pausa STARTED
  res://test/dominio/jornada/pausa_test.gd > test_el_cursor_que_sigue_igual_no_pausa PASSED 7ms

  res://test/dominio/jornada/pausa_test.gd > test_perder_el_cursor_en_pausa_o_con_la_placa_no_hace_nada STARTED
  res://test/dominio/jornada/pausa_test.gd > test_perder_el_cursor_en_pausa_o_con_la_placa_no_hace_nada PASSED 7ms

  res://test/dominio/jornada/pausa_test.gd > test_perder_el_cursor_con_la_ventana_inactiva_no_pausa STARTED
  res://test/dominio/jornada/pausa_test.gd > test_perder_el_cursor_con_la_ventana_inactiva_no_pausa PASSED 7ms

Statistics: 7 test cases | 0 errors | 0 failures | 0 flaky | 0 skipped | 0 orphans | PASSED 78ms


Run Test Suite: res://test/dominio/jornada/reloj_de_mesa_test.gd
  res://test/dominio/jornada/reloj_de_mesa_test.gd > test_la_noche_en_que_falla_se_lee_hasta_la_mitad_y_despues_no STARTED
  res://test/dominio/jornada/reloj_de_mesa_test.gd > test_la_noche_en_que_falla_se_lee_hasta_la_mitad_y_despues_no PASSED 8ms

  res://test/dominio/jornada/reloj_de_mesa_test.gd > test_las_otras_noches_leen_la_hora_el_turno_entero STARTED
  res://test/dominio/jornada/reloj_de_mesa_test.gd > test_las_otras_noches_leen_la_hora_el_turno_entero PASSED 9ms

  res://test/dominio/jornada/reloj_de_mesa_test.gd > test_el_reloj_que_fallo_no_dice_que_fallo STARTED
  res://test/dominio/jornada/reloj_de_mesa_test.gd > test_el_reloj_que_fallo_no_dice_que_fallo PASSED 8ms

  res://test/dominio/jornada/reloj_de_mesa_test.gd > test_un_reloj_al_que_nadie_le_declaro_jornada_anda STARTED
  res://test/dominio/jornada/reloj_de_mesa_test.gd > test_un_reloj_al_que_nadie_le_declaro_jornada_anda PASSED 8ms

  res://test/dominio/jornada/reloj_de_mesa_test.gd > test_el_reloj_de_mesa_es_puro_y_no_pide_una_escena STARTED
  res://test/dominio/jornada/reloj_de_mesa_test.gd > test_el_reloj_de_mesa_es_puro_y_no_pide_una_escena PASSED 8ms

Statistics: 5 test cases | 0 errors | 0 failures | 0 flaky | 0 skipped | 0 orphans | PASSED 67ms


Run Test Suite: res://test/dominio/jornada/ritmo_test.gd
  res://test/dominio/jornada/ritmo_test.gd > test_un_segundo_real_vale_un_minuto_de_turno STARTED
  res://test/dominio/jornada/ritmo_test.gd > test_un_segundo_real_vale_un_minuto_de_turno PASSED 8ms

  res://test/dominio/jornada/ritmo_test.gd > test_sin_tiempo_real_no_se_consume_nada_del_turno STARTED
  res://test/dominio/jornada/ritmo_test.gd > test_sin_tiempo_real_no_se_consume_nada_del_turno PASSED 8ms

  res://test/dominio/jornada/ritmo_test.gd > test_es_lineal_y_medio_segundo_vale_la_mitad STARTED
  res://test/dominio/jornada/ritmo_test.gd > test_es_lineal_y_medio_segundo_vale_la_mitad PASSED 7ms

  res://test/dominio/jornada/ritmo_test.gd > test_una_sesion_de_doce_minutos_reales_cubre_el_turno_entero STARTED
  res://test/dominio/jornada/ritmo_test.gd > test_una_sesion_de_doce_minutos_reales_cubre_el_turno_entero PASSED 6ms

Statistics: 4 test cases | 0 errors | 0 failures | 0 flaky | 0 skipped | 0 orphans | PASSED 45ms


Run Test Suite: res://test/dominio/jornada/tarea_test.gd
  res://test/dominio/jornada/tarea_test.gd > test_una_tarea_nueva_no_esta_completada STARTED
  res://test/dominio/jornada/tarea_test.gd > test_una_tarea_nueva_no_esta_completada PASSED 6ms

  res://test/dominio/jornada/tarea_test.gd > test_una_tarea_nueva_recuerda_su_tipo STARTED
  res://test/dominio/jornada/tarea_test.gd > test_una_tarea_nueva_recuerda_su_tipo PASSED 8ms

  res://test/dominio/jornada/tarea_test.gd > test_completar_una_tarea_pendiente_la_marca_y_avisa_que_pudo STARTED
  res://test/dominio/jornada/tarea_test.gd > test_completar_una_tarea_pendiente_la_marca_y_avisa_que_pudo PASSED 8ms

  res://test/dominio/jornada/tarea_test.gd > test_completar_una_tarea_ya_completada_no_cambia_nada STARTED
  res://test/dominio/jornada/tarea_test.gd > test_completar_una_tarea_ya_completada_no_cambia_nada PASSED 7ms

  res://test/dominio/jornada/tarea_test.gd > test_descompletar_una_tarea_cumplida_la_desmarca_y_avisa_que_pudo STARTED
  res://test/dominio/jornada/tarea_test.gd > test_descompletar_una_tarea_cumplida_la_desmarca_y_avisa_que_pudo PASSED 8ms

  res://test/dominio/jornada/tarea_test.gd > test_descompletar_una_tarea_pendiente_no_cambia_nada STARTED
  res://test/dominio/jornada/tarea_test.gd > test_descompletar_una_tarea_pendiente_no_cambia_nada PASSED 8ms

Statistics: 6 test cases | 0 errors | 0 failures | 0 flaky | 0 skipped | 0 orphans | PASSED 71ms


Run Test Suite: res://test/dominio/jornada/turno_test.gd
  res://test/dominio/jornada/turno_test.gd > test_un_turno_recien_abierto_tiene_todo_su_presupuesto STARTED
  res://test/dominio/jornada/turno_test.gd > test_un_turno_recien_abierto_tiene_todo_su_presupuesto PASSED 8ms

  res://test/dominio/jornada/turno_test.gd > test_consumir_descuenta_del_restante STARTED
  res://test/dominio/jornada/turno_test.gd > test_consumir_descuenta_del_restante PASSED 8ms

  res://test/dominio/jornada/turno_test.gd > test_consumir_mas_de_lo_que_queda_deja_el_restante_en_cero_y_no_en_negativo STARTED
  res://test/dominio/jornada/turno_test.gd > test_consumir_mas_de_lo_que_queda_deja_el_restante_en_cero_y_no_en_negativo PASSED 9ms

  res://test/dominio/jornada/turno_test.gd > test_consumir_un_valor_negativo_no_devuelve_tiempo STARTED
  res://test/dominio/jornada/turno_test.gd > test_consumir_un_valor_negativo_no_devuelve_tiempo PASSED 8ms

  res://test/dominio/jornada/turno_test.gd > test_un_turno_con_tiempo_todavia_no_esta_cerrado STARTED
  res://test/dominio/jornada/turno_test.gd > test_un_turno_con_tiempo_todavia_no_esta_cerrado PASSED 8ms

  res://test/dominio/jornada/turno_test.gd > test_un_turno_sin_tiempo_esta_cerrado STARTED
  res://test/dominio/jornada/turno_test.gd > test_un_turno_sin_tiempo_esta_cerrado PASSED 7ms

  res://test/dominio/jornada/turno_test.gd > test_completar_dos_veces_la_misma_tarea_la_cuenta_una_sola_vez STARTED
  res://test/dominio/jornada/turno_test.gd > test_completar_dos_veces_la_misma_tarea_la_cuenta_una_sola_vez PASSED 7ms

  res://test/dominio/jornada/turno_test.gd > test_con_un_segundo_restante_cualquier_obligatoria_cuenta STARTED
  res://test/dominio/jornada/turno_test.gd > test_con_un_segundo_restante_cualquier_obligatoria_cuenta PASSED 9ms

  res://test/dominio/jornada/turno_test.gd > test_con_el_turno_cerrado_la_obligatoria_no_cuenta STARTED
  res://test/dominio/jornada/turno_test.gd > test_con_el_turno_cerrado_la_obligatoria_no_cuenta PASSED 8ms

  res://test/dominio/jornada/turno_test.gd > test_una_tarea_de_afuera_de_las_obligatorias_no_cuenta_ni_mueve_el_turno STARTED
  res://test/dominio/jornada/turno_test.gd > test_una_tarea_de_afuera_de_las_obligatorias_no_cuenta_ni_mueve_el_turno PASSED 8ms

  res://test/dominio/jornada/turno_test.gd > test_cumplir_las_cinco_en_el_mismo_cuadro_no_mueve_el_turno STARTED
  res://test/dominio/jornada/turno_test.gd > test_cumplir_las_cinco_en_el_mismo_cuadro_no_mueve_el_turno PASSED 8ms

  res://test/dominio/jornada/turno_test.gd > test_descumplir_baja_las_cumplidas_sin_mover_el_turno STARTED
  res://test/dominio/jornada/turno_test.gd > test_descumplir_baja_las_cumplidas_sin_mover_el_turno PASSED 9ms

  res://test/dominio/jornada/turno_test.gd > test_descumplir_una_sin_cumplir_no_descuenta_nada STARTED
  res://test/dominio/jornada/turno_test.gd > test_descumplir_una_sin_cumplir_no_descuenta_nada PASSED 9ms

  res://test/dominio/jornada/turno_test.gd > test_con_el_turno_cerrado_descumplir_se_rechaza STARTED
  res://test/dominio/jornada/turno_test.gd > test_con_el_turno_cerrado_descumplir_se_rechaza PASSED 8ms

  res://test/dominio/jornada/turno_test.gd > test_un_turno_sin_obligatorias_esta_completo_por_vacuidad STARTED
  res://test/dominio/jornada/turno_test.gd > test_un_turno_sin_obligatorias_esta_completo_por_vacuidad PASSED 9ms

  res://test/dominio/jornada/turno_test.gd > test_con_tres_de_cinco_cumplidas_el_turno_no_esta_completo STARTED
  res://test/dominio/jornada/turno_test.gd > test_con_tres_de_cinco_cumplidas_el_turno_no_esta_completo PASSED 7ms

  res://test/dominio/jornada/turno_test.gd > test_con_las_cinco_cumplidas_el_turno_esta_completo STARTED
  res://test/dominio/jornada/turno_test.gd > test_con_las_cinco_cumplidas_el_turno_esta_completo PASSED 8ms

  res://test/dominio/jornada/turno_test.gd > test_un_turno_de_una_sola_obligatoria_se_completa_con_esa_una STARTED
  res://test/dominio/jornada/turno_test.gd > test_un_turno_de_una_sola_obligatoria_se_completa_con_esa_una PASSED 9ms

Statistics: 18 test cases | 0 errors | 0 failures | 0 flaky | 0 skipped | 0 orphans | PASSED 219ms


Run Test Suite: res://test/dominio/jugador/cadencia_de_pasos_test.gd
  res://test/dominio/jugador/cadencia_de_pasos_test.gd > test_quieto_no_suena_ningun_paso STARTED
  res://test/dominio/jugador/cadencia_de_pasos_test.gd > test_quieto_no_suena_ningun_paso PASSED 9ms

  res://test/dominio/jugador/cadencia_de_pasos_test.gd > test_justo_antes_del_corte_no_suena_y_al_pasarlo_si STARTED
  res://test/dominio/jugador/cadencia_de_pasos_test.gd > test_justo_antes_del_corte_no_suena_y_al_pasarlo_si PASSED 8ms

  res://test/dominio/jugador/cadencia_de_pasos_test.gd > test_un_cuadro_largo_suena_un_solo_paso STARTED
  res://test/dominio/jugador/cadencia_de_pasos_test.gd > test_un_cuadro_largo_suena_un_solo_paso PASSED 9ms

  res://test/dominio/jugador/cadencia_de_pasos_test.gd > test_el_mismo_tramo_a_otra_velocidad_da_los_mismos_pasos STARTED
  res://test/dominio/jugador/cadencia_de_pasos_test.gd > test_el_mismo_tramo_a_otra_velocidad_da_los_mismos_pasos PASSED 9ms

Statistics: 4 test cases | 0 errors | 0 failures | 0 flaky | 0 skipped | 0 orphans | PASSED 55ms


Run Test Suite: res://test/dominio/jugador/caminata_test.gd
  res://test/dominio/jugador/caminata_test.gd > test_la_diagonal_no_camina_mas_rapido_que_la_recta STARTED
  res://test/dominio/jugador/caminata_test.gd > test_la_diagonal_no_camina_mas_rapido_que_la_recta PASSED 10ms

  res://test/dominio/jugador/caminata_test.gd > test_la_entrada_nula_da_el_vector_nulo_y_ninguna_componente_es_nan STARTED
  res://test/dominio/jugador/caminata_test.gd > test_la_entrada_nula_da_el_vector_nulo_y_ninguna_componente_es_nan PASSED 8ms

  res://test/dominio/jugador/caminata_test.gd > test_con_el_yaw_en_cero_el_adelante_apunta_al_menos_z STARTED
  res://test/dominio/jugador/caminata_test.gd > test_con_el_yaw_en_cero_el_adelante_apunta_al_menos_z PASSED 8ms

  res://test/dominio/jugador/caminata_test.gd > test_girar_la_mirada_un_cuarto_de_vuelta_gira_el_adelante STARTED
  res://test/dominio/jugador/caminata_test.gd > test_girar_la_mirada_un_cuarto_de_vuelta_gira_el_adelante PASSED 7ms

  res://test/dominio/jugador/caminata_test.gd > test_la_velocidad_de_la_diagonal_tiene_el_largo_de_la_velocidad_maxima STARTED
  res://test/dominio/jugador/caminata_test.gd > test_la_velocidad_de_la_diagonal_tiene_el_largo_de_la_velocidad_maxima PASSED 9ms

  res://test/dominio/jugador/caminata_test.gd > test_la_velocidad_no_saca_al_jugador_del_piso STARTED
  res://test/dominio/jugador/caminata_test.gd > test_la_velocidad_no_saca_al_jugador_del_piso PASSED 7ms

Statistics: 6 test cases | 0 errors | 0 failures | 0 flaky | 0 skipped | 0 orphans | PASSED 75ms


Run Test Suite: res://test/dominio/jugador/campo_de_interaccion_test.gd
  res://test/dominio/jugador/campo_de_interaccion_test.gd > test_sin_candidatos_no_hay_objetivo STARTED
  res://test/dominio/jugador/campo_de_interaccion_test.gd > test_sin_candidatos_no_hay_objetivo PASSED 9ms

  res://test/dominio/jugador/campo_de_interaccion_test.gd > test_el_techo_angular_se_acepta STARTED
  res://test/dominio/jugador/campo_de_interaccion_test.gd > test_el_techo_angular_se_acepta PASSED 8ms

  res://test/dominio/jugador/campo_de_interaccion_test.gd > test_un_grado_sobre_el_techo_se_rechaza STARTED
  res://test/dominio/jugador/campo_de_interaccion_test.gd > test_un_grado_sobre_el_techo_se_rechaza PASSED 9ms

  res://test/dominio/jugador/campo_de_interaccion_test.gd > test_el_centrado_gana_a_un_candidato_mas_cercano STARTED
  res://test/dominio/jugador/campo_de_interaccion_test.gd > test_el_centrado_gana_a_un_candidato_mas_cercano PASSED 9ms

  res://test/dominio/jugador/campo_de_interaccion_test.gd > test_a_igual_desvio_gana_el_mas_cercano STARTED
  res://test/dominio/jugador/campo_de_interaccion_test.gd > test_a_igual_desvio_gana_el_mas_cercano PASSED 8ms

  res://test/dominio/jugador/campo_de_interaccion_test.gd > test_el_empate_total_conserva_el_primero STARTED
  res://test/dominio/jugador/campo_de_interaccion_test.gd > test_el_empate_total_conserva_el_primero PASSED 10ms

  res://test/dominio/jugador/campo_de_interaccion_test.gd > test_un_cuerpo_sin_grupo_no_gana STARTED
  res://test/dominio/jugador/campo_de_interaccion_test.gd > test_un_cuerpo_sin_grupo_no_gana PASSED 8ms

  res://test/dominio/jugador/campo_de_interaccion_test.gd > test_un_cuerpo_tapado_no_gana_aunque_este_centrado STARTED
  res://test/dominio/jugador/campo_de_interaccion_test.gd > test_un_cuerpo_tapado_no_gana_aunque_este_centrado PASSED 7ms

  res://test/dominio/jugador/campo_de_interaccion_test.gd > test_el_objeto_excluido_no_gana STARTED
  res://test/dominio/jugador/campo_de_interaccion_test.gd > test_el_objeto_excluido_no_gana PASSED 10ms

  res://test/dominio/jugador/campo_de_interaccion_test.gd > test_el_limite_de_alcance_se_acepta STARTED
  res://test/dominio/jugador/campo_de_interaccion_test.gd > test_el_limite_de_alcance_se_acepta PASSED 9ms

  res://test/dominio/jugador/campo_de_interaccion_test.gd > test_un_centimetro_fuera_del_alcance_se_rechaza STARTED
  res://test/dominio/jugador/campo_de_interaccion_test.gd > test_un_centimetro_fuera_del_alcance_se_rechaza PASSED 8ms

  res://test/dominio/jugador/campo_de_interaccion_test.gd > test_un_producto_alejado_del_cursor_no_se_enfoca STARTED
  res://test/dominio/jugador/campo_de_interaccion_test.gd > test_un_producto_alejado_del_cursor_no_se_enfoca PASSED 8ms

  res://test/dominio/jugador/campo_de_interaccion_test.gd > test_un_producto_cerca_del_cursor_se_enfoca STARTED
  res://test/dominio/jugador/campo_de_interaccion_test.gd > test_un_producto_cerca_del_cursor_se_enfoca PASSED 8ms

  res://test/dominio/jugador/campo_de_interaccion_test.gd > test_la_precision_del_producto_no_reduce_la_de_otros_objetos STARTED
  res://test/dominio/jugador/campo_de_interaccion_test.gd > test_la_precision_del_producto_no_reduce_la_de_otros_objetos PASSED 9ms

Statistics: 14 test cases | 0 errors | 0 failures | 0 flaky | 0 skipped | 0 orphans | PASSED 175ms


Run Test Suite: res://test/dominio/jugador/control_del_jugador_test.gd
  res://test/dominio/jugador/control_del_jugador_test.gd > test_suspendido_no_gira_la_camara STARTED
  res://test/dominio/jugador/control_del_jugador_test.gd > test_suspendido_no_gira_la_camara PASSED 11ms

  res://test/dominio/jugador/control_del_jugador_test.gd > test_suspendido_devuelve_velocidad_cero_aunque_la_entrada_no_sea_nula STARTED
  res://test/dominio/jugador/control_del_jugador_test.gd > test_suspendido_devuelve_velocidad_cero_aunque_la_entrada_no_sea_nula PASSED 9ms

  res://test/dominio/jugador/control_del_jugador_test.gd > test_reanudar_devuelve_el_giro_y_la_caminata STARTED
  res://test/dominio/jugador/control_del_jugador_test.gd > test_reanudar_devuelve_el_giro_y_la_caminata PASSED 9ms

  res://test/dominio/jugador/control_del_jugador_test.gd > test_suspender_suelta_el_objetivo_que_estaba_enfocado STARTED
  res://test/dominio/jugador/control_del_jugador_test.gd > test_suspender_suelta_el_objetivo_que_estaba_enfocado PASSED 9ms

  res://test/dominio/jugador/control_del_jugador_test.gd > test_suspendido_la_mira_no_enfoca STARTED
  res://test/dominio/jugador/control_del_jugador_test.gd > test_suspendido_la_mira_no_enfoca PASSED 8ms

  res://test/dominio/jugador/control_del_jugador_test.gd > test_suspendido_no_pide_el_cursor_y_al_reanudar_lo_vuelve_a_pedir STARTED
  res://test/dominio/jugador/control_del_jugador_test.gd > test_suspendido_no_pide_el_cursor_y_al_reanudar_lo_vuelve_a_pedir PASSED 9ms

  res://test/dominio/jugador/control_del_jugador_test.gd > test_la_mira_sigue_avisando_cuando_no_esta_suspendido STARTED
  res://test/dominio/jugador/control_del_jugador_test.gd > test_la_mira_sigue_avisando_cuando_no_esta_suspendido PASSED 10ms

  res://test/dominio/jugador/control_del_jugador_test.gd > test_con_un_mouse_rapido_el_dibujo_es_la_mirada STARTED
  res://test/dominio/jugador/control_del_jugador_test.gd > test_con_un_mouse_rapido_el_dibujo_es_la_mirada PASSED 9ms

  res://test/dominio/jugador/control_del_jugador_test.gd > test_con_un_mouse_lento_el_dibujo_alcanza_a_la_mirada_en_la_ventana STARTED
  res://test/dominio/jugador/control_del_jugador_test.gd > test_con_un_mouse_lento_el_dibujo_alcanza_a_la_mirada_en_la_ventana PASSED 12ms

  res://test/dominio/jugador/control_del_jugador_test.gd > test_contra_el_tope_del_pitch_el_dibujo_no_rebota STARTED
  res://test/dominio/jugador/control_del_jugador_test.gd > test_contra_el_tope_del_pitch_el_dibujo_no_rebota PASSED 11ms

  res://test/dominio/jugador/control_del_jugador_test.gd > test_girar_en_redondo_no_dibuja_la_vuelta_larga STARTED
  res://test/dominio/jugador/control_del_jugador_test.gd > test_girar_en_redondo_no_dibuja_la_vuelta_larga PASSED 12ms

  res://test/dominio/jugador/control_del_jugador_test.gd > test_suspendido_el_dibujo_no_se_mueve STARTED
  res://test/dominio/jugador/control_del_jugador_test.gd > test_suspendido_el_dibujo_no_se_mueve PASSED 19ms

  res://test/dominio/jugador/control_del_jugador_test.gd > test_orientar_deja_el_dibujo_en_la_mirada_nueva STARTED
  res://test/dominio/jugador/control_del_jugador_test.gd > test_orientar_deja_el_dibujo_en_la_mirada_nueva PASSED 15ms

Statistics: 13 test cases | 0 errors | 0 failures | 0 flaky | 0 skipped | 0 orphans | PASSED 213ms


Run Test Suite: res://test/dominio/jugador/encuadre_de_la_ventanilla_test.gd
  res://test/dominio/jugador/encuadre_de_la_ventanilla_test.gd > test_los_tres_aspectos_encuadran_el_marco_visible STARTED
  res://test/dominio/jugador/encuadre_de_la_ventanilla_test.gd > test_los_tres_aspectos_encuadran_el_marco_visible PASSED 10ms

  res://test/dominio/jugador/encuadre_de_la_ventanilla_test.gd > test_el_alto_del_hueco_cuadrado_limita_en_pantallas_apaisadas STARTED
  res://test/dominio/jugador/encuadre_de_la_ventanilla_test.gd > test_el_alto_del_hueco_cuadrado_limita_en_pantallas_apaisadas PASSED 9ms

  res://test/dominio/jugador/encuadre_de_la_ventanilla_test.gd > test_el_ancho_de_un_hueco_ancho_limita_la_distancia STARTED
  res://test/dominio/jugador/encuadre_de_la_ventanilla_test.gd > test_el_ancho_de_un_hueco_ancho_limita_la_distancia PASSED 10ms

  res://test/dominio/jugador/encuadre_de_la_ventanilla_test.gd > test_los_bordes_a_distinta_profundidad_se_encuadran_juntos STARTED
  res://test/dominio/jugador/encuadre_de_la_ventanilla_test.gd > test_los_bordes_a_distinta_profundidad_se_encuadran_juntos PASSED 10ms

  res://test/dominio/jugador/encuadre_de_la_ventanilla_test.gd > test_un_dato_no_positivo_no_pide_mover_la_camara STARTED
  res://test/dominio/jugador/encuadre_de_la_ventanilla_test.gd > test_un_dato_no_positivo_no_pide_mover_la_camara PASSED 8ms

Statistics: 5 test cases | 0 errors | 0 failures | 0 flaky | 0 skipped | 0 orphans | PASSED 80ms


Run Test Suite: res://test/dominio/jugador/foco_test.gd
  res://test/dominio/jugador/foco_test.gd > test_el_primer_objetivo_avisa_y_queda_guardado STARTED
  res://test/dominio/jugador/foco_test.gd > test_el_primer_objetivo_avisa_y_queda_guardado PASSED 11ms

  res://test/dominio/jugador/foco_test.gd > test_caminar_hacia_el_mismo_objeto_no_vuelve_a_avisar STARTED
  res://test/dominio/jugador/foco_test.gd > test_caminar_hacia_el_mismo_objeto_no_vuelve_a_avisar PASSED 12ms

  res://test/dominio/jugador/foco_test.gd > test_mirar_otro_objeto_avisa STARTED
  res://test/dominio/jugador/foco_test.gd > test_mirar_otro_objeto_avisa PASSED 8ms

  res://test/dominio/jugador/foco_test.gd > test_que_el_mismo_objeto_deje_de_ser_interactuable_tambien_avisa STARTED
  res://test/dominio/jugador/foco_test.gd > test_que_el_mismo_objeto_deje_de_ser_interactuable_tambien_avisa PASSED 8ms

  res://test/dominio/jugador/foco_test.gd > test_dejar_de_mirar_avisa_y_limpia STARTED
  res://test/dominio/jugador/foco_test.gd > test_dejar_de_mirar_avisa_y_limpia PASSED 13ms

  res://test/dominio/jugador/foco_test.gd > test_un_foco_recien_creado_no_mira_nada STARTED
  res://test/dominio/jugador/foco_test.gd > test_un_foco_recien_creado_no_mira_nada PASSED 8ms

  res://test/dominio/jugador/foco_test.gd > test_no_mirar_nada_dos_veces_seguidas_no_avisa_dos_veces STARTED
  res://test/dominio/jugador/foco_test.gd > test_no_mirar_nada_dos_veces_seguidas_no_avisa_dos_veces PASSED 10ms

Statistics: 7 test cases | 0 errors | 0 failures | 0 flaky | 0 skipped | 0 orphans | PASSED 106ms


Run Test Suite: res://test/dominio/jugador/mirada_test.gd
  res://test/dominio/jugador/mirada_test.gd > test_cien_pixeles_a_la_derecha_giran_el_yaw_un_radian_y_no_tocan_el_pitch STARTED
  res://test/dominio/jugador/mirada_test.gd > test_cien_pixeles_a_la_derecha_giran_el_yaw_un_radian_y_no_tocan_el_pitch PASSED 9ms

  res://test/dominio/jugador/mirada_test.gd > test_mirar_muy_para_abajo_deja_el_pitch_clavado_en_el_minimo STARTED
  res://test/dominio/jugador/mirada_test.gd > test_mirar_muy_para_abajo_deja_el_pitch_clavado_en_el_minimo PASSED 9ms

  res://test/dominio/jugador/mirada_test.gd > test_mirar_muy_para_arriba_deja_el_pitch_clavado_en_el_maximo STARTED
  res://test/dominio/jugador/mirada_test.gd > test_mirar_muy_para_arriba_deja_el_pitch_clavado_en_el_maximo PASSED 11ms

  res://test/dominio/jugador/mirada_test.gd > test_seis_vueltas_seguidas_dejan_el_yaw_adentro_de_una_vuelta STARTED
  res://test/dominio/jugador/mirada_test.gd > test_seis_vueltas_seguidas_dejan_el_yaw_adentro_de_una_vuelta PASSED 10ms

  res://test/dominio/jugador/mirada_test.gd > test_una_mirada_recien_creada_arranca_derecha STARTED
  res://test/dominio/jugador/mirada_test.gd > test_una_mirada_recien_creada_arranca_derecha PASSED 8ms

  res://test/dominio/jugador/mirada_test.gd > test_orientar_fija_el_yaw_y_deja_la_vista_horizontal STARTED
  res://test/dominio/jugador/mirada_test.gd > test_orientar_fija_el_yaw_y_deja_la_vista_horizontal PASSED 9ms

  res://test/dominio/jugador/mirada_test.gd > test_orientar_deja_el_yaw_adentro_de_una_vuelta STARTED
  res://test/dominio/jugador/mirada_test.gd > test_orientar_deja_el_yaw_adentro_de_una_vuelta PASSED 7ms

Statistics: 7 test cases | 0 errors | 0 failures | 0 flaky | 0 skipped | 0 orphans | PASSED 102ms


Run Test Suite: res://test/dominio/jugador/reglas_del_jugador_test.gd
  res://test/dominio/jugador/reglas_del_jugador_test.gd > test_el_techo_angular_se_expresa_en_radianes STARTED
  res://test/dominio/jugador/reglas_del_jugador_test.gd > test_el_techo_angular_se_expresa_en_radianes PASSED 8ms

  res://test/dominio/jugador/reglas_del_jugador_test.gd > test_el_pitch_encierra_al_cero_y_no_llega_a_los_noventa_grados STARTED
  res://test/dominio/jugador/reglas_del_jugador_test.gd > test_el_pitch_encierra_al_cero_y_no_llega_a_los_noventa_grados PASSED 8ms

  res://test/dominio/jugador/reglas_del_jugador_test.gd > test_la_velocidad_y_la_sensibilidad_son_positivas STARTED
  res://test/dominio/jugador/reglas_del_jugador_test.gd > test_la_velocidad_y_la_sensibilidad_son_positivas PASSED 12ms

  res://test/dominio/jugador/reglas_del_jugador_test.gd > test_el_alcance_de_la_mira_supera_la_distancia_de_soltado STARTED
  res://test/dominio/jugador/reglas_del_jugador_test.gd > test_el_alcance_de_la_mira_supera_la_distancia_de_soltado PASSED 9ms

  res://test/dominio/jugador/reglas_del_jugador_test.gd > test_la_camara_esta_a_la_altura_de_una_persona STARTED
  res://test/dominio/jugador/reglas_del_jugador_test.gd > test_la_camara_esta_a_la_altura_de_una_persona PASSED 10ms

  res://test/dominio/jugador/reglas_del_jugador_test.gd > test_los_cuatro_nombres_de_accion_son_distintos_entre_si STARTED
  res://test/dominio/jugador/reglas_del_jugador_test.gd > test_los_cuatro_nombres_de_accion_son_distintos_entre_si PASSED 11ms

  res://test/dominio/jugador/reglas_del_jugador_test.gd > test_el_grupo_interactuable_tiene_nombre STARTED
  res://test/dominio/jugador/reglas_del_jugador_test.gd > test_el_grupo_interactuable_tiene_nombre PASSED 10ms

Statistics: 7 test cases | 0 errors | 0 failures | 0 flaky | 0 skipped | 0 orphans | PASSED 106ms


Run Test Suite: res://test/dominio/jugador/retorno_de_la_mano_test.gd
  res://test/dominio/jugador/retorno_de_la_mano_test.gd > test_meter_la_mano_contra_el_cuerpo_es_instantaneo STARTED
  res://test/dominio/jugador/retorno_de_la_mano_test.gd > test_meter_la_mano_contra_el_cuerpo_es_instantaneo PASSED 11ms

  res://test/dominio/jugador/retorno_de_la_mano_test.gd > test_el_achique_no_depende_de_cuanto_dure_el_cuadro STARTED
  res://test/dominio/jugador/retorno_de_la_mano_test.gd > test_el_achique_no_depende_de_cuanto_dure_el_cuadro PASSED 11ms

  res://test/dominio/jugador/retorno_de_la_mano_test.gd > test_sacar_la_mano_no_llega_en_un_solo_cuadro STARTED
  res://test/dominio/jugador/retorno_de_la_mano_test.gd > test_sacar_la_mano_no_llega_en_un_solo_cuadro PASSED 9ms

  res://test/dominio/jugador/retorno_de_la_mano_test.gd > test_sacar_la_mano_converge_al_largo_libre STARTED
  res://test/dominio/jugador/retorno_de_la_mano_test.gd > test_sacar_la_mano_converge_al_largo_libre PASSED 8ms

  res://test/dominio/jugador/retorno_de_la_mano_test.gd > test_un_cuadro_mas_largo_avanza_mas STARTED
  res://test/dominio/jugador/retorno_de_la_mano_test.gd > test_un_cuadro_mas_largo_avanza_mas PASSED 10ms

  res://test/dominio/jugador/retorno_de_la_mano_test.gd > test_sin_nada_que_recorrer_el_largo_no_se_mueve STARTED
  res://test/dominio/jugador/retorno_de_la_mano_test.gd > test_sin_nada_que_recorrer_el_largo_no_se_mueve PASSED 13ms

  res://test/dominio/jugador/retorno_de_la_mano_test.gd > test_el_tiempo_de_vuelta_es_corto_y_positivo STARTED
  res://test/dominio/jugador/retorno_de_la_mano_test.gd > test_el_tiempo_de_vuelta_es_corto_y_positivo PASSED 10ms

  res://test/dominio/jugador/retorno_de_la_mano_test.gd > test_un_largo_nulo_no_es_una_respuesta_y_deja_la_mano_donde_esta STARTED
  res://test/dominio/jugador/retorno_de_la_mano_test.gd > test_un_largo_nulo_no_es_una_respuesta_y_deja_la_mano_donde_esta PASSED 10ms

Statistics: 8 test cases | 0 errors | 0 failures | 0 flaky | 0 skipped | 0 orphans | PASSED 122ms


Run Test Suite: res://test/dominio/jugador/suavizado_del_giro_test.gd
  res://test/dominio/jugador/suavizado_del_giro_test.gd > test_un_mouse_que_llega_en_cada_cuadro_no_se_atrasa STARTED
  res://test/dominio/jugador/suavizado_del_giro_test.gd > test_un_mouse_que_llega_en_cada_cuadro_no_se_atrasa PASSED 14ms

  res://test/dominio/jugador/suavizado_del_giro_test.gd > test_frenar_el_mouse_no_lo_hace_pasar_por_lento STARTED
  res://test/dominio/jugador/suavizado_del_giro_test.gd > test_frenar_el_mouse_no_lo_hace_pasar_por_lento PASSED 10ms

  res://test/dominio/jugador/suavizado_del_giro_test.gd > test_un_mouse_de_125_hz_se_dibuja_casi_parejo_a_144_cuadros STARTED
  res://test/dominio/jugador/suavizado_del_giro_test.gd > test_un_mouse_de_125_hz_se_dibuja_casi_parejo_a_144_cuadros PASSED 23ms

  res://test/dominio/jugador/suavizado_del_giro_test.gd > test_con_un_mouse_lento_un_reporte_se_dibuja_parejo_en_la_ventana STARTED
  res://test/dominio/jugador/suavizado_del_giro_test.gd > test_con_un_mouse_lento_un_reporte_se_dibuja_parejo_en_la_ventana PASSED 10ms

  res://test/dominio/jugador/suavizado_del_giro_test.gd > test_pasada_la_ventana_el_reporte_ya_se_dibujo_entero STARTED
  res://test/dominio/jugador/suavizado_del_giro_test.gd > test_pasada_la_ventana_el_reporte_ya_se_dibujo_entero PASSED 10ms

  res://test/dominio/jugador/suavizado_del_giro_test.gd > test_dos_reportes_se_reparten_cada_uno_en_su_ventana STARTED
  res://test/dominio/jugador/suavizado_del_giro_test.gd > test_dos_reportes_se_reparten_cada_uno_en_su_ventana PASSED 11ms

Statistics: 6 test cases | 0 errors | 0 failures | 0 flaky | 0 skipped | 0 orphans | PASSED 112ms


Run Test Suite: res://test/dominio/reglas_test.gd
  res://test/dominio/reglas_test.gd > test_los_tipos_de_tarea_son_las_cinco_obligatorias STARTED
  res://test/dominio/reglas_test.gd > test_los_tipos_de_tarea_son_las_cinco_obligatorias PASSED 9ms

  res://test/dominio/reglas_test.gd > test_al_cuarto_apercibimiento_lo_echan STARTED
  res://test/dominio/reglas_test.gd > test_al_cuarto_apercibimiento_lo_echan PASSED 9ms

  res://test/dominio/reglas_test.gd > test_el_reloj_de_mesa_falla_adentro_de_la_partida STARTED
  res://test/dominio/reglas_test.gd > test_el_reloj_de_mesa_falla_adentro_de_la_partida PASSED 10ms

  res://test/dominio/reglas_test.gd > test_la_noche_arranca_a_una_hora_del_dia STARTED
  res://test/dominio/reglas_test.gd > test_la_noche_arranca_a_una_hora_del_dia PASSED 10ms

  res://test/dominio/reglas_test.gd > test_una_jornada_grave_pesa_el_doble_que_un_aviso STARTED
  res://test/dominio/reglas_test.gd > test_una_jornada_grave_pesa_el_doble_que_un_aviso PASSED 10ms

Statistics: 5 test cases | 0 errors | 0 failures | 0 flaky | 0 skipped | 0 orphans | PASSED 75ms


Run Test Suite: res://test/escenas/agarre_fisico_test.gd
  res://test/escenas/agarre_fisico_test.gd > test_soltar_hacia_la_gondola_deja_el_producto_visible_y_recuperable STARTED
  res://test/escenas/agarre_fisico_test.gd > test_soltar_hacia_la_gondola_deja_el_producto_visible_y_recuperable PASSED 2min 19s 656ms

  res://test/escenas/agarre_fisico_test.gd > test_la_bolsa_sostenida_no_desplaza_al_jugador STARTED
  res://test/escenas/agarre_fisico_test.gd > test_la_bolsa_sostenida_no_desplaza_al_jugador PASSED 2s 341ms

  res://test/escenas/agarre_fisico_test.gd > test_el_izquierdo_en_el_contenedor_entrega_la_bolsa_al_recolector STARTED
  res://test/escenas/agarre_fisico_test.gd > test_el_izquierdo_en_el_contenedor_entrega_la_bolsa_al_recolector PASSED 138ms

Statistics: 3 test cases | 0 errors | 0 failures | 0 flaky | 0 skipped | 0 orphans | PASSED 2min 22s 155ms


Run Test Suite: res://test/escenas/agua_sobre_el_piso_test.gd
  res://test/escenas/agua_sobre_el_piso_test.gd > test_instanciar_y_descartar_el_almacen_sin_abrirlo_no_deja_nodos_huerfanos STARTED
  res://test/escenas/agua_sobre_el_piso_test.gd > test_instanciar_y_descartar_el_almacen_sin_abrirlo_no_deja_nodos_huerfanos PASSED 34ms

  res://test/escenas/agua_sobre_el_piso_test.gd > test_el_uso_sobre_piso_libre_llega_sin_convertir_el_suelo_en_interactuable STARTED
  res://test/escenas/agua_sobre_el_piso_test.gd > test_el_uso_sobre_piso_libre_llega_sin_convertir_el_suelo_en_interactuable PASSED 142ms

  res://test/escenas/agua_sobre_el_piso_test.gd > test_el_disco_completo_de_agua_se_reserva_fuera_de_las_manchas STARTED
  res://test/escenas/agua_sobre_el_piso_test.gd > test_el_disco_completo_de_agua_se_reserva_fuera_de_las_manchas PASSED 139ms

  res://test/escenas/agua_sobre_el_piso_test.gd > test_una_superficie_horizontal_de_un_mueble_no_es_piso STARTED
  res://test/escenas/agua_sobre_el_piso_test.gd > test_una_superficie_horizontal_de_un_mueble_no_es_piso PASSED 140ms

  res://test/escenas/agua_sobre_el_piso_test.gd > test_agua_limpia_deja_charco_sin_cambiar_las_manchas_y_la_jornada_lo_borra STARTED
  res://test/escenas/agua_sobre_el_piso_test.gd > test_agua_limpia_deja_charco_sin_cambiar_las_manchas_y_la_jornada_lo_borra PASSED 162ms

  res://test/escenas/agua_sobre_el_piso_test.gd > test_enjuagar_en_el_inodoro_anima_hacia_ese_inodoro_y_no_hacia_el_balde STARTED
  res://test/escenas/agua_sobre_el_piso_test.gd > test_enjuagar_en_el_inodoro_anima_hacia_ese_inodoro_y_no_hacia_el_balde PASSED 131ms

  res://test/escenas/agua_sobre_el_piso_test.gd > test_rechaza_una_concavidad_entre_las_muestras_del_borde STARTED
  res://test/escenas/agua_sobre_el_piso_test.gd > test_rechaza_una_concavidad_entre_las_muestras_del_borde PASSED 7ms

  res://test/escenas/agua_sobre_el_piso_test.gd > test_la_mira_no_deja_agua_fuera_de_alcance_ni_detras_de_un_obstaculo STARTED
  res://test/escenas/agua_sobre_el_piso_test.gd > test_la_mira_no_deja_agua_fuera_de_alcance_ni_detras_de_un_obstaculo PASSED 136ms

  res://test/escenas/agua_sobre_el_piso_test.gd > test_el_producto_aceptado_mezcla_el_balde_y_repintar_no_corta_la_transicion STARTED
  res://test/escenas/agua_sobre_el_piso_test.gd > test_el_producto_aceptado_mezcla_el_balde_y_repintar_no_corta_la_transicion PASSED 134ms

  res://test/escenas/agua_sobre_el_piso_test.gd > test_las_senales_llenan_y_vacian_con_nivel_gradual_sin_reiniciar_al_repintar STARTED
  res://test/escenas/agua_sobre_el_piso_test.gd > test_las_senales_llenan_y_vacian_con_nivel_gradual_sin_reiniciar_al_repintar PASSED 137ms

Statistics: 10 test cases | 0 errors | 0 failures | 0 flaky | 0 skipped | 0 orphans | PASSED 1s 206ms


Run Test Suite: res://test/escenas/almacen_test.gd
  res://test/escenas/almacen_test.gd > test_el_almacen_carga_y_su_raiz_es_un_nodo_tridimensional STARTED
  res://test/escenas/almacen_test.gd > test_el_almacen_carga_y_su_raiz_es_un_nodo_tridimensional PASSED 34ms

  res://test/escenas/almacen_test.gd > test_los_muebles_y_el_anclaje_de_la_ventanilla_estan_por_nombre STARTED
  res://test/escenas/almacen_test.gd > test_los_muebles_y_el_anclaje_de_la_ventanilla_estan_por_nombre PASSED 34ms

  res://test/escenas/almacen_test.gd > test_el_almacen_instancia_al_jugador_en_vez_de_duplicar_el_cuerpo STARTED
  res://test/escenas/almacen_test.gd > test_el_almacen_instancia_al_jugador_en_vez_de_duplicar_el_cuerpo PASSED 37ms

  res://test/escenas/almacen_test.gd > test_la_escena_trae_luz_propia STARTED
  res://test/escenas/almacen_test.gd > test_la_escena_trae_luz_propia PASSED 35ms

  res://test/escenas/almacen_test.gd > test_la_estructura_entra_instanciada_y_no_vino_corrida STARTED
  res://test/escenas/almacen_test.gd > test_la_estructura_entra_instanciada_y_no_vino_corrida PASSED 36ms

  res://test/escenas/almacen_test.gd > test_el_hueco_de_la_ventanilla_cae_en_la_ventanilla_del_modelo STARTED
  res://test/escenas/almacen_test.gd > test_el_hueco_de_la_ventanilla_cae_en_la_ventanilla_del_modelo PASSED 136ms

  res://test/escenas/almacen_test.gd > test_la_regla_del_hueco_rechaza_un_punto_del_muro STARTED
  res://test/escenas/almacen_test.gd > test_la_regla_del_hueco_rechaza_un_punto_del_muro PASSED 135ms

  res://test/escenas/almacen_test.gd > test_el_jugador_arranca_adentro_del_almacen_y_apoyado_en_el_piso STARTED
  res://test/escenas/almacen_test.gd > test_el_jugador_arranca_adentro_del_almacen_y_apoyado_en_el_piso PASSED 429ms

  res://test/escenas/almacen_test.gd > test_todo_nodo_propio_del_almacen_cuelga_de_la_raiz STARTED
  res://test/escenas/almacen_test.gd > test_todo_nodo_propio_del_almacen_cuelga_de_la_raiz PASSED 36ms

  res://test/escenas/almacen_test.gd > test_la_regla_de_cableado_sabe_ver_un_nodo_colgado_de_otro STARTED
  res://test/escenas/almacen_test.gd > test_la_regla_de_cableado_sabe_ver_un_nodo_colgado_de_otro PASSED 5ms

  res://test/escenas/almacen_test.gd > test_el_cableado_dejo_de_armar_el_turno_y_de_llevar_el_puntaje STARTED
  res://test/escenas/almacen_test.gd > test_el_cableado_dejo_de_armar_el_turno_y_de_llevar_el_puntaje PASSED 6ms

  res://test/escenas/almacen_test.gd > test_el_almacen_arranca_desde_el_guardado STARTED
  res://test/escenas/almacen_test.gd > test_el_almacen_arranca_desde_el_guardado PASSED 69ms

  res://test/escenas/almacen_test.gd > test_la_escena_trae_el_ciclo_de_jornadas_en_servicios STARTED
  res://test/escenas/almacen_test.gd > test_la_escena_trae_el_ciclo_de_jornadas_en_servicios PASSED 37ms

  res://test/escenas/almacen_test.gd > test_los_cableados_de_la_raiz_llegan_asignados STARTED
  res://test/escenas/almacen_test.gd > test_los_cableados_de_la_raiz_llegan_asignados PASSED 37ms

  res://test/escenas/almacen_test.gd > test_el_cableado_arma_el_parte_una_sola_vez STARTED
  res://test/escenas/almacen_test.gd > test_el_cableado_arma_el_parte_una_sola_vez PASSED 9ms

  res://test/escenas/almacen_test.gd > test_la_escena_instancia_la_pantalla_de_cierre STARTED
  res://test/escenas/almacen_test.gd > test_la_escena_instancia_la_pantalla_de_cierre PASSED 37ms

  res://test/escenas/almacen_test.gd > test_despachar_la_placa_abre_la_noche_siguiente_sin_tareas_cumplidas STARTED
  res://test/escenas/almacen_test.gd > test_despachar_la_placa_abre_la_noche_siguiente_sin_tareas_cumplidas PASSED 145ms

  res://test/escenas/almacen_test.gd > test_el_arranque_esta_frente_a_la_entrada_del_lado_de_adentro STARTED
  res://test/escenas/almacen_test.gd > test_el_arranque_esta_frente_a_la_entrada_del_lado_de_adentro PASSED 134ms

  res://test/escenas/almacen_test.gd > test_abrir_la_jornada_deja_al_jugador_en_el_arranque STARTED
  res://test/escenas/almacen_test.gd > test_abrir_la_jornada_deja_al_jugador_en_el_arranque PASSED 151ms

  res://test/escenas/almacen_test.gd > test_con_el_despido_la_placa_vuelve_al_menu_y_no_abre_otra_noche STARTED
  res://test/escenas/almacen_test.gd > test_con_el_despido_la_placa_vuelve_al_menu_y_no_abre_otra_noche PASSED 148ms

  res://test/escenas/almacen_test.gd > test_con_la_partida_en_curso_volver_al_menu_no_abre_la_noche_siguiente STARTED
  res://test/escenas/almacen_test.gd > test_con_la_partida_en_curso_volver_al_menu_no_abre_la_noche_siguiente PASSED 146ms

  res://test/escenas/almacen_test.gd > test_volver_al_menu_desde_la_pausa_sale_de_la_pausa_y_va_al_menu STARTED
  res://test/escenas/almacen_test.gd > test_volver_al_menu_desde_la_pausa_sale_de_la_pausa_y_va_al_menu PASSED 142ms

  res://test/escenas/almacen_test.gd > test_con_la_placa_en_pantalla_esc_no_pausa STARTED
  res://test/escenas/almacen_test.gd > test_con_la_placa_en_pantalla_esc_no_pausa PASSED 143ms

  res://test/escenas/almacen_test.gd > test_volver_al_menu_carga_el_menu_de_inicio STARTED
  res://test/escenas/almacen_test.gd > test_volver_al_menu_carga_el_menu_de_inicio PASSED 9ms

  res://test/escenas/almacen_test.gd > test_la_hora_se_lee_en_un_solo_lugar_y_es_el_reloj_de_mesa STARTED
  res://test/escenas/almacen_test.gd > test_la_hora_se_lee_en_un_solo_lugar_y_es_el_reloj_de_mesa PASSED 42ms

  res://test/escenas/almacen_test.gd > test_el_reloj_de_mesa_queda_sobre_el_vidrio_del_reloj_del_modelo STARTED
  res://test/escenas/almacen_test.gd > test_el_reloj_de_mesa_queda_sobre_el_vidrio_del_reloj_del_modelo PASSED 145ms

  res://test/escenas/almacen_test.gd > test_el_cableado_le_da_la_hora_al_reloj_de_mesa_y_no_al_hud STARTED
  res://test/escenas/almacen_test.gd > test_el_cableado_le_da_la_hora_al_reloj_de_mesa_y_no_al_hud PASSED 7ms

  res://test/escenas/almacen_test.gd > test_el_cableado_de_reponer_llega_entero_hasta_los_huecos STARTED
  res://test/escenas/almacen_test.gd > test_el_cableado_de_reponer_llega_entero_hasta_los_huecos PASSED 35ms

  res://test/escenas/almacen_test.gd > test_el_marco_para_asomarse_coincide_con_los_bordes_del_hueco STARTED
  res://test/escenas/almacen_test.gd > test_el_marco_para_asomarse_coincide_con_los_bordes_del_hueco PASSED 143ms

Statistics: 29 test cases | 0 errors | 0 failures | 0 flaky | 0 skipped | 0 orphans | PASSED 2s 626ms


Run Test Suite: res://test/escenas/apoyos_del_modelo_test.gd
  res://test/escenas/apoyos_del_modelo_test.gd > test_cada_mancha_se_enfoca_desde_un_apoyo_caminable_a_un_metro STARTED
  res://test/escenas/apoyos_del_modelo_test.gd > test_cada_mancha_se_enfoca_desde_un_apoyo_caminable_a_un_metro PASSED 1s 290ms

  res://test/escenas/apoyos_del_modelo_test.gd > test_los_objetos_y_manchas_quedan_sobre_el_modelo STARTED
  res://test/escenas/apoyos_del_modelo_test.gd > test_los_objetos_y_manchas_quedan_sobre_el_modelo PASSED 1s 12ms

  res://test/escenas/apoyos_del_modelo_test.gd > test_las_manchas_superan_el_alcance_entre_si STARTED
  res://test/escenas/apoyos_del_modelo_test.gd > test_las_manchas_superan_el_alcance_entre_si PASSED 37ms

  res://test/escenas/apoyos_del_modelo_test.gd > test_el_tablero_de_cada_pallet_no_deja_pasar_un_rayo STARTED
  res://test/escenas/apoyos_del_modelo_test.gd > test_el_tablero_de_cada_pallet_no_deja_pasar_un_rayo PASSED 1s 79ms

Statistics: 4 test cases | 0 errors | 0 failures | 0 flaky | 0 skipped | 0 orphans | PASSED 3s 441ms


Run Test Suite: res://test/escenas/atencion_de_la_primera_jornada_test.gd
  res://test/escenas/atencion_de_la_primera_jornada_test.gd > test_las_dos_compras_fisicas_registran_una_vez_y_se_van_tras_despedirse STARTED
  res://test/escenas/atencion_de_la_primera_jornada_test.gd > test_las_dos_compras_fisicas_registran_una_vez_y_se_van_tras_despedirse PASSED 185ms

  res://test/escenas/atencion_de_la_primera_jornada_test.gd > test_vencer_retira_productos_y_ticket_sin_registrar_una_venta STARTED
  res://test/escenas/atencion_de_la_primera_jornada_test.gd > test_vencer_retira_productos_y_ticket_sin_registrar_una_venta PASSED 399ms

  res://test/escenas/atencion_de_la_primera_jornada_test.gd > test_otra_jornada_atiende_con_el_panel_de_cobro_mientras_corre_el_reloj STARTED
  res://test/escenas/atencion_de_la_primera_jornada_test.gd > test_otra_jornada_atiende_con_el_panel_de_cobro_mientras_corre_el_reloj PASSED 150ms

Statistics: 3 test cases | 0 errors | 0 failures | 0 flaky | 0 skipped | 0 orphans | PASSED 750ms


Run Test Suite: res://test/escenas/campo_de_interaccion_test.gd
  res://test/escenas/campo_de_interaccion_test.gd > test_la_bolsa_pequena_se_enfoca_fuera_del_centro STARTED
  res://test/escenas/campo_de_interaccion_test.gd > test_la_bolsa_pequena_se_enfoca_fuera_del_centro PASSED 59ms

  res://test/escenas/campo_de_interaccion_test.gd > test_el_campo_y_el_clic_usan_los_cuerpos_de_los_muebles STARTED
  res://test/escenas/campo_de_interaccion_test.gd > test_el_campo_y_el_clic_usan_los_cuerpos_de_los_muebles PASSED 188ms

  res://test/escenas/campo_de_interaccion_test.gd > test_la_pared_del_modelo_tapa_un_objeto_dentro_del_alcance STARTED
  res://test/escenas/campo_de_interaccion_test.gd > test_la_pared_del_modelo_tapa_un_objeto_dentro_del_alcance PASSED 141ms

  res://test/escenas/campo_de_interaccion_test.gd > test_importa_la_superficie_y_no_el_origen_ni_la_jerarquia_de_mallas STARTED
  res://test/escenas/campo_de_interaccion_test.gd > test_importa_la_superficie_y_no_el_origen_ni_la_jerarquia_de_mallas PASSED 7ms

Statistics: 4 test cases | 0 errors | 0 failures | 0 flaky | 0 skipped | 0 orphans | PASSED 420ms


Run Test Suite: res://test/escenas/carga_del_almacen_test.gd
  res://test/escenas/carga_del_almacen_test.gd > test_cada_menu_nuevo_pide_el_almacen STARTED
[carga] menú visible
[carga] menú visible
  res://test/escenas/carga_del_almacen_test.gd > test_cada_menu_nuevo_pide_el_almacen PASSED 67ms

  res://test/escenas/carga_del_almacen_test.gd > test_el_menu_arranca_sin_pantalla_de_carga STARTED
[carga] menú visible
  res://test/escenas/carga_del_almacen_test.gd > test_el_menu_arranca_sin_pantalla_de_carga PASSED 44ms

  res://test/escenas/carga_del_almacen_test.gd > test_doble_clic_mientras_carga_muestra_una_sola_pantalla STARTED
[carga] menú visible
  res://test/escenas/carga_del_almacen_test.gd > test_doble_clic_mientras_carga_muestra_una_sola_pantalla PASSED 44ms

  res://test/escenas/carga_del_almacen_test.gd > test_con_el_almacen_ya_cargado_nuevo_juego_tambien_muestra_la_pantalla STARTED
[carga] menú visible
  res://test/escenas/carga_del_almacen_test.gd > test_con_el_almacen_ya_cargado_nuevo_juego_tambien_muestra_la_pantalla PASSED 46ms

  res://test/escenas/carga_del_almacen_test.gd > test_si_la_carga_falla_vuelve_al_menu_y_nuevo_juego_pide_otra_vez STARTED
[carga] menú visible
  res://test/escenas/carga_del_almacen_test.gd > test_si_la_carga_falla_vuelve_al_menu_y_nuevo_juego_pide_otra_vez PASSED 49ms

  res://test/escenas/carga_del_almacen_test.gd > test_la_pantalla_de_carga_usa_el_tema_sin_estilos_propios STARTED
  res://test/escenas/carga_del_almacen_test.gd > test_la_pantalla_de_carga_usa_el_tema_sin_estilos_propios PASSED 11ms

Statistics: 6 test cases | 0 errors | 0 failures | 0 flaky | 0 skipped | 0 orphans | PASSED 295ms


Run Test Suite: res://test/escenas/casilleros_a_la_vista_test.gd
  res://test/escenas/casilleros_a_la_vista_test.gd > test_ningun_casillero_vacio_se_dibuja_sin_la_mira_encima STARTED
  res://test/escenas/casilleros_a_la_vista_test.gd > test_ningun_casillero_vacio_se_dibuja_sin_la_mira_encima PASSED 338ms

  res://test/escenas/casilleros_a_la_vista_test.gd > test_el_casillero_apagado_lleva_los_dos_materiales_del_apuntado STARTED
  res://test/escenas/casilleros_a_la_vista_test.gd > test_el_casillero_apagado_lleva_los_dos_materiales_del_apuntado PASSED 144ms

  res://test/escenas/casilleros_a_la_vista_test.gd > test_el_clic_coloca_en_el_casillero_apuntado_y_no_en_otro STARTED
  res://test/escenas/casilleros_a_la_vista_test.gd > test_el_clic_coloca_en_el_casillero_apuntado_y_no_en_otro PASSED 147ms

  res://test/escenas/casilleros_a_la_vista_test.gd > test_con_las_manos_vacias_se_agarra_la_del_medio STARTED
  res://test/escenas/casilleros_a_la_vista_test.gd > test_con_las_manos_vacias_se_agarra_la_del_medio PASSED 145ms

  res://test/escenas/casilleros_a_la_vista_test.gd > test_con_algo_en_la_mano_no_se_enfoca_ninguna_unidad_puesta STARTED
  res://test/escenas/casilleros_a_la_vista_test.gd > test_con_algo_en_la_mano_no_se_enfoca_ninguna_unidad_puesta PASSED 141ms

  res://test/escenas/casilleros_a_la_vista_test.gd > test_la_fila_de_atras_no_tiene_casilleros STARTED
  res://test/escenas/casilleros_a_la_vista_test.gd > test_la_fila_de_atras_no_tiene_casilleros PASSED 150ms

  res://test/escenas/casilleros_a_la_vista_test.gd > test_la_de_la_gondola_se_suelta_y_se_devuelve_una_sola_vez STARTED
  res://test/escenas/casilleros_a_la_vista_test.gd > test_la_de_la_gondola_se_suelta_y_se_devuelve_una_sola_vez PASSED 143ms

  res://test/escenas/casilleros_a_la_vista_test.gd > test_cada_casillero_se_enfoca_desde_el_pasillo STARTED
  res://test/escenas/casilleros_a_la_vista_test.gd > test_cada_casillero_se_enfoca_desde_el_pasillo PASSED 1s 145ms

Statistics: 8 test cases | 0 errors | 0 failures | 0 flaky | 0 skipped | 0 orphans | PASSED 2s 397ms


Run Test Suite: res://test/escenas/cierre_del_almacen_test.gd
  res://test/escenas/cierre_del_almacen_test.gd > test_el_arranque_cabe_en_sus_habitaciones_y_no_produce_motivos STARTED
  res://test/escenas/cierre_del_almacen_test.gd > test_el_arranque_cabe_en_sus_habitaciones_y_no_produce_motivos PASSED 149ms

  res://test/escenas/cierre_del_almacen_test.gd > test_cajas_utiles_y_bolsas_siguen_su_habitacion_y_los_pasos STARTED
  res://test/escenas/cierre_del_almacen_test.gd > test_cajas_utiles_y_bolsas_siguen_su_habitacion_y_los_pasos PASSED 142ms

  res://test/escenas/cierre_del_almacen_test.gd > test_dos_cajas_con_los_mismos_datos_no_comparten_la_exclusion_de_mano STARTED
  res://test/escenas/cierre_del_almacen_test.gd > test_dos_cajas_con_los_mismos_datos_no_comparten_la_exclusion_de_mano PASSED 149ms

  res://test/escenas/cierre_del_almacen_test.gd > test_examen_real_cuenta_el_cuerpo_y_terminar_vuelve_a_excluirlo STARTED
  res://test/escenas/cierre_del_almacen_test.gd > test_examen_real_cuenta_el_cuerpo_y_terminar_vuelve_a_excluirlo PASSED 153ms

  res://test/escenas/cierre_del_almacen_test.gd > test_bolsa_afuera_recuperada_o_tirada_sale_del_motivo STARTED
  res://test/escenas/cierre_del_almacen_test.gd > test_bolsa_afuera_recuperada_o_tirada_sale_del_motivo PASSED 152ms

  res://test/escenas/cierre_del_almacen_test.gd > test_dos_motivos_entregan_seis_medios_antes_del_parte_y_guardado STARTED
  res://test/escenas/cierre_del_almacen_test.gd > test_dos_motivos_entregan_seis_medios_antes_del_parte_y_guardado PASSED 174ms

  res://test/escenas/cierre_del_almacen_test.gd > test_un_producto_en_el_piso_muestra_el_llamado_al_terminar STARTED
  res://test/escenas/cierre_del_almacen_test.gd > test_un_producto_en_el_piso_muestra_el_llamado_al_terminar PASSED 2s 18ms

  res://test/escenas/cierre_del_almacen_test.gd > test_las_partes_reales_respetan_techo_y_laterales_de_los_pasos STARTED
  res://test/escenas/cierre_del_almacen_test.gd > test_las_partes_reales_respetan_techo_y_laterales_de_los_pasos PASSED 146ms

Statistics: 8 test cases | 0 errors | 0 failures | 0 flaky | 0 skipped | 0 orphans | PASSED 3s 136ms


Run Test Suite: res://test/escenas/consecuencias_del_contenedor_test.gd
  res://test/escenas/consecuencias_del_contenedor_test.gd > test_tirar_una_unidad_suma_un_medio_y_la_deuda_se_conserva STARTED
  res://test/escenas/consecuencias_del_contenedor_test.gd > test_tirar_una_unidad_suma_un_medio_y_la_deuda_se_conserva PASSED 158ms

  res://test/escenas/consecuencias_del_contenedor_test.gd > test_tirar_la_mopa_no_agrega_desorden_ni_afuera STARTED
  res://test/escenas/consecuencias_del_contenedor_test.gd > test_tirar_la_mopa_no_agrega_desorden_ni_afuera PASSED 174ms

  res://test/escenas/consecuencias_del_contenedor_test.gd > test_bolsas_y_ticket_se_descartan_sin_este_llamado STARTED
  res://test/escenas/consecuencias_del_contenedor_test.gd > test_bolsas_y_ticket_se_descartan_sin_este_llamado PASSED 163ms

  res://test/escenas/consecuencias_del_contenedor_test.gd > test_varios_importantes_cuentan_una_vez_y_otra_noche_pueden_repetir STARTED
  res://test/escenas/consecuencias_del_contenedor_test.gd > test_varios_importantes_cuentan_una_vez_y_otra_noche_pueden_repetir PASSED 155ms

  res://test/escenas/consecuencias_del_contenedor_test.gd > test_tres_motivos_con_grave_guardan_siete_y_permiten_continuar STARTED
  res://test/escenas/consecuencias_del_contenedor_test.gd > test_tres_motivos_con_grave_guardan_siete_y_permiten_continuar PASSED 160ms

  res://test/escenas/consecuencias_del_contenedor_test.gd > test_cuatro_motivos_con_grave_despiden_y_borran_el_guardado STARTED
  res://test/escenas/consecuencias_del_contenedor_test.gd > test_cuatro_motivos_con_grave_despiden_y_borran_el_guardado PASSED 160ms

Statistics: 6 test cases | 0 errors | 0 failures | 0 flaky | 0 skipped | 0 orphans | PASSED 1s 2ms


Run Test Suite: res://test/escenas/contorno_de_los_muebles_test.gd
  res://test/escenas/contorno_de_los_muebles_test.gd > test_el_jugador_que_camina_contra_una_gondola_choca_con_su_contorno STARTED
  res://test/escenas/contorno_de_los_muebles_test.gd > test_el_jugador_que_camina_contra_una_gondola_choca_con_su_contorno PASSED 157ms

  res://test/escenas/contorno_de_los_muebles_test.gd > test_el_contorno_envuelve_la_malla_sin_que_le_sobre STARTED
  res://test/escenas/contorno_de_los_muebles_test.gd > test_el_contorno_envuelve_la_malla_sin_que_le_sobre PASSED 135ms

  res://test/escenas/contorno_de_los_muebles_test.gd > test_la_malla_de_la_gondola_sigue_siendo_la_colision_de_los_productos STARTED
  res://test/escenas/contorno_de_los_muebles_test.gd > test_la_malla_de_la_gondola_sigue_siendo_la_colision_de_los_productos PASSED 134ms

  res://test/escenas/contorno_de_los_muebles_test.gd > test_un_producto_soltado_hacia_la_gondola_no_queda_adentro_de_ella STARTED
  res://test/escenas/contorno_de_los_muebles_test.gd > test_un_producto_soltado_hacia_la_gondola_no_queda_adentro_de_ella PASSED 1s 449ms

  res://test/escenas/contorno_de_los_muebles_test.gd > test_una_caja_chica_soltada_hacia_una_bandeja_no_queda_adentro_de_la_gondola STARTED
  res://test/escenas/contorno_de_los_muebles_test.gd > test_una_caja_chica_soltada_hacia_una_bandeja_no_queda_adentro_de_la_gondola PASSED 415ms

Statistics: 5 test cases | 0 errors | 0 failures | 0 flaky | 0 skipped | 0 orphans | PASSED 2s 319ms


Run Test Suite: res://test/escenas/escenas_reempaquetadas_test.gd
  res://test/escenas/escenas_reempaquetadas_test.gd > test_ninguna_escena_cambia_al_volver_a_empaquetarla STARTED
  res://test/escenas/escenas_reempaquetadas_test.gd > test_ninguna_escena_cambia_al_volver_a_empaquetarla PASSED 231ms

Statistics: 1 test cases | 0 errors | 0 failures | 0 flaky | 0 skipped | 0 orphans | PASSED 242ms


Run Test Suite: res://test/escenas/generadores_del_modelo_test.gd
  res://test/escenas/generadores_del_modelo_test.gd > test_el_nombre_de_archivo_va_en_minusculas_sin_acentos_y_con_guion_bajo STARTED
  res://test/escenas/generadores_del_modelo_test.gd > test_el_nombre_de_archivo_va_en_minusculas_sin_acentos_y_con_guion_bajo PASSED 4ms

  res://test/escenas/generadores_del_modelo_test.gd > test_la_escena_del_estante_carga_la_malla_que_escribe_el_extractor STARTED
  res://test/escenas/generadores_del_modelo_test.gd > test_la_escena_del_estante_carga_la_malla_que_escribe_el_extractor PASSED 6ms

  res://test/escenas/generadores_del_modelo_test.gd > test_la_planilla_muestra_la_miniatura_que_escribe_el_generador STARTED
  res://test/escenas/generadores_del_modelo_test.gd > test_la_planilla_muestra_la_miniatura_que_escribe_el_generador PASSED 5ms

  res://test/escenas/generadores_del_modelo_test.gd > test_la_camara_mira_el_frente_y_ve_el_envase_entero STARTED
  res://test/escenas/generadores_del_modelo_test.gd > test_la_camara_mira_el_frente_y_ve_el_envase_entero PASSED 5ms

  res://test/escenas/generadores_del_modelo_test.gd > test_una_fila_lateral_plana_no_se_endereza STARTED
  res://test/escenas/generadores_del_modelo_test.gd > test_una_fila_lateral_plana_no_se_endereza PASSED 8ms

  res://test/escenas/generadores_del_modelo_test.gd > test_la_miniatura_endereza_la_rampa_y_deja_quieto_lo_que_esta_derecho STARTED
  res://test/escenas/generadores_del_modelo_test.gd > test_la_miniatura_endereza_la_rampa_y_deja_quieto_lo_que_esta_derecho PASSED 9ms

Statistics: 6 test cases | 0 errors | 0 failures | 0 flaky | 0 skipped | 0 orphans | PASSED 63ms


Run Test Suite: res://test/escenas/giro_parejo_test.gd
  res://test/escenas/giro_parejo_test.gd > test_girar_con_el_mouse_dibuja_el_mismo_giro_en_cada_cuadro STARTED
  res://test/escenas/giro_parejo_test.gd > test_girar_con_el_mouse_dibuja_el_mismo_giro_en_cada_cuadro PASSED 8s 983ms

  res://test/escenas/giro_parejo_test.gd > test_un_mouse_mas_lento_que_la_pantalla_se_dibuja_parejo STARTED
  res://test/escenas/giro_parejo_test.gd > test_un_mouse_mas_lento_que_la_pantalla_se_dibuja_parejo PASSED 4s 989ms

  res://test/escenas/giro_parejo_test.gd > test_un_producto_en_la_mano_no_tiembla_contra_la_camara STARTED
  res://test/escenas/giro_parejo_test.gd > test_un_producto_en_la_mano_no_tiembla_contra_la_camara PASSED 4s 979ms

  res://test/escenas/giro_parejo_test.gd > test_una_caja_en_la_mano_no_tiembla_contra_la_camara STARTED
  res://test/escenas/giro_parejo_test.gd > test_una_caja_en_la_mano_no_tiembla_contra_la_camara PASSED 4s 973ms

  res://test/escenas/giro_parejo_test.gd > test_una_caja_contra_la_pared_se_corre_sin_escalones STARTED
  res://test/escenas/giro_parejo_test.gd > test_una_caja_contra_la_pared_se_corre_sin_escalones PASSED 4s 487ms

  res://test/escenas/giro_parejo_test.gd > test_la_caja_no_choca_con_el_detalle_de_un_mueble STARTED
  res://test/escenas/giro_parejo_test.gd > test_la_caja_no_choca_con_el_detalle_de_un_mueble PASSED 1s 20ms

  res://test/escenas/giro_parejo_test.gd > test_lo_soltado_despues_de_girar_se_dibuja_donde_se_veia_el_punto_de_soltado STARTED
  res://test/escenas/giro_parejo_test.gd > test_lo_soltado_despues_de_girar_se_dibuja_donde_se_veia_el_punto_de_soltado PASSED 2s 729ms

  res://test/escenas/giro_parejo_test.gd > test_caminar_derecho_hace_avanzar_la_camara_en_cada_cuadro STARTED
  res://test/escenas/giro_parejo_test.gd > test_caminar_derecho_hace_avanzar_la_camara_en_cada_cuadro PASSED 3s 986ms

Statistics: 8 test cases | 0 errors | 0 failures | 0 flaky | 0 skipped | 0 orphans | PASSED 36s 189ms


Run Test Suite: res://test/escenas/gondola_acomodada_test.gd
  res://test/escenas/gondola_acomodada_test.gd > test_ningun_estante_inferior_sobresale_de_los_superiores STARTED
  res://test/escenas/gondola_acomodada_test.gd > test_ningun_estante_inferior_sobresale_de_los_superiores PASSED 33ms

  res://test/escenas/gondola_acomodada_test.gd > test_en_la_rampa_de_una_cabecera_cada_unidad_se_echa_hacia_atras STARTED
  res://test/escenas/gondola_acomodada_test.gd > test_en_la_rampa_de_una_cabecera_cada_unidad_se_echa_hacia_atras PASSED 18ms

  res://test/escenas/gondola_acomodada_test.gd > test_ningun_estante_de_arriba_queda_detras_del_lateral STARTED
  res://test/escenas/gondola_acomodada_test.gd > test_ningun_estante_de_arriba_queda_detras_del_lateral PASSED 37ms

Statistics: 3 test cases | 0 errors | 0 failures | 0 flaky | 0 skipped | 0 orphans | PASSED 114ms


Run Test Suite: res://test/escenas/hoja_que_arrastra_test.gd
  res://test/escenas/hoja_que_arrastra_test.gd > test_la_unidad_dormida_en_el_recorrido_se_arrastra_al_abrir STARTED
  res://test/escenas/hoja_que_arrastra_test.gd > test_la_unidad_dormida_en_el_recorrido_se_arrastra_al_abrir PASSED 4s 531ms

  res://test/escenas/hoja_que_arrastra_test.gd > test_la_unidad_dormida_en_el_recorrido_se_arrastra_al_cerrar STARTED
  res://test/escenas/hoja_que_arrastra_test.gd > test_la_unidad_dormida_en_el_recorrido_se_arrastra_al_cerrar PASSED 7s 13ms

  res://test/escenas/hoja_que_arrastra_test.gd > test_al_quedar_quieta_no_queda_nada_adentro_de_la_hoja STARTED
WARNING: Rescate: `ObjetoAgarrable` estaba adentro de `CuerpoDeLaHoja` en (5.882046, 0.202237, -9.028996); va a ORIGEN
   at: push_warning (core/variant/variant_utility.cpp:1033)
   GDScript backtrace (most recent call first):
       [0] revisar (res://src/sistemas/marco/red_de_seguridad.gd:101)
       [1] _al_quedar_quieta (res://src/sistemas/marco/red_de_seguridad.gd:149)
       [2] _physics_process (res://src/escenas/puestos/puerta_del_local.gd:123)
  res://test/escenas/hoja_que_arrastra_test.gd > test_al_quedar_quieta_no_queda_nada_adentro_de_la_hoja PASSED 4s 997ms

  res://test/escenas/hoja_que_arrastra_test.gd > test_el_jugador_parado_en_el_recorrido_no_queda_adentro_de_la_hoja STARTED
  res://test/escenas/hoja_que_arrastra_test.gd > test_el_jugador_parado_en_el_recorrido_no_queda_adentro_de_la_hoja PASSED 2s 513ms

  res://test/escenas/hoja_que_arrastra_test.gd > test_una_caja_apoyada_en_el_recorrido_no_frena_la_hoja STARTED
  res://test/escenas/hoja_que_arrastra_test.gd > test_una_caja_apoyada_en_el_recorrido_no_frena_la_hoja PASSED 2s 519ms

  res://test/escenas/hoja_que_arrastra_test.gd > test_cerrar_de_golpe_no_despide_lo_que_toca_la_hoja STARTED
WARNING: Rescate: `ObjetoAgarrable` estaba adentro de `CuerpoDeLaHoja` en (6.041321, 0.249515, -9.016684); va a DESHACER
   at: push_warning (core/variant/variant_utility.cpp:1033)
   GDScript backtrace (most recent call first):
       [0] revisar (res://src/sistemas/marco/red_de_seguridad.gd:101)
       [1] _al_soltar (res://src/sistemas/marco/red_de_seguridad.gd:127)
  res://test/escenas/hoja_que_arrastra_test.gd > test_cerrar_de_golpe_no_despide_lo_que_toca_la_hoja PASSED 6s 524ms

  res://test/escenas/hoja_que_arrastra_test.gd > test_la_bolsa_en_el_recorrido_se_arrastra_al_abrir STARTED
  res://test/escenas/hoja_que_arrastra_test.gd > test_la_bolsa_en_el_recorrido_se_arrastra_al_abrir PASSED 4s 516ms

  res://test/escenas/hoja_que_arrastra_test.gd > test_el_balde_en_el_recorrido_se_arrastra_al_abrir STARTED
  res://test/escenas/hoja_que_arrastra_test.gd > test_el_balde_en_el_recorrido_se_arrastra_al_abrir PASSED 4s 516ms

  res://test/escenas/hoja_que_arrastra_test.gd > test_la_hoja_cerrada_de_golpe_no_deja_nada_adentro STARTED
WARNING: Rescate: `ObjetoAgarrable` estaba adentro de `CuerpoDeLaHoja` en (6.882046, 0.202237, -8.028996); va a ORIGEN
   at: push_warning (core/variant/variant_utility.cpp:1033)
   GDScript backtrace (most recent call first):
       [0] revisar (res://src/sistemas/marco/red_de_seguridad.gd:101)
       [1] _al_quedar_quieta (res://src/sistemas/marco/red_de_seguridad.gd:149)
       [2] cerrar_de_golpe (res://src/escenas/puestos/puerta_del_local.gd:110)
       [3] _al_abrir_la_jornada (res://src/escenas/almacen.gd:248)
       [4] test_la_hoja_cerrada_de_golpe_no_deja_nada_adentro (res://test/escenas/hoja_que_arrastra_test.gd:293)
  res://test/escenas/hoja_que_arrastra_test.gd > test_la_hoja_cerrada_de_golpe_no_deja_nada_adentro PASSED 2s 548ms

Statistics: 9 test cases | 0 errors | 0 failures | 0 flaky | 0 skipped | 0 orphans | PASSED 39s 723ms


Run Test Suite: res://test/escenas/hover_de_productos_test.gd
  res://test/escenas/hover_de_productos_test.gd > test_sacar_y_colocar_no_interpola_las_otras_copias_entre_casilleros STARTED
  res://test/escenas/hover_de_productos_test.gd > test_sacar_y_colocar_no_interpola_las_otras_copias_entre_casilleros PASSED 226ms

  res://test/escenas/hover_de_productos_test.gd > test_pasarse_por_los_productos_no_reemplaza_ni_reordena_sus_superficies STARTED
  res://test/escenas/hover_de_productos_test.gd > test_pasarse_por_los_productos_no_reemplaza_ni_reordena_sus_superficies PASSED 161ms

  res://test/escenas/hover_de_productos_test.gd > test_la_mira_no_atrae_un_producto_fuera_de_su_tolerancia STARTED
  res://test/escenas/hover_de_productos_test.gd > test_la_mira_no_atrae_un_producto_fuera_de_su_tolerancia PASSED 146ms

  res://test/escenas/hover_de_productos_test.gd > test_el_producto_suelto_se_enfoca_con_las_aristas_de_los_casilleros STARTED
  res://test/escenas/hover_de_productos_test.gd > test_el_producto_suelto_se_enfoca_con_las_aristas_de_los_casilleros PASSED 146ms

Statistics: 4 test cases | 0 errors | 0 failures | 0 flaky | 0 skipped | 0 orphans | PASSED 706ms


Run Test Suite: res://test/escenas/iluminacion_horneada_test.gd
  res://test/escenas/iluminacion_horneada_test.gd > test_el_local_tiene_su_luz_horneada STARTED
  res://test/escenas/iluminacion_horneada_test.gd > test_el_local_tiene_su_luz_horneada PASSED 171ms

  res://test/escenas/iluminacion_horneada_test.gd > test_toda_malla_con_gi_estatico_entro_al_horneado STARTED
  res://test/escenas/iluminacion_horneada_test.gd > test_toda_malla_con_gi_estatico_entro_al_horneado PASSED 140ms

  res://test/escenas/iluminacion_horneada_test.gd > test_las_hojas_que_abren_no_llevan_sombras_de_la_posicion_cerrada STARTED
  res://test/escenas/iluminacion_horneada_test.gd > test_las_hojas_que_abren_no_llevan_sombras_de_la_posicion_cerrada PASSED 39ms

Statistics: 3 test cases | 0 errors | 0 failures | 0 flaky | 0 skipped | 0 orphans | PASSED 372ms


Run Test Suite: res://test/escenas/indicacion_del_foco_test.gd
  res://test/escenas/indicacion_del_foco_test.gd > test_el_campo_real_resalta_la_computadora STARTED
  res://test/escenas/indicacion_del_foco_test.gd > test_el_campo_real_resalta_la_computadora PASSED 304ms

  res://test/escenas/indicacion_del_foco_test.gd > test_el_casillero_apuntado_lleva_solo_el_contorno STARTED
  res://test/escenas/indicacion_del_foco_test.gd > test_el_casillero_apuntado_lleva_solo_el_contorno PASSED 212ms

  res://test/escenas/indicacion_del_foco_test.gd > test_las_senales_del_doble_llegan_al_marco_y_al_hud STARTED
  res://test/escenas/indicacion_del_foco_test.gd > test_las_senales_del_doble_llegan_al_marco_y_al_hud PASSED 133ms

Statistics: 3 test cases | 0 errors | 0 failures | 0 flaky | 0 skipped | 0 orphans | PASSED 671ms


Run Test Suite: res://test/escenas/jornada_integrada_test.gd
  res://test/escenas/jornada_integrada_test.gd > test_los_puestos_completan_la_jornada_y_permiten_abrir_la_siguiente STARTED
WARNING: Rescate: `Balde` estaba adentro de `SueloSolido` en (5.000001, 0.200189, 4.299999); va a DESHACER
   at: push_warning (core/variant/variant_utility.cpp:1033)
   GDScript backtrace (most recent call first):
       [0] revisar (res://src/sistemas/marco/red_de_seguridad.gd:101)
       [1] _al_soltar (res://src/sistemas/marco/red_de_seguridad.gd:127)
WARNING: Rescate: `Balde` estaba adentro de `SueloSolido` en (3.495001, 0.198718, -1.000001); va a DESHACER
   at: push_warning (core/variant/variant_utility.cpp:1033)
   GDScript backtrace (most recent call first):
       [0] revisar (res://src/sistemas/marco/red_de_seguridad.gd:101)
       [1] _al_soltar (res://src/sistemas/marco/red_de_seguridad.gd:127)
WARNING: Rescate: `Balde` estaba adentro de `StaticBody3D` en (11.745, 0.216795, 6.006); va a DESHACER
   at: push_warning (core/variant/variant_utility.cpp:1033)
   GDScript backtrace (most recent call first):
       [0] revisar (res://src/sistemas/marco/red_de_seguridad.gd:101)
       [1] _al_soltar (res://src/sistemas/marco/red_de_seguridad.gd:127)
  res://test/escenas/jornada_integrada_test.gd > test_los_puestos_completan_la_jornada_y_permiten_abrir_la_siguiente PASSED 4s 141ms

  res://test/escenas/jornada_integrada_test.gd > test_abrir_la_jornada_termina_el_examen_en_curso STARTED
  res://test/escenas/jornada_integrada_test.gd > test_abrir_la_jornada_termina_el_examen_en_curso PASSED 141ms

  res://test/escenas/jornada_integrada_test.gd > test_con_otra_pantalla_encima_la_e_no_abre_un_examen STARTED
  res://test/escenas/jornada_integrada_test.gd > test_con_otra_pantalla_encima_la_e_no_abre_un_examen PASSED 143ms

  res://test/escenas/jornada_integrada_test.gd > test_la_puerta_abierta_anoche_arranca_cerrada STARTED
  res://test/escenas/jornada_integrada_test.gd > test_la_puerta_abierta_anoche_arranca_cerrada PASSED 2s 13ms

  res://test/escenas/jornada_integrada_test.gd > test_la_puerta_a_medio_giro_arranca_cerrada STARTED
  res://test/escenas/jornada_integrada_test.gd > test_la_puerta_a_medio_giro_arranca_cerrada PASSED 145ms

  res://test/escenas/jornada_integrada_test.gd > test_la_noche_siguiente_abre_con_cada_caja_llena_y_nada_afuera STARTED
  res://test/escenas/jornada_integrada_test.gd > test_la_noche_siguiente_abre_con_cada_caja_llena_y_nada_afuera PASSED 160ms

Statistics: 6 test cases | 0 errors | 0 failures | 0 flaky | 0 skipped | 0 orphans | PASSED 6s 773ms


Run Test Suite: res://test/escenas/jugador_test.gd
  res://test/escenas/jugador_test.gd > test_la_raiz_del_jugador_es_un_cuerpo_que_camina STARTED
  res://test/escenas/jugador_test.gd > test_la_raiz_del_jugador_es_un_cuerpo_que_camina PASSED 6ms

  res://test/escenas/jugador_test.gd > test_la_camara_esta_a_la_altura_que_declara_el_dominio STARTED
  res://test/escenas/jugador_test.gd > test_la_camara_esta_a_la_altura_que_declara_el_dominio PASSED 7ms

  res://test/escenas/jugador_test.gd > test_el_campo_cuelga_del_ojo_y_respeta_el_alcance STARTED
  res://test/escenas/jugador_test.gd > test_el_campo_cuelga_del_ojo_y_respeta_el_alcance PASSED 6ms

  res://test/escenas/jugador_test.gd > test_el_cuerpo_tiene_una_forma_de_colision STARTED
  res://test/escenas/jugador_test.gd > test_el_cuerpo_tiene_una_forma_de_colision PASSED 5ms

  res://test/escenas/jugador_test.gd > test_las_cuatro_acciones_del_dominio_estan_declaradas_en_el_proyecto STARTED
  res://test/escenas/jugador_test.gd > test_las_cuatro_acciones_del_dominio_estan_declaradas_en_el_proyecto PASSED 6ms

  res://test/escenas/jugador_test.gd > test_el_jugador_avisa_cuando_enfoca_y_cuando_pierde_el_objetivo STARTED
  res://test/escenas/jugador_test.gd > test_el_jugador_avisa_cuando_enfoca_y_cuando_pierde_el_objetivo PASSED 5ms

  res://test/escenas/jugador_test.gd > test_el_jugador_avisa_un_paso_por_lo_que_camina_en_el_piso STARTED
  res://test/escenas/jugador_test.gd > test_el_jugador_avisa_un_paso_por_lo_que_camina_en_el_piso PASSED 7ms

  res://test/escenas/jugador_test.gd > test_suspender_y_reanudar_llegan_hasta_el_control_del_dominio STARTED
  res://test/escenas/jugador_test.gd > test_suspender_y_reanudar_llegan_hasta_el_control_del_dominio PASSED 8ms

  res://test/escenas/jugador_test.gd > test_esc_no_es_del_jugador STARTED
  res://test/escenas/jugador_test.gd > test_esc_no_es_del_jugador PASSED 22ms

  res://test/escenas/jugador_test.gd > test_al_reanudar_el_cursor_vuelve_sin_otro_clic STARTED
  res://test/escenas/jugador_test.gd > test_al_reanudar_el_cursor_vuelve_sin_otro_clic PASSED 9ms

  res://test/escenas/jugador_test.gd > test_suspender_con_algo_enfocado_avisa_que_se_perdio_el_objetivo STARTED
  res://test/escenas/jugador_test.gd > test_suspender_con_algo_enfocado_avisa_que_se_perdio_el_objetivo PASSED 9ms

  res://test/escenas/jugador_test.gd > test_los_dos_sistemas_del_006_llegan_armados_al_instanciar_la_escena STARTED
  res://test/escenas/jugador_test.gd > test_los_dos_sistemas_del_006_llegan_armados_al_instanciar_la_escena PASSED 9ms

  res://test/escenas/jugador_test.gd > test_el_jugador_dice_que_lleva_en_la_mano STARTED
  res://test/escenas/jugador_test.gd > test_el_jugador_dice_que_lleva_en_la_mano PASSED 9ms

  res://test/escenas/jugador_test.gd > test_los_cuatro_puntos_estan_donde_el_dominio_los_declara STARTED
  res://test/escenas/jugador_test.gd > test_los_cuatro_puntos_estan_donde_el_dominio_los_declara PASSED 9ms

  res://test/escenas/jugador_test.gd > test_el_punto_de_carga_queda_abajo_y_a_la_derecha STARTED
  res://test/escenas/jugador_test.gd > test_el_punto_de_carga_queda_abajo_y_a_la_derecha PASSED 8ms

  res://test/escenas/jugador_test.gd > test_los_dos_sistemas_llegan_con_sus_puntos_cableados STARTED
  res://test/escenas/jugador_test.gd > test_los_dos_sistemas_llegan_con_sus_puntos_cableados PASSED 9ms

  res://test/escenas/jugador_test.gd > test_cada_brazo_apunta_al_punto_de_mano_que_mueve STARTED
  res://test/escenas/jugador_test.gd > test_cada_brazo_apunta_al_punto_de_mano_que_mueve PASSED 6ms

  res://test/escenas/jugador_test.gd > test_los_brazos_barren_un_volumen_y_no_un_rayo STARTED
  res://test/escenas/jugador_test.gd > test_los_brazos_barren_un_volumen_y_no_un_rayo PASSED 8ms

  res://test/escenas/jugador_test.gd > test_los_brazos_nacen_adentro_de_la_capsula_del_cuerpo STARTED
  res://test/escenas/jugador_test.gd > test_los_brazos_nacen_adentro_de_la_capsula_del_cuerpo PASSED 9ms

Statistics: 19 test cases | 0 errors | 0 failures | 0 flaky | 0 skipped | 0 orphans | PASSED 237ms


Run Test Suite: res://test/escenas/lo_soltado_fuera_de_los_solidos_test.gd
  res://test/escenas/lo_soltado_fuera_de_los_solidos_test.gd > test_el_oraculo_distingue_adentro_de_afuera_de_una_placa STARTED
  res://test/escenas/lo_soltado_fuera_de_los_solidos_test.gd > test_el_oraculo_distingue_adentro_de_afuera_de_una_placa PASSED 10ms

  res://test/escenas/lo_soltado_fuera_de_los_solidos_test.gd > test_mirar_deja_la_vista_que_se_pide_con_un_mouse_lento STARTED
  res://test/escenas/lo_soltado_fuera_de_los_solidos_test.gd > test_mirar_deja_la_vista_que_se_pide_con_un_mouse_lento PASSED 154ms

  res://test/escenas/lo_soltado_fuera_de_los_solidos_test.gd > test_la_caja_entera_adentro_del_mostrador_no_entra_ahi STARTED
  res://test/escenas/lo_soltado_fuera_de_los_solidos_test.gd > test_la_caja_entera_adentro_del_mostrador_no_entra_ahi PASSED 138ms

  res://test/escenas/lo_soltado_fuera_de_los_solidos_test.gd > test_la_caja_con_una_esquina_en_el_teclado_no_entra STARTED
  res://test/escenas/lo_soltado_fuera_de_los_solidos_test.gd > test_la_caja_con_una_esquina_en_el_teclado_no_entra PASSED 137ms

  res://test/escenas/lo_soltado_fuera_de_los_solidos_test.gd > test_la_caja_soltada_pegada_no_entra_al_empujarla STARTED
  res://test/escenas/lo_soltado_fuera_de_los_solidos_test.gd > test_la_caja_soltada_pegada_no_entra_al_empujarla PASSED 1s 191ms

  res://test/escenas/lo_soltado_fuera_de_los_solidos_test.gd > test_la_medida_distingue_rozar_el_mouse_de_meterse_en_el STARTED
  res://test/escenas/lo_soltado_fuera_de_los_solidos_test.gd > test_la_medida_distingue_rozar_el_mouse_de_meterse_en_el PASSED 145ms

  res://test/escenas/lo_soltado_fuera_de_los_solidos_test.gd > test_la_caja_soltada_contra_cada_solido_no_queda_adentro STARTED
  res://test/escenas/lo_soltado_fuera_de_los_solidos_test.gd > test_la_caja_soltada_contra_cada_solido_no_queda_adentro PASSED 1min 12s 733ms

  res://test/escenas/lo_soltado_fuera_de_los_solidos_test.gd > test_la_unidad_soltada_contra_una_pared_no_queda_adentro STARTED
  res://test/escenas/lo_soltado_fuera_de_los_solidos_test.gd > test_la_unidad_soltada_contra_una_pared_no_queda_adentro PASSED 18s 208ms

  res://test/escenas/lo_soltado_fuera_de_los_solidos_test.gd > test_la_unidad_soltada_mirando_arriba_cae_sin_golpear_la_fachada STARTED
  res://test/escenas/lo_soltado_fuera_de_los_solidos_test.gd > test_la_unidad_soltada_mirando_arriba_cae_sin_golpear_la_fachada PASSED 565ms

  res://test/escenas/lo_soltado_fuera_de_los_solidos_test.gd > test_la_unidad_soltada_contra_el_mostrador_no_queda_adentro STARTED
  res://test/escenas/lo_soltado_fuera_de_los_solidos_test.gd > test_la_unidad_soltada_contra_el_mostrador_no_queda_adentro PASSED 18s 229ms

  res://test/escenas/lo_soltado_fuera_de_los_solidos_test.gd > test_la_bolsa_y_los_utiles_soltados_contra_una_pared_no_quedan_adentro STARTED
  res://test/escenas/lo_soltado_fuera_de_los_solidos_test.gd > test_la_bolsa_y_los_utiles_soltados_contra_una_pared_no_quedan_adentro PASSED 12s 163ms

  res://test/escenas/lo_soltado_fuera_de_los_solidos_test.gd > test_lo_soltado_contra_una_pared_cae_sin_rozarla STARTED
  res://test/escenas/lo_soltado_fuera_de_los_solidos_test.gd > test_lo_soltado_contra_una_pared_cae_sin_rozarla PASSED 4s 563ms

  res://test/escenas/lo_soltado_fuera_de_los_solidos_test.gd > test_el_bidon_encimado_con_el_cuerpo_cae_derecho_al_lado_del_jugador STARTED
  res://test/escenas/lo_soltado_fuera_de_los_solidos_test.gd > test_el_bidon_encimado_con_el_cuerpo_cae_derecho_al_lado_del_jugador PASSED 9s 239ms

  res://test/escenas/lo_soltado_fuera_de_los_solidos_test.gd > test_lo_que_no_toca_el_cuerpo_se_sigue_soltando_adelante STARTED
  res://test/escenas/lo_soltado_fuera_de_los_solidos_test.gd > test_lo_que_no_toca_el_cuerpo_se_sigue_soltando_adelante PASSED 36s 825ms

  res://test/escenas/lo_soltado_fuera_de_los_solidos_test.gd > test_la_caja_soltada_pegada_a_una_pared_no_entra_al_empujarla STARTED
  res://test/escenas/lo_soltado_fuera_de_los_solidos_test.gd > test_la_caja_soltada_pegada_a_una_pared_no_entra_al_empujarla PASSED 5s 42ms

  res://test/escenas/lo_soltado_fuera_de_los_solidos_test.gd > test_la_caja_se_sigue_apoyando_en_un_estante_del_deposito STARTED
  res://test/escenas/lo_soltado_fuera_de_los_solidos_test.gd > test_la_caja_se_sigue_apoyando_en_un_estante_del_deposito PASSED 155ms

  res://test/escenas/lo_soltado_fuera_de_los_solidos_test.gd > test_la_caja_se_sigue_apoyando_arriba_del_mostrador STARTED
  res://test/escenas/lo_soltado_fuera_de_los_solidos_test.gd > test_la_caja_se_sigue_apoyando_arriba_del_mostrador PASSED 148ms

  res://test/escenas/lo_soltado_fuera_de_los_solidos_test.gd > test_la_caja_se_sigue_apilando_sobre_otra STARTED
  res://test/escenas/lo_soltado_fuera_de_los_solidos_test.gd > test_la_caja_se_sigue_apilando_sobre_otra PASSED 152ms

  res://test/escenas/lo_soltado_fuera_de_los_solidos_test.gd > test_la_unidad_se_sigue_dejando_adentro_de_la_heladera STARTED
  res://test/escenas/lo_soltado_fuera_de_los_solidos_test.gd > test_la_unidad_se_sigue_dejando_adentro_de_la_heladera PASSED 2s 508ms

  res://test/escenas/lo_soltado_fuera_de_los_solidos_test.gd > test_un_objeto_dejado_arriba_del_inodoro_queda_quieto STARTED
  res://test/escenas/lo_soltado_fuera_de_los_solidos_test.gd > test_un_objeto_dejado_arriba_del_inodoro_queda_quieto PASSED 3s 14ms

Statistics: 20 test cases | 0 errors | 0 failures | 0 flaky | 0 skipped | 0 orphans | PASSED 3min 5s 413ms


Run Test Suite: res://test/escenas/menu_de_inicio_test.gd
  res://test/escenas/menu_de_inicio_test.gd > test_el_juego_abre_en_el_menu STARTED
[carga] menú visible
  res://test/escenas/menu_de_inicio_test.gd > test_el_juego_abre_en_el_menu PASSED 63ms

  res://test/escenas/menu_de_inicio_test.gd > test_muestra_los_cinco_botones_y_habilita_dos STARTED
[carga] menú visible
  res://test/escenas/menu_de_inicio_test.gd > test_muestra_los_cinco_botones_y_habilita_dos PASSED 45ms

  res://test/escenas/menu_de_inicio_test.gd > test_sin_guardado_continuar_esta_cerrado_por_los_tres_lados STARTED
[carga] menú visible
  res://test/escenas/menu_de_inicio_test.gd > test_sin_guardado_continuar_esta_cerrado_por_los_tres_lados PASSED 49ms

  res://test/escenas/menu_de_inicio_test.gd > test_con_guardado_continuar_se_habilita_y_entra_al_almacen STARTED
[carga] menú visible
  res://test/escenas/menu_de_inicio_test.gd > test_con_guardado_continuar_se_habilita_y_entra_al_almacen PASSED 50ms

  res://test/escenas/menu_de_inicio_test.gd > test_un_guardado_corrupto_deja_continuar_cerrado_y_se_borra STARTED
[carga] menú visible
  res://test/escenas/menu_de_inicio_test.gd > test_un_guardado_corrupto_deja_continuar_cerrado_y_se_borra PASSED 52ms

  res://test/escenas/menu_de_inicio_test.gd > test_un_guardado_futuro_deja_continuar_cerrado_y_el_archivo_intacto STARTED
[carga] menú visible
  res://test/escenas/menu_de_inicio_test.gd > test_un_guardado_futuro_deja_continuar_cerrado_y_el_archivo_intacto PASSED 48ms

  res://test/escenas/menu_de_inicio_test.gd > test_con_guardado_nuevo_juego_abre_la_confirmacion_y_cancelar_no_borra STARTED
[carga] menú visible
  res://test/escenas/menu_de_inicio_test.gd > test_con_guardado_nuevo_juego_abre_la_confirmacion_y_cancelar_no_borra PASSED 50ms

  res://test/escenas/menu_de_inicio_test.gd > test_configuraciones_y_salir_van_en_la_fila_debajo_de_la_columna STARTED
[carga] menú visible
  res://test/escenas/menu_de_inicio_test.gd > test_configuraciones_y_salir_van_en_la_fila_debajo_de_la_columna PASSED 47ms

  res://test/escenas/menu_de_inicio_test.gd > test_el_menu_no_declara_estilos_propios STARTED
  res://test/escenas/menu_de_inicio_test.gd > test_el_menu_no_declara_estilos_propios PASSED 10ms

Statistics: 9 test cases | 0 errors | 0 failures | 0 flaky | 0 skipped | 0 orphans | PASSED 462ms


Run Test Suite: res://test/escenas/modelo_exportado_test.gd
  res://test/escenas/modelo_exportado_test.gd > test_el_mueble_de_la_escena_es_la_malla_del_modelo STARTED
  res://test/escenas/modelo_exportado_test.gd > test_el_mueble_de_la_escena_es_la_malla_del_modelo PASSED 17ms

  res://test/escenas/modelo_exportado_test.gd > test_la_colision_corresponde_al_mueble_completo STARTED
  res://test/escenas/modelo_exportado_test.gd > test_la_colision_corresponde_al_mueble_completo PASSED 169ms

  res://test/escenas/modelo_exportado_test.gd > test_el_contenido_conserva_material_y_textura_de_cada_producto STARTED
  res://test/escenas/modelo_exportado_test.gd > test_el_contenido_conserva_material_y_textura_de_cada_producto PASSED 84ms

  res://test/escenas/modelo_exportado_test.gd > test_reponer_recupera_los_productos_independientes_del_modelo STARTED
  res://test/escenas/modelo_exportado_test.gd > test_reponer_recupera_los_productos_independientes_del_modelo PASSED 81ms

Statistics: 4 test cases | 0 errors | 0 failures | 0 flaky | 0 skipped | 0 orphans | PASSED 379ms


Run Test Suite: res://test/escenas/modelo_integrado_test.gd
  res://test/escenas/modelo_integrado_test.gd > test_solo_las_mallas_reemplazadas_son_geometria_de_referencia STARTED
  res://test/escenas/modelo_integrado_test.gd > test_solo_las_mallas_reemplazadas_son_geometria_de_referencia PASSED 165ms

  res://test/escenas/modelo_integrado_test.gd > test_la_raiz_agrupa_por_rol_y_conserva_sus_enlaces STARTED
  res://test/escenas/modelo_integrado_test.gd > test_la_raiz_agrupa_por_rol_y_conserva_sus_enlaces PASSED 35ms

  res://test/escenas/modelo_integrado_test.gd > test_los_puestos_reemplazados_usan_mallas_del_modelo STARTED
  res://test/escenas/modelo_integrado_test.gd > test_los_puestos_reemplazados_usan_mallas_del_modelo PASSED 36ms

  res://test/escenas/modelo_integrado_test.gd > test_la_computadora_tiene_apoyo_y_no_queda_tapada_por_otro_cuerpo STARTED
  res://test/escenas/modelo_integrado_test.gd > test_la_computadora_tiene_apoyo_y_no_queda_tapada_por_otro_cuerpo PASSED 140ms

  res://test/escenas/modelo_integrado_test.gd > test_el_surtido_fijo_no_muestra_stock_que_el_dominio_no_tiene STARTED
  res://test/escenas/modelo_integrado_test.gd > test_el_surtido_fijo_no_muestra_stock_que_el_dominio_no_tiene PASSED 147ms

  res://test/escenas/modelo_integrado_test.gd > test_las_hojas_del_bano_conservan_las_imagenes_del_artista STARTED
  res://test/escenas/modelo_integrado_test.gd > test_las_hojas_del_bano_conservan_las_imagenes_del_artista PASSED 136ms

Statistics: 6 test cases | 0 errors | 0 failures | 0 flaky | 0 skipped | 0 orphans | PASSED 699ms


Run Test Suite: res://test/escenas/mopa_en_la_mano_test.gd
  res://test/escenas/mopa_en_la_mano_test.gd > test_la_mopa_en_la_mano_no_atraviesa_un_pote_de_jabon STARTED
  res://test/escenas/mopa_en_la_mano_test.gd > test_la_mopa_en_la_mano_no_atraviesa_un_pote_de_jabon PASSED 139ms

  res://test/escenas/mopa_en_la_mano_test.gd > test_la_mopa_en_la_mano_no_atraviesa_una_pared_delante STARTED
  res://test/escenas/mopa_en_la_mano_test.gd > test_la_mopa_en_la_mano_no_atraviesa_una_pared_delante PASSED 215ms

  res://test/escenas/mopa_en_la_mano_test.gd > test_la_mopa_en_la_mano_no_atraviesa_una_pared_al_costado STARTED
  res://test/escenas/mopa_en_la_mano_test.gd > test_la_mopa_en_la_mano_no_atraviesa_una_pared_al_costado PASSED 280ms

  res://test/escenas/mopa_en_la_mano_test.gd > test_la_mopa_se_retrae_aunque_la_pared_este_muy_cerca STARTED
  res://test/escenas/mopa_en_la_mano_test.gd > test_la_mopa_se_retrae_aunque_la_pared_este_muy_cerca PASSED 278ms

  res://test/escenas/mopa_en_la_mano_test.gd > test_la_mopa_inclinada_no_atraviesa_la_pared STARTED
  res://test/escenas/mopa_en_la_mano_test.gd > test_la_mopa_inclinada_no_atraviesa_la_pared PASSED 566ms

  res://test/escenas/mopa_en_la_mano_test.gd > test_la_mopa_no_atraviesa_las_paredes_de_una_esquina STARTED
  res://test/escenas/mopa_en_la_mano_test.gd > test_la_mopa_no_atraviesa_las_paredes_de_una_esquina PASSED 276ms

  res://test/escenas/mopa_en_la_mano_test.gd > test_la_mopa_sin_paredes_cerca_no_retrocede STARTED
  res://test/escenas/mopa_en_la_mano_test.gd > test_la_mopa_sin_paredes_cerca_no_retrocede PASSED 137ms

Statistics: 7 test cases | 0 errors | 0 failures | 0 flaky | 0 skipped | 0 orphans | PASSED 1s 925ms


Run Test Suite: res://test/escenas/notificaciones_en_el_almacen_test.gd
  res://test/escenas/notificaciones_en_el_almacen_test.gd > test_la_llegada_avisa_hasta_conversar_y_el_cierre_vacia STARTED
  res://test/escenas/notificaciones_en_el_almacen_test.gd > test_la_llegada_avisa_hasta_conversar_y_el_cierre_vacia PASSED 140ms

  res://test/escenas/notificaciones_en_el_almacen_test.gd > test_la_caja_publica_el_motivo_y_solo_lleno_avisa STARTED
  res://test/escenas/notificaciones_en_el_almacen_test.gd > test_la_caja_publica_el_motivo_y_solo_lleno_avisa PASSED 134ms

  res://test/escenas/notificaciones_en_el_almacen_test.gd > test_el_programa_manual_no_publica_rechazo_ni_aviso STARTED
  res://test/escenas/notificaciones_en_el_almacen_test.gd > test_el_programa_manual_no_publica_rechazo_ni_aviso PASSED 131ms

  res://test/escenas/notificaciones_en_el_almacen_test.gd > test_la_pila_se_dibuja_sobre_las_interfaces_y_debajo_de_pausa STARTED
  res://test/escenas/notificaciones_en_el_almacen_test.gd > test_la_pila_se_dibuja_sobre_las_interfaces_y_debajo_de_pausa PASSED 130ms

Statistics: 4 test cases | 0 errors | 0 failures | 0 flaky | 0 skipped | 0 orphans | PASSED 559ms


Run Test Suite: res://test/escenas/objetos/balde_que_se_apoya_test.gd
  res://test/escenas/objetos/balde_que_se_apoya_test.gd > test_el_balde_se_mantiene_vertical_al_mirar_en_la_mano STARTED
  res://test/escenas/objetos/balde_que_se_apoya_test.gd > test_el_balde_se_mantiene_vertical_al_mirar_en_la_mano PASSED 8s 200ms

  res://test/escenas/objetos/balde_que_se_apoya_test.gd > test_el_balde_se_apoya_derecho_donde_se_mira STARTED
  res://test/escenas/objetos/balde_que_se_apoya_test.gd > test_el_balde_se_apoya_derecho_donde_se_mira PASSED 8s 108ms

  res://test/escenas/objetos/balde_que_se_apoya_test.gd > test_si_justo_ahi_no_entra_el_balde_queda_cerca_sobre_el_mismo_apoyo STARTED
  res://test/escenas/objetos/balde_que_se_apoya_test.gd > test_si_justo_ahi_no_entra_el_balde_queda_cerca_sobre_el_mismo_apoyo PASSED 146ms

  res://test/escenas/objetos/balde_que_se_apoya_test.gd > test_sin_apoyo_el_balde_queda_derecho_al_lado_del_jugador STARTED
  res://test/escenas/objetos/balde_que_se_apoya_test.gd > test_sin_apoyo_el_balde_queda_derecho_al_lado_del_jugador PASSED 2s 27ms

  res://test/escenas/objetos/balde_que_se_apoya_test.gd > test_en_un_hueco_del_cuerpo_el_balde_no_vuelve_a_la_mano STARTED
  res://test/escenas/objetos/balde_que_se_apoya_test.gd > test_en_un_hueco_del_cuerpo_el_balde_no_vuelve_a_la_mano PASSED 147ms

  res://test/escenas/objetos/balde_que_se_apoya_test.gd > test_vaciar_las_manos_deja_el_balde_derecho_a_los_pies STARTED
  res://test/escenas/objetos/balde_que_se_apoya_test.gd > test_vaciar_las_manos_deja_el_balde_derecho_a_los_pies PASSED 1s 986ms

  res://test/escenas/objetos/balde_que_se_apoya_test.gd > test_no_cambia_a_otro_apoyo_a_la_misma_altura STARTED
  res://test/escenas/objetos/balde_que_se_apoya_test.gd > test_no_cambia_a_otro_apoyo_a_la_misma_altura PASSED 142ms

Statistics: 7 test cases | 0 errors | 0 failures | 0 flaky | 0 skipped | 0 orphans | PASSED 20s 791ms


Run Test Suite: res://test/escenas/objetos/buffers_de_superficie_liquida_test.gd
  res://test/escenas/objetos/buffers_de_superficie_liquida_test.gd > test_las_normales_viven_en_un_buffer_del_tamano_de_la_malla_que_no_se_reemplaza STARTED
  res://test/escenas/objetos/buffers_de_superficie_liquida_test.gd > test_las_normales_viven_en_un_buffer_del_tamano_de_la_malla_que_no_se_reemplaza PASSED 22ms

  res://test/escenas/objetos/buffers_de_superficie_liquida_test.gd > test_el_buffer_de_normales_es_el_de_la_malla_en_cada_pose STARTED
  res://test/escenas/objetos/buffers_de_superficie_liquida_test.gd > test_el_buffer_de_normales_es_el_de_la_malla_en_cada_pose PASSED 14ms

  res://test/escenas/objetos/buffers_de_superficie_liquida_test.gd > test_cada_superficie_escribe_su_propio_buffer_de_normales STARTED
  res://test/escenas/objetos/buffers_de_superficie_liquida_test.gd > test_cada_superficie_escribe_su_propio_buffer_de_normales PASSED 16ms

  res://test/escenas/objetos/buffers_de_superficie_liquida_test.gd > test_un_dibujo_activo_no_pide_mas_memoria_que_la_conversion_que_sube STARTED
  res://test/escenas/objetos/buffers_de_superficie_liquida_test.gd > test_un_dibujo_activo_no_pide_mas_memoria_que_la_conversion_que_sube PASSED 26ms

  res://test/escenas/objetos/buffers_de_superficie_liquida_test.gd > test_quitar_las_superficies_reconstruye_la_misma_malla STARTED
  res://test/escenas/objetos/buffers_de_superficie_liquida_test.gd > test_quitar_las_superficies_reconstruye_la_misma_malla PASSED 17ms

  res://test/escenas/objetos/buffers_de_superficie_liquida_test.gd > test_el_agua_quieta_no_se_vuelve_a_dibujar_hasta_que_se_mueve STARTED
  res://test/escenas/objetos/buffers_de_superficie_liquida_test.gd > test_el_agua_quieta_no_se_vuelve_a_dibujar_hasta_que_se_mueve PASSED 15ms

Statistics: 6 test cases | 0 errors | 0 failures | 0 flaky | 0 skipped | 0 orphans | PASSED 150ms


Run Test Suite: res://test/escenas/objetos/caja_de_productos_test.gd
  res://test/escenas/objetos/caja_de_productos_test.gd > test_la_caja_declara_su_producto_con_un_id_del_catalogo STARTED
  res://test/escenas/objetos/caja_de_productos_test.gd > test_la_caja_declara_su_producto_con_un_id_del_catalogo PASSED 5ms

  res://test/escenas/objetos/caja_de_productos_test.gd > test_la_caja_tiene_el_tamano_que_le_da_el_catalogo STARTED
  res://test/escenas/objetos/caja_de_productos_test.gd > test_la_caja_tiene_el_tamano_que_le_da_el_catalogo PASSED 7ms

  res://test/escenas/objetos/caja_de_productos_test.gd > test_tocar_la_caja_la_entrega_para_levantarla STARTED
  res://test/escenas/objetos/caja_de_productos_test.gd > test_tocar_la_caja_la_entrega_para_levantarla PASSED 6ms

  res://test/escenas/objetos/caja_de_productos_test.gd > test_la_caja_contesta_el_contrato_de_interaccion STARTED
  res://test/escenas/objetos/caja_de_productos_test.gd > test_la_caja_contesta_el_contrato_de_interaccion PASSED 7ms

  res://test/escenas/objetos/caja_de_productos_test.gd > test_el_cuerpo_de_la_caja_se_puede_llevar STARTED
  res://test/escenas/objetos/caja_de_productos_test.gd > test_el_cuerpo_de_la_caja_se_puede_llevar PASSED 6ms

  res://test/escenas/objetos/caja_de_productos_test.gd > test_reparentar_conserva_las_etiquetas_y_destruir_no_da_error STARTED
  res://test/escenas/objetos/caja_de_productos_test.gd > test_reparentar_conserva_las_etiquetas_y_destruir_no_da_error PASSED 8ms

  res://test/escenas/objetos/caja_de_productos_test.gd > test_la_caja_ya_no_despacha_por_su_cuenta STARTED
  res://test/escenas/objetos/caja_de_productos_test.gd > test_la_caja_ya_no_despacha_por_su_cuenta PASSED 10ms

  res://test/escenas/objetos/caja_de_productos_test.gd > test_cada_caja_con_textura_muestra_la_etiqueta_de_su_producto STARTED
  res://test/escenas/objetos/caja_de_productos_test.gd > test_cada_caja_con_textura_muestra_la_etiqueta_de_su_producto PASSED 12ms

  res://test/escenas/objetos/caja_de_productos_test.gd > test_las_cajas_sin_textura_siguen_con_la_generica STARTED
  res://test/escenas/objetos/caja_de_productos_test.gd > test_las_cajas_sin_textura_siguen_con_la_generica PASSED 11ms

  res://test/escenas/objetos/caja_de_productos_test.gd > test_cada_producto_tiene_decidida_su_caja STARTED
  res://test/escenas/objetos/caja_de_productos_test.gd > test_cada_producto_tiene_decidida_su_caja PASSED 8ms

  res://test/escenas/objetos/caja_de_productos_test.gd > test_la_etiqueta_de_cada_producto_es_una_linea_del_script STARTED
  res://test/escenas/objetos/caja_de_productos_test.gd > test_la_etiqueta_de_cada_producto_es_una_linea_del_script PASSED 11ms

  res://test/escenas/objetos/caja_de_productos_test.gd > test_la_etiqueta_filtra_pixelado_como_la_caja_generica STARTED
  res://test/escenas/objetos/caja_de_productos_test.gd > test_la_etiqueta_filtra_pixelado_como_la_caja_generica PASSED 170ms

  res://test/escenas/objetos/caja_de_productos_test.gd > test_cada_etiqueta_es_la_copia_de_la_textura_del_artista STARTED
  res://test/escenas/objetos/caja_de_productos_test.gd > test_cada_etiqueta_es_la_copia_de_la_textura_del_artista PASSED 79ms

  res://test/escenas/objetos/caja_de_productos_test.gd > test_las_etiquetas_tienen_nombres_en_ascii STARTED
  res://test/escenas/objetos/caja_de_productos_test.gd > test_las_etiquetas_tienen_nombres_en_ascii PASSED 9ms

  res://test/escenas/objetos/caja_de_productos_test.gd > test_la_etiqueta_no_se_estira_en_la_caja_chica_ni_en_la_grande STARTED
  res://test/escenas/objetos/caja_de_productos_test.gd > test_la_etiqueta_no_se_estira_en_la_caja_chica_ni_en_la_grande PASSED 10ms

Statistics: 15 test cases | 0 errors | 0 failures | 0 flaky | 0 skipped | 0 orphans | PASSED 434ms


Run Test Suite: res://test/escenas/objetos/caja_que_recibe_y_cuenta_test.gd
  res://test/escenas/objetos/caja_que_recibe_y_cuenta_test.gd > test_el_clic_con_su_unidad_en_la_mano_la_devuelve_a_la_caja STARTED
  res://test/escenas/objetos/caja_que_recibe_y_cuenta_test.gd > test_el_clic_con_su_unidad_en_la_mano_la_devuelve_a_la_caja PASSED 157ms

  res://test/escenas/objetos/caja_que_recibe_y_cuenta_test.gd > test_con_otro_producto_en_la_mano_el_clic_no_hace_nada STARTED
  res://test/escenas/objetos/caja_que_recibe_y_cuenta_test.gd > test_con_otro_producto_en_la_mano_el_clic_no_hace_nada PASSED 139ms

  res://test/escenas/objetos/caja_que_recibe_y_cuenta_test.gd > test_con_una_caja_en_la_mano_el_clic_sobre_otra_no_hace_nada STARTED
  res://test/escenas/objetos/caja_que_recibe_y_cuenta_test.gd > test_con_una_caja_en_la_mano_el_clic_sobre_otra_no_hace_nada PASSED 136ms

  res://test/escenas/objetos/caja_que_recibe_y_cuenta_test.gd > test_con_la_caja_llena_la_unidad_sigue_en_la_mano STARTED
  res://test/escenas/objetos/caja_que_recibe_y_cuenta_test.gd > test_con_la_caja_llena_la_unidad_sigue_en_la_mano PASSED 140ms

  res://test/escenas/objetos/caja_que_recibe_y_cuenta_test.gd > test_una_unidad_soltada_y_levantada_se_devuelve STARTED
  res://test/escenas/objetos/caja_que_recibe_y_cuenta_test.gd > test_una_unidad_soltada_y_levantada_se_devuelve PASSED 138ms

  res://test/escenas/objetos/caja_que_recibe_y_cuenta_test.gd > test_la_caja_vacia_no_entrega_aunque_la_gondola_tenga_lugar STARTED
  res://test/escenas/objetos/caja_que_recibe_y_cuenta_test.gd > test_la_caja_vacia_no_entrega_aunque_la_gondola_tenga_lugar PASSED 143ms

  res://test/escenas/objetos/caja_que_recibe_y_cuenta_test.gd > test_la_caja_en_la_mano_muestra_su_cuenta_hasta_terminar_el_examen STARTED
  res://test/escenas/objetos/caja_que_recibe_y_cuenta_test.gd > test_la_caja_en_la_mano_muestra_su_cuenta_hasta_terminar_el_examen PASSED 135ms

  res://test/escenas/objetos/caja_que_recibe_y_cuenta_test.gd > test_manos_vacias_no_examinan_ni_muestran_la_caja STARTED
  res://test/escenas/objetos/caja_que_recibe_y_cuenta_test.gd > test_manos_vacias_no_examinan_ni_muestran_la_caja PASSED 140ms

  res://test/escenas/objetos/caja_que_recibe_y_cuenta_test.gd > test_examinar_lo_que_no_es_una_caja_no_dice_nada STARTED
  res://test/escenas/objetos/caja_que_recibe_y_cuenta_test.gd > test_examinar_lo_que_no_es_una_caja_no_dice_nada PASSED 136ms

  res://test/escenas/objetos/caja_que_recibe_y_cuenta_test.gd > test_la_noche_nueva_borra_el_subtitulo_del_examen_en_curso STARTED
  res://test/escenas/objetos/caja_que_recibe_y_cuenta_test.gd > test_la_noche_nueva_borra_el_subtitulo_del_examen_en_curso PASSED 137ms

Statistics: 10 test cases | 0 errors | 0 failures | 0 flaky | 0 skipped | 0 orphans | PASSED 1s 446ms


Run Test Suite: res://test/escenas/objetos/caja_que_se_lleva_test.gd
  res://test/escenas/objetos/caja_que_se_lleva_test.gd > test_la_caja_entrega_apoyada_en_el_estante_y_no_mientras_se_la_lleva STARTED
  res://test/escenas/objetos/caja_que_se_lleva_test.gd > test_la_caja_entrega_apoyada_en_el_estante_y_no_mientras_se_la_lleva PASSED 154ms

  res://test/escenas/objetos/caja_que_se_lleva_test.gd > test_el_clic_izquierdo_levanta_la_caja_y_no_entrega_producto STARTED
  res://test/escenas/objetos/caja_que_se_lleva_test.gd > test_el_clic_izquierdo_levanta_la_caja_y_no_entrega_producto PASSED 134ms

  res://test/escenas/objetos/caja_que_se_lleva_test.gd > test_la_caja_llevada_no_tapa_la_mira_ni_atraviesa_la_pared STARTED
  res://test/escenas/objetos/caja_que_se_lleva_test.gd > test_la_caja_llevada_no_tapa_la_mira_ni_atraviesa_la_pared PASSED 3s 941ms

  res://test/escenas/objetos/caja_que_se_lleva_test.gd > test_la_caja_soltada_queda_apoyada_en_el_piso_sin_caer STARTED
  res://test/escenas/objetos/caja_que_se_lleva_test.gd > test_la_caja_soltada_queda_apoyada_en_el_piso_sin_caer PASSED 143ms

  res://test/escenas/objetos/caja_que_se_lleva_test.gd > test_la_caja_soltada_se_acomoda_adentro_de_su_apoyo STARTED
  res://test/escenas/objetos/caja_que_se_lleva_test.gd > test_la_caja_soltada_se_acomoda_adentro_de_su_apoyo PASSED 3s 918ms

  res://test/escenas/objetos/caja_que_se_lleva_test.gd > test_soltar_mirando_el_costado_de_una_caja_la_apila_encima STARTED
  res://test/escenas/objetos/caja_que_se_lleva_test.gd > test_soltar_mirando_el_costado_de_una_caja_la_apila_encima PASSED 4s 32ms

  res://test/escenas/objetos/caja_que_se_lleva_test.gd > test_alrededor_de_un_estante_con_lugar_la_caja_siempre_sube_a_el STARTED
  res://test/escenas/objetos/caja_que_se_lleva_test.gd > test_alrededor_de_un_estante_con_lugar_la_caja_siempre_sube_a_el PASSED 409ms

  res://test/escenas/objetos/caja_que_se_lleva_test.gd > test_frente_a_un_rack_abierto_la_caja_queda_en_el_pallet_que_se_mira STARTED
  res://test/escenas/objetos/caja_que_se_lleva_test.gd > test_frente_a_un_rack_abierto_la_caja_queda_en_el_pallet_que_se_mira PASSED 3s 712ms

  res://test/escenas/objetos/caja_que_se_lleva_test.gd > test_la_mira_que_pasa_por_encima_de_la_caja_de_enfrente_la_apila STARTED
  res://test/escenas/objetos/caja_que_se_lleva_test.gd > test_la_mira_que_pasa_por_encima_de_la_caja_de_enfrente_la_apila PASSED 366ms

  res://test/escenas/objetos/caja_que_se_lleva_test.gd > test_una_pila_de_cajas_de_distinto_tamano_se_sigue_apilando STARTED
  res://test/escenas/objetos/caja_que_se_lleva_test.gd > test_una_pila_de_cajas_de_distinto_tamano_se_sigue_apilando PASSED 361ms

  res://test/escenas/objetos/caja_que_se_lleva_test.gd > test_la_caja_vuelta_a_su_lugar_apoya_entera STARTED
  res://test/escenas/objetos/caja_que_se_lleva_test.gd > test_la_caja_vuelta_a_su_lugar_apoya_entera PASSED 135ms

  res://test/escenas/objetos/caja_que_se_lleva_test.gd > test_la_caja_va_donde_apunta_la_mira STARTED
  res://test/escenas/objetos/caja_que_se_lleva_test.gd > test_la_caja_va_donde_apunta_la_mira PASSED 4s 638ms

  res://test/escenas/objetos/caja_que_se_lleva_test.gd > test_la_caja_soltada_nunca_queda_adentro_de_nada STARTED
  res://test/escenas/objetos/caja_que_se_lleva_test.gd > test_la_caja_soltada_nunca_queda_adentro_de_nada PASSED 8s 771ms

  res://test/escenas/objetos/caja_que_se_lleva_test.gd > test_la_caja_se_suelta_con_la_mira_sobre_un_charco STARTED
  res://test/escenas/objetos/caja_que_se_lleva_test.gd > test_la_caja_se_suelta_con_la_mira_sobre_un_charco PASSED 1s 903ms

  res://test/escenas/objetos/caja_que_se_lleva_test.gd > test_sacar_una_caja_de_la_pila_hace_caer_las_de_arriba STARTED
  res://test/escenas/objetos/caja_que_se_lleva_test.gd > test_sacar_una_caja_de_la_pila_hace_caer_las_de_arriba PASSED 5s 383ms

  res://test/escenas/objetos/caja_que_se_lleva_test.gd > test_agarrar_la_caja_del_estante_no_mueve_al_jugador STARTED
  res://test/escenas/objetos/caja_que_se_lleva_test.gd > test_agarrar_la_caja_del_estante_no_mueve_al_jugador PASSED 4s 48ms

  res://test/escenas/objetos/caja_que_se_lleva_test.gd > test_la_caja_del_piso_se_arrastra_en_vez_de_tapar_el_paso STARTED
  res://test/escenas/objetos/caja_que_se_lleva_test.gd > test_la_caja_del_piso_se_arrastra_en_vez_de_tapar_el_paso PASSED 2s 545ms

  res://test/escenas/objetos/caja_que_se_lleva_test.gd > test_levantar_la_caja_hace_caer_el_producto_apoyado_encima STARTED
  res://test/escenas/objetos/caja_que_se_lleva_test.gd > test_levantar_la_caja_hace_caer_el_producto_apoyado_encima PASSED 7s 529ms

  res://test/escenas/objetos/caja_que_se_lleva_test.gd > test_empujar_la_caja_hasta_sacarla_de_abajo_hace_caer_el_producto STARTED
  res://test/escenas/objetos/caja_que_se_lleva_test.gd > test_empujar_la_caja_hasta_sacarla_de_abajo_hace_caer_el_producto PASSED 12s 539ms

  res://test/escenas/objetos/caja_que_se_lleva_test.gd > test_el_producto_sobre_la_pila_cae_cuando_se_saca_la_caja_de_abajo STARTED
  res://test/escenas/objetos/caja_que_se_lleva_test.gd > test_el_producto_sobre_la_pila_cae_cuando_se_saca_la_caja_de_abajo PASSED 5s 23ms

Statistics: 20 test cases | 0 errors | 0 failures | 0 flaky | 0 skipped | 0 orphans | PASSED 1min 9s 779ms


Run Test Suite: res://test/escenas/objetos/calentamiento_de_utiles_test.gd
  res://test/escenas/objetos/calentamiento_de_utiles_test.gd > test_las_variantes_de_los_utiles_reales_se_calientan_y_no_quedan_dibujando STARTED
  res://test/escenas/objetos/calentamiento_de_utiles_test.gd > test_las_variantes_de_los_utiles_reales_se_calientan_y_no_quedan_dibujando PASSED 284ms

Statistics: 1 test cases | 0 errors | 0 failures | 0 flaky | 0 skipped | 0 orphans | PASSED 295ms


Run Test Suite: res://test/escenas/objetos/carga_de_la_mopa_test.gd
  res://test/escenas/objetos/carga_de_la_mopa_test.gd > test_examinar_el_balde_con_gotas_lo_mantiene_delante_de_la_camara STARTED
  res://test/escenas/objetos/carga_de_la_mopa_test.gd > test_examinar_el_balde_con_gotas_lo_mantiene_delante_de_la_camara PASSED 149ms

  res://test/escenas/objetos/carga_de_la_mopa_test.gd > test_el_viaje_seca_la_mopa_y_el_balde_cercano_permite_limpiar STARTED
  res://test/escenas/objetos/carga_de_la_mopa_test.gd > test_el_viaje_seca_la_mopa_y_el_balde_cercano_permite_limpiar PASSED 135ms

  res://test/escenas/objetos/carga_de_la_mopa_test.gd > test_dejar_la_mopa_en_el_piso_no_conserva_la_carga STARTED
  res://test/escenas/objetos/carga_de_la_mopa_test.gd > test_dejar_la_mopa_en_el_piso_no_conserva_la_carga PASSED 130ms

  res://test/escenas/objetos/carga_de_la_mopa_test.gd > test_la_pausa_suspende_el_proceso_que_desgasta_la_mopa STARTED
  res://test/escenas/objetos/carga_de_la_mopa_test.gd > test_la_pausa_suspende_el_proceso_que_desgasta_la_mopa PASSED 135ms

Statistics: 4 test cases | 0 errors | 0 failures | 0 flaky | 0 skipped | 0 orphans | PASSED 572ms


Run Test Suite: res://test/escenas/objetos/charcos_temporales_test.gd
  res://test/escenas/objetos/charcos_temporales_test.gd > test_el_charco_solo_dibuja_agua_sobre_la_superficie STARTED
  res://test/escenas/objetos/charcos_temporales_test.gd > test_el_charco_solo_dibuja_agua_sobre_la_superficie PASSED 6ms

  res://test/escenas/objetos/charcos_temporales_test.gd > test_evapora_al_cumplir_cuatro_segundos_sin_depender_de_los_cuadros STARTED
  res://test/escenas/objetos/charcos_temporales_test.gd > test_evapora_al_cumplir_cuatro_segundos_sin_depender_de_los_cuadros PASSED 6ms

  res://test/escenas/objetos/charcos_temporales_test.gd > test_la_pausa_conserva_el_charco_y_su_opacidad STARTED
  res://test/escenas/objetos/charcos_temporales_test.gd > test_la_pausa_conserva_el_charco_y_su_opacidad PASSED 42ms

  res://test/escenas/objetos/charcos_temporales_test.gd > test_reutiliza_el_mas_viejo_y_limpiar_retira_todos STARTED
  res://test/escenas/objetos/charcos_temporales_test.gd > test_reutiliza_el_mas_viejo_y_limpiar_retira_todos PASSED 9ms

  res://test/escenas/objetos/charcos_temporales_test.gd > test_el_shader_del_primer_charco_ya_tiene_un_testigo_para_el_calentamiento STARTED
  res://test/escenas/objetos/charcos_temporales_test.gd > test_el_shader_del_primer_charco_ya_tiene_un_testigo_para_el_calentamiento PASSED 7ms

Statistics: 5 test cases | 0 errors | 0 failures | 0 flaky | 0 skipped | 0 orphans | PASSED 101ms


Run Test Suite: res://test/escenas/objetos/contorno_del_util_test.gd
  res://test/escenas/objetos/contorno_del_util_test.gd > test_las_tres_partes_animadas_comparten_shader_con_materiales_independientes STARTED
  res://test/escenas/objetos/contorno_del_util_test.gd > test_las_tres_partes_animadas_comparten_shader_con_materiales_independientes PASSED 24ms

  res://test/escenas/objetos/contorno_del_util_test.gd > test_cada_parte_selecciona_su_deformacion_y_el_foco_conserva_color_y_grosor STARTED
  res://test/escenas/objetos/contorno_del_util_test.gd > test_cada_parte_selecciona_su_deformacion_y_el_foco_conserva_color_y_grosor PASSED 24ms

  res://test/escenas/objetos/contorno_del_util_test.gd > test_el_contorno_recibe_la_misma_pose_flexion_e_inmersion_que_la_mopa STARTED
  res://test/escenas/objetos/contorno_del_util_test.gd > test_el_contorno_recibe_la_misma_pose_flexion_e_inmersion_que_la_mopa PASSED 31ms

  res://test/escenas/objetos/contorno_del_util_test.gd > test_el_contorno_del_asa_sigue_el_giro_sin_cambiar_el_selector_de_la_mopa STARTED
  res://test/escenas/objetos/contorno_del_util_test.gd > test_el_contorno_del_asa_sigue_el_giro_sin_cambiar_el_selector_de_la_mopa PASSED 30ms

Statistics: 4 test cases | 0 errors | 0 failures | 0 flaky | 0 skipped | 0 orphans | PASSED 134ms


Run Test Suite: res://test/escenas/objetos/coordenadas_de_las_manchas_test.gd
  res://test/escenas/objetos/coordenadas_de_las_manchas_test.gd > test_la_superficie_distribuye_la_suciedad_por_toda_la_mancha STARTED
  res://test/escenas/objetos/coordenadas_de_las_manchas_test.gd > test_la_superficie_distribuye_la_suciedad_por_toda_la_mancha PASSED 12ms

Statistics: 1 test cases | 0 errors | 0 failures | 0 flaky | 0 skipped | 0 orphans | PASSED 20ms


Run Test Suite: res://test/escenas/objetos/enjuague_de_la_mopa_test.gd
  res://test/escenas/objetos/enjuague_de_la_mopa_test.gd > test_la_animacion_de_enjuague_llega_al_punto_mundial_y_regresa_a_la_mano STARTED
  res://test/escenas/objetos/enjuague_de_la_mopa_test.gd > test_la_animacion_de_enjuague_llega_al_punto_mundial_y_regresa_a_la_mano PASSED 44ms

  res://test/escenas/objetos/enjuague_de_la_mopa_test.gd > test_el_enjuague_salva_el_borde_y_entra_vertical_sin_limitar_como_un_balde STARTED
  res://test/escenas/objetos/enjuague_de_la_mopa_test.gd > test_el_enjuague_salva_el_borde_y_entra_vertical_sin_limitar_como_un_balde PASSED 41ms

  res://test/escenas/objetos/enjuague_de_la_mopa_test.gd > test_el_balde_conserva_su_destino_y_el_limite_de_fibras_originales STARTED
  res://test/escenas/objetos/enjuague_de_la_mopa_test.gd > test_el_balde_conserva_su_destino_y_el_limite_de_fibras_originales PASSED 52ms

  res://test/escenas/objetos/enjuague_de_la_mopa_test.gd > test_soltar_durante_el_enjuague_cancela_la_animacion_y_los_contactos STARTED
  res://test/escenas/objetos/enjuague_de_la_mopa_test.gd > test_soltar_durante_el_enjuague_cancela_la_animacion_y_los_contactos PASSED 44ms

  res://test/escenas/objetos/enjuague_de_la_mopa_test.gd > test_el_asiento_no_levanta_las_fibras_separandolas_de_la_base_sumergida STARTED
  res://test/escenas/objetos/enjuague_de_la_mopa_test.gd > test_el_asiento_no_levanta_las_fibras_separandolas_de_la_base_sumergida PASSED 77ms

Statistics: 5 test cases | 0 errors | 0 failures | 0 flaky | 0 skipped | 0 orphans | PASSED 287ms


Run Test Suite: res://test/escenas/objetos/fibras_de_la_mopa_test.gd
  res://test/escenas/objetos/fibras_de_la_mopa_test.gd > test_agrandar_la_mopa_apoyada_no_cambia_la_gravedad_de_sus_fibras STARTED
  res://test/escenas/objetos/fibras_de_la_mopa_test.gd > test_agrandar_la_mopa_apoyada_no_cambia_la_gravedad_de_sus_fibras PASSED 157ms

  res://test/escenas/objetos/fibras_de_la_mopa_test.gd > test_las_fibras_reaccionan_al_movimiento_y_se_asientan_al_parar STARTED
  res://test/escenas/objetos/fibras_de_la_mopa_test.gd > test_las_fibras_reaccionan_al_movimiento_y_se_asientan_al_parar PASSED 145ms

  res://test/escenas/objetos/fibras_de_la_mopa_test.gd > test_las_fibras_se_mueven_llevando_la_mopa_y_el_agua_tine_sus_puntas STARTED
  res://test/escenas/objetos/fibras_de_la_mopa_test.gd > test_las_fibras_se_mueven_llevando_la_mopa_y_el_agua_tine_sus_puntas PASSED 470ms

  res://test/escenas/objetos/fibras_de_la_mopa_test.gd > test_el_cielorraso_sobre_la_cabeza_no_es_el_apoyo_de_las_fibras STARTED
  res://test/escenas/objetos/fibras_de_la_mopa_test.gd > test_el_cielorraso_sobre_la_cabeza_no_es_el_apoyo_de_las_fibras PASSED 140ms

Statistics: 4 test cases | 0 errors | 0 failures | 0 flaky | 0 skipped | 0 orphans | PASSED 937ms


Run Test Suite: res://test/escenas/objetos/fluidos_visuales_test.gd
  res://test/escenas/objetos/fluidos_visuales_test.gd > test_el_agua_tiene_superficie_curva_en_vez_de_un_hexagono STARTED
  res://test/escenas/objetos/fluidos_visuales_test.gd > test_el_agua_tiene_superficie_curva_en_vez_de_un_hexagono PASSED 20ms

  res://test/escenas/objetos/fluidos_visuales_test.gd > test_las_manchas_tienen_borde_irregular_dentro_del_cuerpo STARTED
  res://test/escenas/objetos/fluidos_visuales_test.gd > test_las_manchas_tienen_borde_irregular_dentro_del_cuerpo PASSED 9ms

  res://test/escenas/objetos/fluidos_visuales_test.gd > test_acelerar_agita_el_agua_y_frenar_la_deja_asentarse STARTED
  res://test/escenas/objetos/fluidos_visuales_test.gd > test_acelerar_agita_el_agua_y_frenar_la_deja_asentarse PASSED 148ms

  res://test/escenas/objetos/fluidos_visuales_test.gd > test_un_movimiento_brusco_salpica_sin_crear_nodos_sin_limite STARTED
  res://test/escenas/objetos/fluidos_visuales_test.gd > test_un_movimiento_brusco_salpica_sin_crear_nodos_sin_limite PASSED 75ms

  res://test/escenas/objetos/fluidos_visuales_test.gd > test_vaciar_y_teletransportar_no_dejan_gotas_ni_inventan_impulso STARTED
  res://test/escenas/objetos/fluidos_visuales_test.gd > test_vaciar_y_teletransportar_no_dejan_gotas_ni_inventan_impulso PASSED 37ms

  res://test/escenas/objetos/fluidos_visuales_test.gd > test_el_agua_inclinada_compensa_la_orientacion_del_balde STARTED
  res://test/escenas/objetos/fluidos_visuales_test.gd > test_el_agua_inclinada_compensa_la_orientacion_del_balde PASSED 20ms

  res://test/escenas/objetos/fluidos_visuales_test.gd > test_el_charco_se_deforma_y_luego_deja_de_ondular STARTED
  res://test/escenas/objetos/fluidos_visuales_test.gd > test_el_charco_se_deforma_y_luego_deja_de_ondular PASSED 21ms

  res://test/escenas/objetos/fluidos_visuales_test.gd > test_el_moho_de_la_pared_no_ondula_como_un_charco STARTED
  res://test/escenas/objetos/fluidos_visuales_test.gd > test_el_moho_de_la_pared_no_ondula_como_un_charco PASSED 9ms

  res://test/escenas/objetos/fluidos_visuales_test.gd > test_las_gotas_caen_en_el_mundo_y_expiran STARTED
  res://test/escenas/objetos/fluidos_visuales_test.gd > test_las_gotas_caen_en_el_mundo_y_expiran PASSED 9ms

  res://test/escenas/objetos/fluidos_visuales_test.gd > test_las_gotas_se_extinguen_al_tocar_un_solido STARTED
  res://test/escenas/objetos/fluidos_visuales_test.gd > test_las_gotas_se_extinguen_al_tocar_un_solido PASSED 8ms

  res://test/escenas/objetos/fluidos_visuales_test.gd > test_un_paso_sobre_el_charco_lo_agita_sin_cambiar_la_limpieza STARTED
  res://test/escenas/objetos/fluidos_visuales_test.gd > test_un_paso_sobre_el_charco_lo_agita_sin_cambiar_la_limpieza PASSED 159ms

  res://test/escenas/objetos/fluidos_visuales_test.gd > test_el_agua_no_atraviesa_ninguna_de_las_seis_paredes STARTED
  res://test/escenas/objetos/fluidos_visuales_test.gd > test_el_agua_no_atraviesa_ninguna_de_las_seis_paredes PASSED 142ms

  res://test/escenas/objetos/fluidos_visuales_test.gd > test_las_ondas_se_propagan_y_no_son_un_solo_plano_inclinado STARTED
  res://test/escenas/objetos/fluidos_visuales_test.gd > test_las_ondas_se_propagan_y_no_son_un_solo_plano_inclinado PASSED 66ms

  res://test/escenas/objetos/fluidos_visuales_test.gd > test_el_balde_no_inventa_anillos_sin_ondas_del_movimiento STARTED
  res://test/escenas/objetos/fluidos_visuales_test.gd > test_el_balde_no_inventa_anillos_sin_ondas_del_movimiento PASSED 20ms

  res://test/escenas/objetos/fluidos_visuales_test.gd > test_la_mopa_encoge_el_charco_antes_de_ocultarlo STARTED
  res://test/escenas/objetos/fluidos_visuales_test.gd > test_la_mopa_encoge_el_charco_antes_de_ocultarlo PASSED 595ms

  res://test/escenas/objetos/fluidos_visuales_test.gd > test_reaparecer_una_mancha_cancela_el_encogimiento_anterior STARTED
  res://test/escenas/objetos/fluidos_visuales_test.gd > test_reaparecer_una_mancha_cancela_el_encogimiento_anterior PASSED 639ms

  res://test/escenas/objetos/fluidos_visuales_test.gd > test_la_pared_no_fija_la_altura_del_agua_a_cero STARTED
  res://test/escenas/objetos/fluidos_visuales_test.gd > test_la_pared_no_fija_la_altura_del_agua_a_cero PASSED 8ms

  res://test/escenas/objetos/fluidos_visuales_test.gd > test_recuperar_la_fisica_no_reconstruye_la_malla_hasta_dibujar STARTED
  res://test/escenas/objetos/fluidos_visuales_test.gd > test_recuperar_la_fisica_no_reconstruye_la_malla_hasta_dibujar PASSED 38ms

  res://test/escenas/objetos/fluidos_visuales_test.gd > test_el_muestreo_preparado_conserva_las_ondas_del_centro_y_de_la_pared STARTED
  res://test/escenas/objetos/fluidos_visuales_test.gd > test_el_muestreo_preparado_conserva_las_ondas_del_centro_y_de_la_pared PASSED 13ms

Statistics: 19 test cases | 0 errors | 0 failures | 0 flaky | 0 skipped | 0 orphans | PASSED 2s 123ms


Run Test Suite: res://test/escenas/objetos/grupo_del_piso_test.gd
  res://test/escenas/objetos/grupo_del_piso_test.gd > test_mover_enfocar_y_recoger_conserva_el_dibujo_de_cada_cuerpo STARTED
  res://test/escenas/objetos/grupo_del_piso_test.gd > test_mover_enfocar_y_recoger_conserva_el_dibujo_de_cada_cuerpo PASSED 10ms

  res://test/escenas/objetos/grupo_del_piso_test.gd > test_en_caida_libre_la_copia_dibuja_donde_el_motor_dibuja_el_cuerpo STARTED
  res://test/escenas/objetos/grupo_del_piso_test.gd > test_en_caida_libre_la_copia_dibuja_donde_el_motor_dibuja_el_cuerpo PASSED 615ms

  res://test/escenas/objetos/grupo_del_piso_test.gd > test_lo_dormido_que_se_congela_se_dibuja_donde_lo_llevan STARTED
  res://test/escenas/objetos/grupo_del_piso_test.gd > test_lo_dormido_que_se_congela_se_dibuja_donde_lo_llevan PASSED 1s 991ms

  res://test/escenas/objetos/grupo_del_piso_test.gd > test_el_motor_no_vuelve_a_interpolar_lo_que_el_grupo_escribe STARTED
  res://test/escenas/objetos/grupo_del_piso_test.gd > test_el_motor_no_vuelve_a_interpolar_lo_que_el_grupo_escribe PASSED 8ms

  res://test/escenas/objetos/grupo_del_piso_test.gd > test_al_aterrizar_la_copia_no_salta_mas_que_el_dibujo_del_cuerpo STARTED
  res://test/escenas/objetos/grupo_del_piso_test.gd > test_al_aterrizar_la_copia_no_salta_mas_que_el_dibujo_del_cuerpo PASSED 615ms

  res://test/escenas/objetos/grupo_del_piso_test.gd > test_cada_cuerpo_agrupado_se_dibuja_exactamente_una_vez STARTED
  res://test/escenas/objetos/grupo_del_piso_test.gd > test_cada_cuerpo_agrupado_se_dibuja_exactamente_una_vez PASSED 38ms

  res://test/escenas/objetos/grupo_del_piso_test.gd > test_quitar_del_medio_deja_el_indice_reutilizado_en_su_cuerpo_nuevo STARTED
  res://test/escenas/objetos/grupo_del_piso_test.gd > test_quitar_del_medio_deja_el_indice_reutilizado_en_su_cuerpo_nuevo PASSED 8ms

  res://test/escenas/objetos/grupo_del_piso_test.gd > test_la_caja_del_grupo_cubre_las_copias_que_escribe STARTED
  res://test/escenas/objetos/grupo_del_piso_test.gd > test_la_caja_del_grupo_cubre_las_copias_que_escribe PASSED 407ms

Statistics: 8 test cases | 0 errors | 0 failures | 0 flaky | 0 skipped | 0 orphans | PASSED 3s 736ms


Run Test Suite: res://test/escenas/objetos/humedad_de_la_mopa_test.gd
  res://test/escenas/objetos/humedad_de_la_mopa_test.gd > test_la_mopa_horizontal_mojada_no_deja_un_volumen_rigido_detras_de_la_cabeza STARTED
  res://test/escenas/objetos/humedad_de_la_mopa_test.gd > test_la_mopa_horizontal_mojada_no_deja_un_volumen_rigido_detras_de_la_cabeza PASSED 152ms

  res://test/escenas/objetos/humedad_de_la_mopa_test.gd > test_mojar_y_secar_las_fibras_conserva_el_anclaje_para_mojar_y_gotear STARTED
  res://test/escenas/objetos/humedad_de_la_mopa_test.gd > test_mojar_y_secar_las_fibras_conserva_el_anclaje_para_mojar_y_gotear PASSED 139ms

Statistics: 2 test cases | 0 errors | 0 failures | 0 flaky | 0 skipped | 0 orphans | PASSED 309ms


Run Test Suite: res://test/escenas/objetos/jabones_y_notas_del_bano_test.gd
  res://test/escenas/objetos/jabones_y_notas_del_bano_test.gd > test_las_botellas_entran_en_su_colision_y_conservan_tres_etiquetas STARTED
  res://test/escenas/objetos/jabones_y_notas_del_bano_test.gd > test_las_botellas_entran_en_su_colision_y_conservan_tres_etiquetas PASSED 133ms

  res://test/escenas/objetos/jabones_y_notas_del_bano_test.gd > test_las_tres_notas_se_ven_en_el_bano_con_sus_imagenes STARTED
  res://test/escenas/objetos/jabones_y_notas_del_bano_test.gd > test_las_tres_notas_se_ven_en_el_bano_con_sus_imagenes PASSED 141ms

  res://test/escenas/objetos/jabones_y_notas_del_bano_test.gd > test_las_tres_notas_del_bano_comparten_su_imagen_con_la_lectura STARTED
  res://test/escenas/objetos/jabones_y_notas_del_bano_test.gd > test_las_tres_notas_del_bano_comparten_su_imagen_con_la_lectura PASSED 138ms

Statistics: 3 test cases | 0 errors | 0 failures | 0 flaky | 0 skipped | 0 orphans | PASSED 434ms


Run Test Suite: res://test/escenas/objetos/mancha_en_el_piso_test.gd
  res://test/escenas/objetos/mancha_en_el_piso_test.gd > test_la_mancha_no_decide_nada STARTED
  res://test/escenas/objetos/mancha_en_el_piso_test.gd > test_la_mancha_no_decide_nada PASSED 6ms

  res://test/escenas/objetos/mancha_en_el_piso_test.gd > test_la_mancha_esta_en_el_grupo_que_la_mira_puede_enfocar STARTED
  res://test/escenas/objetos/mancha_en_el_piso_test.gd > test_la_mancha_esta_en_el_grupo_que_la_mira_puede_enfocar PASSED 9ms

  res://test/escenas/objetos/mancha_en_el_piso_test.gd > test_la_mancha_borrada_deja_de_verse_y_de_enfocarse STARTED
  res://test/escenas/objetos/mancha_en_el_piso_test.gd > test_la_mancha_borrada_deja_de_verse_y_de_enfocarse PASSED 9ms

  res://test/escenas/objetos/mancha_en_el_piso_test.gd > test_cada_mancha_lleva_su_propia_pintura STARTED
  res://test/escenas/objetos/mancha_en_el_piso_test.gd > test_cada_mancha_lleva_su_propia_pintura PASSED 13ms

  res://test/escenas/objetos/mancha_en_el_piso_test.gd > test_el_uso_entra_por_el_pedido_del_jugador STARTED
  res://test/escenas/objetos/mancha_en_el_piso_test.gd > test_el_uso_entra_por_el_pedido_del_jugador PASSED 9ms

  res://test/escenas/objetos/mancha_en_el_piso_test.gd > test_el_almacen_trae_una_mancha_por_lugar STARTED
  res://test/escenas/objetos/mancha_en_el_piso_test.gd > test_el_almacen_trae_una_mancha_por_lugar PASSED 140ms

  res://test/escenas/objetos/mancha_en_el_piso_test.gd > test_ninguna_mancha_arranca_debajo_de_un_mueble STARTED
  res://test/escenas/objetos/mancha_en_el_piso_test.gd > test_ninguna_mancha_arranca_debajo_de_un_mueble PASSED 139ms

  res://test/escenas/objetos/mancha_en_el_piso_test.gd > test_la_mira_enfoca_cada_mancha STARTED
  res://test/escenas/objetos/mancha_en_el_piso_test.gd > test_la_mira_enfoca_cada_mancha PASSED 188ms

  res://test/escenas/objetos/mancha_en_el_piso_test.gd > test_cada_mancha_se_ve_del_color_de_su_tipo STARTED
  res://test/escenas/objetos/mancha_en_el_piso_test.gd > test_cada_mancha_se_ve_del_color_de_su_tipo PASSED 140ms

  res://test/escenas/objetos/mancha_en_el_piso_test.gd > test_con_el_balde_en_la_mano_no_se_agarra_un_jabon STARTED
  res://test/escenas/objetos/mancha_en_el_piso_test.gd > test_con_el_balde_en_la_mano_no_se_agarra_un_jabon PASSED 8ms

  res://test/escenas/objetos/mancha_en_el_piso_test.gd > test_las_reglas_de_limpieza_tienen_sus_espejos STARTED
  res://test/escenas/objetos/mancha_en_el_piso_test.gd > test_las_reglas_de_limpieza_tienen_sus_espejos PASSED 8ms

Statistics: 11 test cases | 0 errors | 0 failures | 0 flaky | 0 skipped | 0 orphans | PASSED 725ms


Run Test Suite: res://test/escenas/objetos/manija_del_balde_test.gd
  res://test/escenas/objetos/manija_del_balde_test.gd > test_agarrar_y_soltar_anima_el_asa_sin_mover_el_cuerpo_ni_su_carga STARTED
  res://test/escenas/objetos/manija_del_balde_test.gd > test_agarrar_y_soltar_anima_el_asa_sin_mover_el_cuerpo_ni_su_carga PASSED 160ms

  res://test/escenas/objetos/manija_del_balde_test.gd > test_examinar_levanta_el_asa_y_devuelve_el_balde_a_la_mano STARTED
  res://test/escenas/objetos/manija_del_balde_test.gd > test_examinar_levanta_el_asa_y_devuelve_el_balde_a_la_mano PASSED 151ms

  res://test/escenas/objetos/manija_del_balde_test.gd > test_soltar_el_asa_elige_el_lado_opuesto_y_lo_conserva_al_caminar STARTED
  res://test/escenas/objetos/manija_del_balde_test.gd > test_soltar_el_asa_elige_el_lado_opuesto_y_lo_conserva_al_caminar PASSED 143ms

  res://test/escenas/objetos/manija_del_balde_test.gd > test_interrumpir_agarre_o_bajada_conserva_el_angulo_actual_sin_salto STARTED
  res://test/escenas/objetos/manija_del_balde_test.gd > test_interrumpir_agarre_o_bajada_conserva_el_angulo_actual_sin_salto PASSED 141ms

  res://test/escenas/objetos/manija_del_balde_test.gd > test_el_asa_quieta_no_repite_el_pintado_pero_vuelve_a_animarse_al_agarrar STARTED
  res://test/escenas/objetos/manija_del_balde_test.gd > test_el_asa_quieta_no_repite_el_pintado_pero_vuelve_a_animarse_al_agarrar PASSED 9ms

Statistics: 5 test cases | 0 errors | 0 failures | 0 flaky | 0 skipped | 0 orphans | PASSED 638ms


Run Test Suite: res://test/escenas/objetos/mezcla_del_balde_test.gd
  res://test/escenas/objetos/mezcla_del_balde_test.gd > test_el_jabon_aceptado_conserva_el_aspecto_previo_y_se_mezcla_en_setecientos_ms STARTED
  res://test/escenas/objetos/mezcla_del_balde_test.gd > test_el_jabon_aceptado_conserva_el_aspecto_previo_y_se_mezcla_en_setecientos_ms PASSED 11ms

  res://test/escenas/objetos/mezcla_del_balde_test.gd > test_repintar_o_repetir_el_destino_no_corta_ni_reinicia_la_mezcla STARTED
  res://test/escenas/objetos/mezcla_del_balde_test.gd > test_repintar_o_repetir_el_destino_no_corta_ni_reinicia_la_mezcla PASSED 12ms

  res://test/escenas/objetos/mezcla_del_balde_test.gd > test_vaciar_y_reiniciar_cancelan_la_mezcla_y_no_reusan_su_color_previo STARTED
  res://test/escenas/objetos/mezcla_del_balde_test.gd > test_vaciar_y_reiniciar_cancelan_la_mezcla_y_no_reusan_su_color_previo PASSED 12ms

  res://test/escenas/objetos/mezcla_del_balde_test.gd > test_los_liquidos_ajenos_al_balde_conservan_su_pintado_inmediato STARTED
  res://test/escenas/objetos/mezcla_del_balde_test.gd > test_los_liquidos_ajenos_al_balde_conservan_su_pintado_inmediato PASSED 11ms

  res://test/escenas/objetos/mezcla_del_balde_test.gd > test_el_contraste_del_producto_se_mezcla_sin_cambiar_el_agua_limpia STARTED
  res://test/escenas/objetos/mezcla_del_balde_test.gd > test_el_contraste_del_producto_se_mezcla_sin_cambiar_el_agua_limpia PASSED 14ms

Statistics: 5 test cases | 0 errors | 0 failures | 0 flaky | 0 skipped | 0 orphans | PASSED 93ms


Run Test Suite: res://test/escenas/objetos/nivel_del_balde_test.gd
  res://test/escenas/objetos/nivel_del_balde_test.gd > test_llenar_sube_desde_el_fondo_y_repintar_no_lo_interrumpe STARTED
  res://test/escenas/objetos/nivel_del_balde_test.gd > test_llenar_sube_desde_el_fondo_y_repintar_no_lo_interrumpe PASSED 30ms

  res://test/escenas/objetos/nivel_del_balde_test.gd > test_vaciar_baja_con_el_ultimo_color_y_se_oculta_al_terminar STARTED
  res://test/escenas/objetos/nivel_del_balde_test.gd > test_vaciar_baja_con_el_ultimo_color_y_se_oculta_al_terminar PASSED 22ms

  res://test/escenas/objetos/nivel_del_balde_test.gd > test_invertir_la_transicion_conserva_el_nivel_actual_sin_salto STARTED
  res://test/escenas/objetos/nivel_del_balde_test.gd > test_invertir_la_transicion_conserva_el_nivel_actual_sin_salto PASSED 21ms

  res://test/escenas/objetos/nivel_del_balde_test.gd > test_reiniciar_cancela_el_nivel_y_la_mezcla_anteriores STARTED
  res://test/escenas/objetos/nivel_del_balde_test.gd > test_reiniciar_cancela_el_nivel_y_la_mezcla_anteriores PASSED 22ms

  res://test/escenas/objetos/nivel_del_balde_test.gd > test_llenar_y_vaciar_no_mueven_los_liquidos_ajenos_al_balde STARTED
  res://test/escenas/objetos/nivel_del_balde_test.gd > test_llenar_y_vaciar_no_mueven_los_liquidos_ajenos_al_balde PASSED 9ms

  res://test/escenas/objetos/nivel_del_balde_test.gd > test_los_niveles_quedan_dentro_de_las_paredes_del_modelo_real STARTED
  res://test/escenas/objetos/nivel_del_balde_test.gd > test_los_niveles_quedan_dentro_de_las_paredes_del_modelo_real PASSED 83ms

Statistics: 6 test cases | 0 errors | 0 failures | 0 flaky | 0 skipped | 0 orphans | PASSED 227ms


Run Test Suite: res://test/escenas/objetos/nota_pegada_test.gd
  res://test/escenas/objetos/nota_pegada_test.gd > test_el_texto_fisico_y_la_vista_presentan_el_mismo_dato STARTED
  res://test/escenas/objetos/nota_pegada_test.gd > test_el_texto_fisico_y_la_vista_presentan_el_mismo_dato PASSED 10ms

  res://test/escenas/objetos/nota_pegada_test.gd > test_las_tres_imagenes_vienen_del_frente_original STARTED
  res://test/escenas/objetos/nota_pegada_test.gd > test_las_tres_imagenes_vienen_del_frente_original PASSED 11ms

  res://test/escenas/objetos/nota_pegada_test.gd > test_accionar_pide_la_lectura_de_su_hoja STARTED
  res://test/escenas/objetos/nota_pegada_test.gd > test_accionar_pide_la_lectura_de_su_hoja PASSED 10ms

Statistics: 3 test cases | 0 errors | 0 failures | 0 flaky | 0 skipped | 0 orphans | PASSED 52ms


Run Test Suite: res://test/escenas/objetos/objeto_agarrable_test.gd
  res://test/escenas/objetos/objeto_agarrable_test.gd > test_el_objeto_esta_en_el_grupo_que_la_mira_busca STARTED
  res://test/escenas/objetos/objeto_agarrable_test.gd > test_el_objeto_esta_en_el_grupo_que_la_mira_busca PASSED 12ms

  res://test/escenas/objetos/objeto_agarrable_test.gd > test_el_objeto_responde_al_metodo_que_es_el_contrato STARTED
  res://test/escenas/objetos/objeto_agarrable_test.gd > test_el_objeto_responde_al_metodo_que_es_el_contrato PASSED 11ms

  res://test/escenas/objetos/objeto_agarrable_test.gd > test_interactuar_devuelve_los_datos_de_dominio_del_objeto STARTED
  res://test/escenas/objetos/objeto_agarrable_test.gd > test_interactuar_devuelve_los_datos_de_dominio_del_objeto PASSED 9ms

  res://test/escenas/objetos/objeto_agarrable_test.gd > test_el_objeto_simula_fisica_y_tiene_con_que_chocar STARTED
  res://test/escenas/objetos/objeto_agarrable_test.gd > test_el_objeto_simula_fisica_y_tiene_con_que_chocar PASSED 9ms

  res://test/escenas/objetos/objeto_agarrable_test.gd > test_volver_a_su_lugar_no_dibuja_el_objeto_cruzando_el_almacen STARTED
  res://test/escenas/objetos/objeto_agarrable_test.gd > test_volver_a_su_lugar_no_dibuja_el_objeto_cruzando_el_almacen PASSED 60ms

  res://test/escenas/objetos/objeto_agarrable_test.gd > test_cada_contacto_avisa_el_objeto_y_su_rapidez STARTED
  res://test/escenas/objetos/objeto_agarrable_test.gd > test_cada_contacto_avisa_el_objeto_y_su_rapidez PASSED 12ms

  res://test/escenas/objetos/objeto_agarrable_test.gd > test_las_dos_acciones_del_006_estan_declaradas_en_el_proyecto STARTED
  res://test/escenas/objetos/objeto_agarrable_test.gd > test_las_dos_acciones_del_006_estan_declaradas_en_el_proyecto PASSED 8ms

  res://test/escenas/objetos/objeto_agarrable_test.gd > test_volver_restaura_padre_visibilidad_y_fisica_originales STARTED
  res://test/escenas/objetos/objeto_agarrable_test.gd > test_volver_restaura_padre_visibilidad_y_fisica_originales PASSED 10ms

Statistics: 8 test cases | 0 errors | 0 failures | 0 flaky | 0 skipped | 0 orphans | PASSED 178ms


Run Test Suite: res://test/escenas/objetos/ondas_del_balde_test.gd
  res://test/escenas/objetos/ondas_del_balde_test.gd > test_la_amplitud_sigue_el_campo_tras_avanzar_y_reiniciar STARTED
  res://test/escenas/objetos/ondas_del_balde_test.gd > test_la_amplitud_sigue_el_campo_tras_avanzar_y_reiniciar PASSED 14ms

  res://test/escenas/objetos/ondas_del_balde_test.gd > test_cada_subpaso_cruza_los_dos_buffers_sin_crear_otro STARTED
  res://test/escenas/objetos/ondas_del_balde_test.gd > test_cada_subpaso_cruza_los_dos_buffers_sin_crear_otro PASSED 13ms

  res://test/escenas/objetos/ondas_del_balde_test.gd > test_los_dos_buffers_son_los_mismos_con_cualquier_delta_y_tras_reiniciar STARTED
  res://test/escenas/objetos/ondas_del_balde_test.gd > test_los_dos_buffers_son_los_mismos_con_cualquier_delta_y_tras_reiniciar PASSED 21ms

  res://test/escenas/objetos/ondas_del_balde_test.gd > test_una_instancia_no_comparte_buffers_con_otra STARTED
  res://test/escenas/objetos/ondas_del_balde_test.gd > test_una_instancia_no_comparte_buffers_con_otra PASSED 15ms

  res://test/escenas/objetos/ondas_del_balde_test.gd > test_reiniciar_tras_un_numero_impar_de_subpasos_limpia_los_dos_buffers STARTED
  res://test/escenas/objetos/ondas_del_balde_test.gd > test_reiniciar_tras_un_numero_impar_de_subpasos_limpia_los_dos_buffers PASSED 13ms

  res://test/escenas/objetos/ondas_del_balde_test.gd > test_el_muestreo_devuelve_una_copia_que_no_toca_el_avance_siguiente STARTED
  res://test/escenas/objetos/ondas_del_balde_test.gd > test_el_muestreo_devuelve_una_copia_que_no_toca_el_avance_siguiente PASSED 16ms

Statistics: 6 test cases | 0 errors | 0 failures | 0 flaky | 0 skipped | 0 orphans | PASSED 132ms


Run Test Suite: res://test/escenas/objetos/partes_de_manija_test.gd
  res://test/escenas/objetos/partes_de_manija_test.gd > test_la_costura_de_normales_no_separa_los_extremos_del_arco_movil STARTED
  res://test/escenas/objetos/partes_de_manija_test.gd > test_la_costura_de_normales_no_separa_los_extremos_del_arco_movil PASSED 11ms

  res://test/escenas/objetos/partes_de_manija_test.gd > test_el_balde_real_conserva_todos_los_buffers_salvo_uv2_de_las_dos_partes STARTED
  res://test/escenas/objetos/partes_de_manija_test.gd > test_el_balde_real_conserva_todos_los_buffers_salvo_uv2_de_las_dos_partes PASSED 13ms

Statistics: 2 test cases | 0 errors | 0 failures | 0 flaky | 0 skipped | 0 orphans | PASSED 42ms


Run Test Suite: res://test/escenas/objetos/producto_soltado_test.gd
  res://test/escenas/objetos/producto_soltado_test.gd > test_una_unidad_de_cada_producto_se_duerme_apoyada_en_el_piso STARTED
  res://test/escenas/objetos/producto_soltado_test.gd > test_una_unidad_de_cada_producto_se_duerme_apoyada_en_el_piso PASSED 8s 33ms

  res://test/escenas/objetos/producto_soltado_test.gd > test_el_producto_mas_delgado_cae_de_plano_y_no_atraviesa_el_piso STARTED
  res://test/escenas/objetos/producto_soltado_test.gd > test_el_producto_mas_delgado_cae_de_plano_y_no_atraviesa_el_piso PASSED 2s 24ms

Statistics: 2 test cases | 0 errors | 0 failures | 0 flaky | 0 skipped | 0 orphans | PASSED 10s 75ms


Run Test Suite: res://test/escenas/objetos/raices_de_fibras_test.gd
  res://test/escenas/objetos/raices_de_fibras_test.gd > test_las_caras_separadas_por_normales_comparten_la_raiz_de_su_fibra STARTED
  res://test/escenas/objetos/raices_de_fibras_test.gd > test_las_caras_separadas_por_normales_comparten_la_raiz_de_su_fibra PASSED 7ms

  res://test/escenas/objetos/raices_de_fibras_test.gd > test_la_metadata_no_cambia_la_malla_importada_ni_los_materiales_del_modelo STARTED
  res://test/escenas/objetos/raices_de_fibras_test.gd > test_la_metadata_no_cambia_la_malla_importada_ni_los_materiales_del_modelo PASSED 40ms

Statistics: 2 test cases | 0 errors | 0 failures | 0 flaky | 0 skipped | 0 orphans | PASSED 69ms


Run Test Suite: res://test/escenas/objetos/rejilla_del_bano_test.gd
  res://test/escenas/objetos/rejilla_del_bano_test.gd > test_las_cuatro_ranuras_siguen_visibles_en_cada_nivel_de_detalle STARTED
  res://test/escenas/objetos/rejilla_del_bano_test.gd > test_las_cuatro_ranuras_siguen_visibles_en_cada_nivel_de_detalle PASSED 17ms

Statistics: 1 test cases | 0 errors | 0 failures | 0 flaky | 0 skipped | 0 orphans | PASSED 28ms


Run Test Suite: res://test/escenas/objetos/sombreado_de_liquidos_test.gd
  res://test/escenas/objetos/sombreado_de_liquidos_test.gd > test_agua_y_mancha_comparten_shader_con_materiales_independientes STARTED
  res://test/escenas/objetos/sombreado_de_liquidos_test.gd > test_agua_y_mancha_comparten_shader_con_materiales_independientes PASSED 12ms

  res://test/escenas/objetos/sombreado_de_liquidos_test.gd > test_cambiar_de_aspecto_conserva_color_material_y_textura_de_la_mancha STARTED
  res://test/escenas/objetos/sombreado_de_liquidos_test.gd > test_cambiar_de_aspecto_conserva_color_material_y_textura_de_la_mancha PASSED 11ms

  res://test/escenas/objetos/sombreado_de_liquidos_test.gd > test_el_bano_usa_el_mismo_shader_de_agua_y_manchas STARTED
  res://test/escenas/objetos/sombreado_de_liquidos_test.gd > test_el_bano_usa_el_mismo_shader_de_agua_y_manchas PASSED 11ms

  res://test/escenas/objetos/sombreado_de_liquidos_test.gd > test_una_mancha_no_inicia_la_mezcla_del_agua_aunque_comparta_shader STARTED
  res://test/escenas/objetos/sombreado_de_liquidos_test.gd > test_una_mancha_no_inicia_la_mezcla_del_agua_aunque_comparta_shader PASSED 11ms

Statistics: 4 test cases | 0 errors | 0 failures | 0 flaky | 0 skipped | 0 orphans | PASSED 68ms


Run Test Suite: res://test/escenas/objetos/tamano_de_la_mopa_test.gd
  res://test/escenas/objetos/tamano_de_la_mopa_test.gd > test_la_mopa_apoyada_es_mayor_y_en_la_mano_conserva_su_tamano STARTED
  res://test/escenas/objetos/tamano_de_la_mopa_test.gd > test_la_mopa_apoyada_es_mayor_y_en_la_mano_conserva_su_tamano PASSED 165ms

Statistics: 1 test cases | 0 errors | 0 failures | 0 flaky | 0 skipped | 0 orphans | PASSED 175ms


Run Test Suite: res://test/escenas/objetos/ubicacion_en_el_deposito_test.gd
  res://test/escenas/objetos/ubicacion_en_el_deposito_test.gd > test_las_cajas_de_reposicion_estan_apoyadas_en_el_deposito STARTED
  res://test/escenas/objetos/ubicacion_en_el_deposito_test.gd > test_las_cajas_de_reposicion_estan_apoyadas_en_el_deposito PASSED 138ms

  res://test/escenas/objetos/ubicacion_en_el_deposito_test.gd > test_cada_caja_le_muestra_su_etiqueta_al_cuarto STARTED
  res://test/escenas/objetos/ubicacion_en_el_deposito_test.gd > test_cada_caja_le_muestra_su_etiqueta_al_cuarto PASSED 137ms

  res://test/escenas/objetos/ubicacion_en_el_deposito_test.gd > test_las_tres_bolsas_arrancan_en_el_deposito_y_lejos_del_contenedor STARTED
  res://test/escenas/objetos/ubicacion_en_el_deposito_test.gd > test_las_tres_bolsas_arrancan_en_el_deposito_y_lejos_del_contenedor PASSED 138ms

  res://test/escenas/objetos/ubicacion_en_el_deposito_test.gd > test_abrir_la_jornada_devuelve_cada_caja_a_su_lugar STARTED
  res://test/escenas/objetos/ubicacion_en_el_deposito_test.gd > test_abrir_la_jornada_devuelve_cada_caja_a_su_lugar PASSED 144ms

Statistics: 4 test cases | 0 errors | 0 failures | 0 flaky | 0 skipped | 0 orphans | PASSED 582ms


Run Test Suite: res://test/escenas/objetos/utiles_apilados_test.gd
  res://test/escenas/objetos/utiles_apilados_test.gd > test_retirar_el_balde_despierta_y_deja_caer_el_jabon_que_sostenia STARTED
  res://test/escenas/objetos/utiles_apilados_test.gd > test_retirar_el_balde_despierta_y_deja_caer_el_jabon_que_sostenia PASSED 2s 999ms

Statistics: 1 test cases | 0 errors | 0 failures | 0 flaky | 0 skipped | 0 orphans | PASSED 3s 14ms


Run Test Suite: res://test/escenas/objetos/utiles_de_limpieza_test.gd
  res://test/escenas/objetos/utiles_de_limpieza_test.gd > test_cada_util_es_la_malla_del_modelo_donde_el_modelo_la_dibujaba STARTED
  res://test/escenas/objetos/utiles_de_limpieza_test.gd > test_cada_util_es_la_malla_del_modelo_donde_el_modelo_la_dibujaba PASSED 149ms

  res://test/escenas/objetos/utiles_de_limpieza_test.gd > test_la_copia_fija_del_modelo_ni_se_ve_ni_choca STARTED
  res://test/escenas/objetos/utiles_de_limpieza_test.gd > test_la_copia_fija_del_modelo_ni_se_ve_ni_choca PASSED 135ms

  res://test/escenas/objetos/utiles_de_limpieza_test.gd > test_los_utiles_arrancan_en_el_bano STARTED
  res://test/escenas/objetos/utiles_de_limpieza_test.gd > test_los_utiles_arrancan_en_el_bano PASSED 141ms

  res://test/escenas/objetos/utiles_de_limpieza_test.gd > test_abrir_la_jornada_devuelve_los_utiles_al_bano_vacios_y_secos STARTED
  res://test/escenas/objetos/utiles_de_limpieza_test.gd > test_abrir_la_jornada_devuelve_los_utiles_al_bano_vacios_y_secos PASSED 150ms

  res://test/escenas/objetos/utiles_de_limpieza_test.gd > test_el_lavatorio_y_el_inodoro_se_enfocan_y_no_se_levantan STARTED
  res://test/escenas/objetos/utiles_de_limpieza_test.gd > test_el_lavatorio_y_el_inodoro_se_enfocan_y_no_se_levantan PASSED 140ms

  res://test/escenas/objetos/utiles_de_limpieza_test.gd > test_el_agua_del_balde_se_ve_celeste_y_despues_del_color_del_jabon STARTED
  res://test/escenas/objetos/utiles_de_limpieza_test.gd > test_el_agua_del_balde_se_ve_celeste_y_despues_del_color_del_jabon PASSED 139ms

  res://test/escenas/objetos/utiles_de_limpieza_test.gd > test_un_segundo_jabon_no_cambia_el_agua_que_se_ve STARTED
  res://test/escenas/objetos/utiles_de_limpieza_test.gd > test_un_segundo_jabon_no_cambia_el_agua_que_se_ve PASSED 141ms

  res://test/escenas/objetos/utiles_de_limpieza_test.gd > test_vaciar_en_el_inodoro_esconde_el_agua STARTED
  res://test/escenas/objetos/utiles_de_limpieza_test.gd > test_vaciar_en_el_inodoro_esconde_el_agua PASSED 141ms

  res://test/escenas/objetos/utiles_de_limpieza_test.gd > test_la_punta_de_la_mopa_se_ve_del_color_del_agua STARTED
  res://test/escenas/objetos/utiles_de_limpieza_test.gd > test_la_punta_de_la_mopa_se_ve_del_color_del_agua PASSED 145ms

  res://test/escenas/objetos/utiles_de_limpieza_test.gd > test_la_mezcla_espera_aunque_se_suelten_los_utiles_en_otro_cuarto STARTED
  res://test/escenas/objetos/utiles_de_limpieza_test.gd > test_la_mezcla_espera_aunque_se_suelten_los_utiles_en_otro_cuarto PASSED 150ms

  res://test/escenas/objetos/utiles_de_limpieza_test.gd > test_la_cabeza_de_la_mopa_se_ve_y_el_agarre_sigue_en_el_origen STARTED
  res://test/escenas/objetos/utiles_de_limpieza_test.gd > test_la_cabeza_de_la_mopa_se_ve_y_el_agarre_sigue_en_el_origen PASSED 134ms

  res://test/escenas/objetos/utiles_de_limpieza_test.gd > test_la_mojada_sube_en_arco_y_entra_desde_arriba_del_borde STARTED
  res://test/escenas/objetos/utiles_de_limpieza_test.gd > test_la_mojada_sube_en_arco_y_entra_desde_arriba_del_borde PASSED 135ms

  res://test/escenas/objetos/utiles_de_limpieza_test.gd > test_mojar_baja_la_punta_a_la_vista_y_vuelve_sin_mover_la_camara STARTED
  res://test/escenas/objetos/utiles_de_limpieza_test.gd > test_mojar_baja_la_punta_a_la_vista_y_vuelve_sin_mover_la_camara PASSED 140ms

  res://test/escenas/objetos/utiles_de_limpieza_test.gd > test_la_punta_sigue_a_la_vista_con_el_brazo_acortado_y_mirando_abajo STARTED
  res://test/escenas/objetos/utiles_de_limpieza_test.gd > test_la_punta_sigue_a_la_vista_con_el_brazo_acortado_y_mirando_abajo PASSED 144ms

  res://test/escenas/objetos/utiles_de_limpieza_test.gd > test_rechazar_el_mojado_no_mueve_la_mopa STARTED
  res://test/escenas/objetos/utiles_de_limpieza_test.gd > test_rechazar_el_mojado_no_mueve_la_mopa PASSED 141ms

  res://test/escenas/objetos/utiles_de_limpieza_test.gd > test_mojar_dos_veces_reinicia_sin_acumular_desplazamiento STARTED
  res://test/escenas/objetos/utiles_de_limpieza_test.gd > test_mojar_dos_veces_reinicia_sin_acumular_desplazamiento PASSED 141ms

  res://test/escenas/objetos/utiles_de_limpieza_test.gd > test_soltar_a_mitad_del_mojado_mata_el_tween_y_conserva_la_orientacion STARTED
  res://test/escenas/objetos/utiles_de_limpieza_test.gd > test_soltar_a_mitad_del_mojado_mata_el_tween_y_conserva_la_orientacion PASSED 137ms

  res://test/escenas/objetos/utiles_de_limpieza_test.gd > test_mojar_con_el_balde_en_el_piso_y_la_vista_abajo_mantiene_la_punta_visible STARTED
  res://test/escenas/objetos/utiles_de_limpieza_test.gd > test_mojar_con_el_balde_en_el_piso_y_la_vista_abajo_mantiene_la_punta_visible PASSED 147ms

  res://test/escenas/objetos/utiles_de_limpieza_test.gd > test_la_mopa_soltada_entre_dos_paredes_no_atraviesa_la_de_atras STARTED
  res://test/escenas/objetos/utiles_de_limpieza_test.gd > test_la_mopa_soltada_entre_dos_paredes_no_atraviesa_la_de_atras PASSED 147ms

Statistics: 19 test cases | 0 errors | 0 failures | 0 flaky | 0 skipped | 0 orphans | PASSED 2s 794ms


Run Test Suite: res://test/escenas/objetos/visibilidad_del_agua_del_balde_test.gd
  res://test/escenas/objetos/visibilidad_del_agua_del_balde_test.gd > test_un_balde_activo_fuera_del_encuadre_no_recalcula_su_malla_y_sigue_simulando STARTED
  res://test/escenas/objetos/visibilidad_del_agua_del_balde_test.gd > test_un_balde_activo_fuera_del_encuadre_no_recalcula_su_malla_y_sigue_simulando PASSED 18ms

  res://test/escenas/objetos/visibilidad_del_agua_del_balde_test.gd > test_la_caja_que_cruza_el_borde_se_dibuja_aunque_su_centro_quede_afuera STARTED
  res://test/escenas/objetos/visibilidad_del_agua_del_balde_test.gd > test_la_caja_que_cruza_el_borde_se_dibuja_aunque_su_centro_quede_afuera PASSED 22ms

  res://test/escenas/objetos/visibilidad_del_agua_del_balde_test.gd > test_un_balde_detras_de_la_camara_no_recalcula_su_malla STARTED
  res://test/escenas/objetos/visibilidad_del_agua_del_balde_test.gd > test_un_balde_detras_de_la_camara_no_recalcula_su_malla PASSED 11ms

  res://test/escenas/objetos/visibilidad_del_agua_del_balde_test.gd > test_sin_camara_el_agua_fuera_de_todo_encuadre_se_dibuja STARTED
  res://test/escenas/objetos/visibilidad_del_agua_del_balde_test.gd > test_sin_camara_el_agua_fuera_de_todo_encuadre_se_dibuja PASSED 11ms

  res://test/escenas/objetos/visibilidad_del_agua_del_balde_test.gd > test_sin_escrituras_de_buffers_el_agua_se_dibuja_aunque_la_camara_no_la_vea STARTED
  res://test/escenas/objetos/visibilidad_del_agua_del_balde_test.gd > test_sin_escrituras_de_buffers_el_agua_se_dibuja_aunque_la_camara_no_la_vea PASSED 11ms

  res://test/escenas/objetos/visibilidad_del_agua_del_balde_test.gd > test_el_agua_decide_con_la_camara_de_su_propio_viewport STARTED
  res://test/escenas/objetos/visibilidad_del_agua_del_balde_test.gd > test_el_agua_decide_con_la_camara_de_su_propio_viewport PASSED 14ms

  res://test/escenas/objetos/visibilidad_del_agua_del_balde_test.gd > test_el_nivel_que_termina_fuera_del_encuadre_se_ve_al_volver STARTED
  res://test/escenas/objetos/visibilidad_del_agua_del_balde_test.gd > test_el_nivel_que_termina_fuera_del_encuadre_se_ve_al_volver PASSED 15ms

  res://test/escenas/objetos/visibilidad_del_agua_del_balde_test.gd > test_las_ondas_que_se_amortiguan_fuera_dejan_la_malla_quieta_al_volver STARTED
  res://test/escenas/objetos/visibilidad_del_agua_del_balde_test.gd > test_las_ondas_que_se_amortiguan_fuera_dejan_la_malla_quieta_al_volver PASSED 67ms

  res://test/escenas/objetos/visibilidad_del_agua_del_balde_test.gd > test_la_mancha_fuera_del_encuadre_se_sigue_dibujando STARTED
  res://test/escenas/objetos/visibilidad_del_agua_del_balde_test.gd > test_la_mancha_fuera_del_encuadre_se_sigue_dibujando PASSED 12ms

  res://test/escenas/objetos/visibilidad_del_agua_del_balde_test.gd > test_el_agua_quieta_se_descarta_sin_consultar_la_camara STARTED
  res://test/escenas/objetos/visibilidad_del_agua_del_balde_test.gd > test_el_agua_quieta_se_descarta_sin_consultar_la_camara PASSED 24ms

Statistics: 10 test cases | 0 errors | 0 failures | 0 flaky | 0 skipped | 0 orphans | PASSED 260ms


Run Test Suite: res://test/escenas/partida_del_usuario_test.gd
  res://test/escenas/partida_del_usuario_test.gd > test_cerrar_una_noche_no_toca_la_partida_del_usuario STARTED
  res://test/escenas/partida_del_usuario_test.gd > test_cerrar_una_noche_no_toca_la_partida_del_usuario PASSED 161ms

  res://test/escenas/partida_del_usuario_test.gd > test_un_caso_deja_un_guardado_en_la_carpeta_de_la_sesion STARTED
  res://test/escenas/partida_del_usuario_test.gd > test_un_caso_deja_un_guardado_en_la_carpeta_de_la_sesion PASSED 9ms

  res://test/escenas/partida_del_usuario_test.gd > test_el_caso_siguiente_arranca_sin_guardado STARTED
  res://test/escenas/partida_del_usuario_test.gd > test_el_caso_siguiente_arranca_sin_guardado PASSED 7ms

Statistics: 3 test cases | 0 errors | 0 failures | 0 flaky | 0 skipped | 0 orphans | PASSED 198ms


Run Test Suite: res://test/escenas/puestos/audio_del_almacen_test.gd
  res://test/escenas/puestos/audio_del_almacen_test.gd > test_los_cuatro_buses_existen_en_el_motor STARTED
  res://test/escenas/puestos/audio_del_almacen_test.gd > test_los_cuatro_buses_existen_en_el_motor PASSED 10ms

  res://test/escenas/puestos/audio_del_almacen_test.gd > test_cada_bus_manda_a_master STARTED
  res://test/escenas/puestos/audio_del_almacen_test.gd > test_cada_bus_manda_a_master PASSED 9ms

  res://test/escenas/puestos/audio_del_almacen_test.gd > test_el_layout_de_buses_apunta_a_un_archivo_que_existe STARTED
  res://test/escenas/puestos/audio_del_almacen_test.gd > test_el_layout_de_buses_apunta_a_un_archivo_que_existe PASSED 9ms

  res://test/escenas/puestos/audio_del_almacen_test.gd > test_ningun_nombre_de_bus_se_escribe_fuera_del_archivo_que_los_declara STARTED
  res://test/escenas/puestos/audio_del_almacen_test.gd > test_ningun_nombre_de_bus_se_escribe_fuera_del_archivo_que_los_declara PASSED 12ms

  res://test/escenas/puestos/audio_del_almacen_test.gd > test_ningun_test_de_este_spec_afirma_sobre_el_estado_de_reproduccion STARTED
  res://test/escenas/puestos/audio_del_almacen_test.gd > test_ningun_test_de_este_spec_afirma_sobre_el_estado_de_reproduccion PASSED 305ms

  res://test/escenas/puestos/audio_del_almacen_test.gd > test_el_detector_acepta_fin_de_tween_y_rechaza_fin_de_audio STARTED
  res://test/escenas/puestos/audio_del_almacen_test.gd > test_el_detector_acepta_fin_de_tween_y_rechaza_fin_de_audio PASSED 10ms

  res://test/escenas/puestos/audio_del_almacen_test.gd > test_la_cascara_no_tiene_una_sola_regla STARTED
  res://test/escenas/puestos/audio_del_almacen_test.gd > test_la_cascara_no_tiene_una_sola_regla PASSED 10ms

  res://test/escenas/puestos/audio_del_almacen_test.gd > test_el_almacen_instancia_el_audio_exactamente_una_vez STARTED
  res://test/escenas/puestos/audio_del_almacen_test.gd > test_el_almacen_instancia_el_audio_exactamente_una_vez PASSED 9ms

  res://test/escenas/puestos/audio_del_almacen_test.gd > test_el_dominio_no_nombra_un_solo_nodo_de_audio STARTED
  res://test/escenas/puestos/audio_del_almacen_test.gd > test_el_dominio_no_nombra_un_solo_nodo_de_audio PASSED 11ms

  res://test/escenas/puestos/audio_del_almacen_test.gd > test_la_cascara_carga_con_sus_dos_sistemas_cableados STARTED
  res://test/escenas/puestos/audio_del_almacen_test.gd > test_la_cascara_carga_con_sus_dos_sistemas_cableados PASSED 10ms

  res://test/escenas/puestos/audio_del_almacen_test.gd > test_cada_senal_de_la_tabla_la_declara_alguien_de_verdad STARTED
  res://test/escenas/puestos/audio_del_almacen_test.gd > test_cada_senal_de_la_tabla_la_declara_alguien_de_verdad PASSED 207ms

  res://test/escenas/puestos/audio_del_almacen_test.gd > test_el_almacen_llega_cableado_al_audio_y_al_agarre STARTED
  res://test/escenas/puestos/audio_del_almacen_test.gd > test_el_almacen_llega_cableado_al_audio_y_al_agarre PASSED 39ms

  res://test/escenas/puestos/audio_del_almacen_test.gd > test_el_cableado_enlaza_las_fuentes_y_arranca_el_ambiente STARTED
  res://test/escenas/puestos/audio_del_almacen_test.gd > test_el_cableado_enlaza_las_fuentes_y_arranca_el_ambiente PASSED 12ms

  res://test/escenas/puestos/audio_del_almacen_test.gd > test_cada_emisor_de_la_tabla_esta_en_la_escena STARTED
  res://test/escenas/puestos/audio_del_almacen_test.gd > test_cada_emisor_de_la_tabla_esta_en_la_escena PASSED 51ms

  res://test/escenas/puestos/audio_del_almacen_test.gd > test_el_ambiente_tiene_sus_emisores_en_la_heladera_y_los_tubos STARTED
  res://test/escenas/puestos/audio_del_almacen_test.gd > test_el_ambiente_tiene_sus_emisores_en_la_heladera_y_los_tubos PASSED 49ms

  res://test/escenas/puestos/audio_del_almacen_test.gd > test_el_jugador_es_una_fuente_del_audio STARTED
  res://test/escenas/puestos/audio_del_almacen_test.gd > test_el_jugador_es_una_fuente_del_audio PASSED 8ms

  res://test/escenas/puestos/audio_del_almacen_test.gd > test_la_jornada_arranca_la_musica_y_el_cierre_la_corta STARTED
  res://test/escenas/puestos/audio_del_almacen_test.gd > test_la_jornada_arranca_la_musica_y_el_cierre_la_corta PASSED 9ms

  res://test/escenas/puestos/audio_del_almacen_test.gd > test_el_balde_y_sus_gestos_suenan_en_el_local_sin_un_rechazo STARTED
  res://test/escenas/puestos/audio_del_almacen_test.gd > test_el_balde_y_sus_gestos_suenan_en_el_local_sin_un_rechazo PASSED 151ms

  res://test/escenas/puestos/audio_del_almacen_test.gd > test_devolver_una_unidad_suena_una_vez_desde_la_mano STARTED
  res://test/escenas/puestos/audio_del_almacen_test.gd > test_devolver_una_unidad_suena_una_vez_desde_la_mano PASSED 136ms

Statistics: 19 test cases | 0 errors | 0 failures | 0 flaky | 0 skipped | 0 orphans | PASSED 1s 161ms


Run Test Suite: res://test/escenas/puestos/bano_publico_test.gd
  res://test/escenas/puestos/bano_publico_test.gd > test_el_agua_de_ambos_lavatorios_llega_hasta_la_pared_de_la_cubeta STARTED
  res://test/escenas/puestos/bano_publico_test.gd > test_el_agua_de_ambos_lavatorios_llega_hasta_la_pared_de_la_cubeta PASSED 153ms

  res://test/escenas/puestos/bano_publico_test.gd > test_los_volumenes_de_los_tanques_coinciden_con_sus_tapas_visibles STARTED
  res://test/escenas/puestos/bano_publico_test.gd > test_los_volumenes_de_los_tanques_coinciden_con_sus_tapas_visibles PASSED 142ms

  res://test/escenas/puestos/bano_publico_test.gd > test_los_lavatorios_y_los_inodoros_tienen_porcelana_clara STARTED
  res://test/escenas/puestos/bano_publico_test.gd > test_los_lavatorios_y_los_inodoros_tienen_porcelana_clara PASSED 135ms

  res://test/escenas/puestos/bano_publico_test.gd > test_el_piso_ampliado_forma_parte_de_la_misma_superficie_del_edificio STARTED
  res://test/escenas/puestos/bano_publico_test.gd > test_el_piso_ampliado_forma_parte_de_la_misma_superficie_del_edificio PASSED 138ms

  res://test/escenas/puestos/bano_publico_test.gd > test_las_paredes_del_bano_tienen_un_plano_continuo_hasta_el_dintel STARTED
  res://test/escenas/puestos/bano_publico_test.gd > test_las_paredes_del_bano_tienen_un_plano_continuo_hasta_el_dintel PASSED 142ms

  res://test/escenas/puestos/bano_publico_test.gd > test_cada_cabina_tiene_una_luminaria_encima_del_inodoro STARTED
  res://test/escenas/puestos/bano_publico_test.gd > test_cada_cabina_tiene_una_luminaria_encima_del_inodoro PASSED 137ms

  res://test/escenas/puestos/bano_publico_test.gd > test_los_lavatorios_dejan_espacio_entre_sus_bordes STARTED
  res://test/escenas/puestos/bano_publico_test.gd > test_los_lavatorios_dejan_espacio_entre_sus_bordes PASSED 136ms

  res://test/escenas/puestos/bano_publico_test.gd > test_la_pared_del_sector_ampliado_no_tiene_caras_superpuestas STARTED
  res://test/escenas/puestos/bano_publico_test.gd > test_la_pared_del_sector_ampliado_no_tiene_caras_superpuestas PASSED 134ms

  res://test/escenas/puestos/bano_publico_test.gd > test_la_pared_ampliada_y_el_hueco_tienen_el_acabado_del_bano STARTED
  res://test/escenas/puestos/bano_publico_test.gd > test_la_pared_ampliada_y_el_hueco_tienen_el_acabado_del_bano PASSED 140ms

  res://test/escenas/puestos/bano_publico_test.gd > test_la_entrada_conserva_la_escala_de_las_otras_puertas_y_un_marco_continuo STARTED
  res://test/escenas/puestos/bano_publico_test.gd > test_la_entrada_conserva_la_escala_de_las_otras_puertas_y_un_marco_continuo PASSED 138ms

  res://test/escenas/puestos/bano_publico_test.gd > test_las_cabinas_tienen_puertas_que_liberan_el_acceso_al_abrirse STARTED
  res://test/escenas/puestos/bano_publico_test.gd > test_las_cabinas_tienen_puertas_que_liberan_el_acceso_al_abrirse PASSED 2s 38ms

  res://test/escenas/puestos/bano_publico_test.gd > test_el_sector_abierto_deja_lugar_para_caminar_y_llevar_el_balde STARTED
  res://test/escenas/puestos/bano_publico_test.gd > test_el_sector_abierto_deja_lugar_para_caminar_y_llevar_el_balde PASSED 137ms

  res://test/escenas/puestos/bano_publico_test.gd > test_los_dos_inodoros_y_lavatorios_se_pueden_usar_para_la_limpieza STARTED
  res://test/escenas/puestos/bano_publico_test.gd > test_los_dos_inodoros_y_lavatorios_se_pueden_usar_para_la_limpieza PASSED 135ms

  res://test/escenas/puestos/bano_publico_test.gd > test_el_sector_antes_cerrado_es_accesible_desde_el_bano STARTED
  res://test/escenas/puestos/bano_publico_test.gd > test_el_sector_antes_cerrado_es_accesible_desde_el_bano PASSED 134ms

  res://test/escenas/puestos/bano_publico_test.gd > test_la_puerta_del_bano_abierta_no_corta_el_recorrido_hacia_las_cabinas STARTED
  res://test/escenas/puestos/bano_publico_test.gd > test_la_puerta_del_bano_abierta_no_corta_el_recorrido_hacia_las_cabinas PASSED 1s 35ms

  res://test/escenas/puestos/bano_publico_test.gd > test_la_entrada_cerrada_no_deja_ver_el_bano_por_los_bordes_de_la_hoja STARTED
  res://test/escenas/puestos/bano_publico_test.gd > test_la_entrada_cerrada_no_deja_ver_el_bano_por_los_bordes_de_la_hoja PASSED 142ms

  res://test/escenas/puestos/bano_publico_test.gd > test_el_acabado_del_bano_no_sobresale_delante_de_la_hoja_cerrada STARTED
  res://test/escenas/puestos/bano_publico_test.gd > test_el_acabado_del_bano_no_sobresale_delante_de_la_hoja_cerrada PASSED 140ms

  res://test/escenas/puestos/bano_publico_test.gd > test_las_hojas_de_cabina_giran_unidas_a_un_soporte_fijo STARTED
  res://test/escenas/puestos/bano_publico_test.gd > test_las_hojas_de_cabina_giran_unidas_a_un_soporte_fijo PASSED 2s 15ms

Statistics: 18 test cases | 0 errors | 0 failures | 0 flaky | 0 skipped | 0 orphans | PASSED 7s 254ms


Run Test Suite: res://test/escenas/puestos/caja_registradora_test.gd
  res://test/escenas/puestos/caja_registradora_test.gd > test_el_derecho_abre_y_cierra_con_los_ocho_estados_de_la_mano STARTED
  res://test/escenas/puestos/caja_registradora_test.gd > test_el_derecho_abre_y_cierra_con_los_ocho_estados_de_la_mano PASSED 261ms

  res://test/escenas/puestos/caja_registradora_test.gd > test_izquierdo_y_examen_vacios_no_abren_y_otras_pantallas_bloquean STARTED
  res://test/escenas/puestos/caja_registradora_test.gd > test_izquierdo_y_examen_vacios_no_abren_y_otras_pantallas_bloquean PASSED 204ms

  res://test/escenas/puestos/caja_registradora_test.gd > test_el_reloj_corre_la_pausa_real_va_encima_y_el_turno_cierra STARTED
  res://test/escenas/puestos/caja_registradora_test.gd > test_el_reloj_corre_la_pausa_real_va_encima_y_el_turno_cierra PASSED 214ms

  res://test/escenas/puestos/caja_registradora_test.gd > test_los_botones_imprimen_copia_y_borrar_repinta_tres_vacios STARTED
  res://test/escenas/puestos/caja_registradora_test.gd > test_los_botones_imprimen_copia_y_borrar_repinta_tres_vacios PASSED 177ms

  res://test/escenas/puestos/caja_registradora_test.gd > test_imprimir_otra_vez_suelta_el_anterior_y_permite_recoger_el_nuevo STARTED
  res://test/escenas/puestos/caja_registradora_test.gd > test_imprimir_otra_vez_suelta_el_anterior_y_permite_recoger_el_nuevo PASSED 2s 35ms

  res://test/escenas/puestos/caja_registradora_test.gd > test_imprimir_otro_con_el_anterior_en_mano_no_lo_descongela STARTED
  res://test/escenas/puestos/caja_registradora_test.gd > test_imprimir_otro_con_el_anterior_en_mano_no_lo_descongela PASSED 1s 16ms

  res://test/escenas/puestos/caja_registradora_test.gd > test_otra_jornada_quita_papeles_del_piso_y_del_examen_y_vacia_el_programa STARTED
  res://test/escenas/puestos/caja_registradora_test.gd > test_otra_jornada_quita_papeles_del_piso_y_del_examen_y_vacia_el_programa PASSED 2s 70ms

  res://test/escenas/puestos/caja_registradora_test.gd > test_caja_lee_imprime_y_entrega_el_ticket_desde_el_mismo_puesto STARTED
  res://test/escenas/puestos/caja_registradora_test.gd > test_caja_lee_imprime_y_entrega_el_ticket_desde_el_mismo_puesto PASSED 1s 245ms

  res://test/escenas/puestos/caja_registradora_test.gd > test_la_caja_manual_abre_sin_escanear_la_unidad_sostenida STARTED
  res://test/escenas/puestos/caja_registradora_test.gd > test_la_caja_manual_abre_sin_escanear_la_unidad_sostenida PASSED 153ms

  res://test/escenas/puestos/caja_registradora_test.gd > test_cada_inodoro_desecha_una_vez_su_ticket_con_foco_real STARTED
  res://test/escenas/puestos/caja_registradora_test.gd > test_cada_inodoro_desecha_una_vez_su_ticket_con_foco_real PASSED 1s 186ms

  res://test/escenas/puestos/caja_registradora_test.gd > test_lavatorios_otros_objetos_y_papel_ajeno_no_se_desechan STARTED
  res://test/escenas/puestos/caja_registradora_test.gd > test_lavatorios_otros_objetos_y_papel_ajeno_no_se_desechan PASSED 1s 580ms

  res://test/escenas/puestos/caja_registradora_test.gd > test_balde_vacia_y_mopa_enjuaga_en_ambos_inodoros_sin_descarte STARTED
  res://test/escenas/puestos/caja_registradora_test.gd > test_balde_vacia_y_mopa_enjuaga_en_ambos_inodoros_sin_descarte PASSED 1s 265ms

  res://test/escenas/puestos/caja_registradora_test.gd > test_izquierdo_suelta_y_examen_suspende_sin_desechar STARTED
  res://test/escenas/puestos/caja_registradora_test.gd > test_izquierdo_suelta_y_examen_suspende_sin_desechar PASSED 1s 190ms

  res://test/escenas/puestos/caja_registradora_test.gd > test_proxima_jornada_limpia_restantes_sin_repetir_ticket_desechado STARTED
  res://test/escenas/puestos/caja_registradora_test.gd > test_proxima_jornada_limpia_restantes_sin_repetir_ticket_desechado PASSED 1s 185ms

Statistics: 14 test cases | 0 errors | 0 failures | 0 flaky | 0 skipped | 0 orphans | PASSED 13s 853ms


Run Test Suite: res://test/escenas/puestos/contenedor_de_basura_test.gd
  res://test/escenas/puestos/contenedor_de_basura_test.gd > test_la_boca_abierta_no_tiene_una_tapa_de_colision_invisible STARTED
  res://test/escenas/puestos/contenedor_de_basura_test.gd > test_la_boca_abierta_no_tiene_una_tapa_de_colision_invisible PASSED 136ms

  res://test/escenas/puestos/contenedor_de_basura_test.gd > test_el_cuerpo_del_contenedor_frena_un_rayo_desde_el_pasillo STARTED
  res://test/escenas/puestos/contenedor_de_basura_test.gd > test_el_cuerpo_del_contenedor_frena_un_rayo_desde_el_pasillo PASSED 136ms

  res://test/escenas/puestos/contenedor_de_basura_test.gd > test_una_bolsa_soltada_por_la_boca_se_recoge_y_se_tira_despues STARTED
  res://test/escenas/puestos/contenedor_de_basura_test.gd > test_una_bolsa_soltada_por_la_boca_se_recoge_y_se_tira_despues PASSED 150ms

  res://test/escenas/puestos/contenedor_de_basura_test.gd > test_cerrar_tapa_bloquea_la_boca_y_abrir_la_deja_libre STARTED
  res://test/escenas/puestos/contenedor_de_basura_test.gd > test_cerrar_tapa_bloquea_la_boca_y_abrir_la_deja_libre PASSED 143ms

  res://test/escenas/puestos/contenedor_de_basura_test.gd > test_clic_derecho_sobre_el_cuerpo_tambien_alterna_la_tapa STARTED
  res://test/escenas/puestos/contenedor_de_basura_test.gd > test_clic_derecho_sobre_el_cuerpo_tambien_alterna_la_tapa PASSED 140ms

  res://test/escenas/puestos/contenedor_de_basura_test.gd > test_bolsa_con_tapa_cerrada_se_conserva_hasta_el_clic_abierta STARTED
  res://test/escenas/puestos/contenedor_de_basura_test.gd > test_bolsa_con_tapa_cerrada_se_conserva_hasta_el_clic_abierta PASSED 146ms

  res://test/escenas/puestos/contenedor_de_basura_test.gd > test_reiniciar_restaura_tapa_abierta STARTED
  res://test/escenas/puestos/contenedor_de_basura_test.gd > test_reiniciar_restaura_tapa_abierta PASSED 139ms

  res://test/escenas/puestos/contenedor_de_basura_test.gd > test_la_tapa_se_detiene_ante_un_objeto_y_continua_cuando_se_retira STARTED
  res://test/escenas/puestos/contenedor_de_basura_test.gd > test_la_tapa_se_detiene_ante_un_objeto_y_continua_cuando_se_retira PASSED 3s 310ms

  res://test/escenas/puestos/contenedor_de_basura_test.gd > test_las_paredes_contienen_la_tolerancia_de_penetracion_del_motor STARTED
  res://test/escenas/puestos/contenedor_de_basura_test.gd > test_las_paredes_contienen_la_tolerancia_de_penetracion_del_motor PASSED 140ms

  res://test/escenas/puestos/contenedor_de_basura_test.gd > test_el_contenedor_fijo_conserva_los_viajes_del_local_y_las_bolsas STARTED
  res://test/escenas/puestos/contenedor_de_basura_test.gd > test_el_contenedor_fijo_conserva_los_viajes_del_local_y_las_bolsas PASSED 140ms

Statistics: 10 test cases | 0 errors | 0 failures | 0 flaky | 0 skipped | 0 orphans | PASSED 4s 626ms


Run Test Suite: res://test/escenas/puestos/disposicion_de_la_gondola_test.gd
  res://test/escenas/puestos/disposicion_de_la_gondola_test.gd > test_una_fila_es_entera_de_casilleros_y_dos_conservan_la_de_atras STARTED
  res://test/escenas/puestos/disposicion_de_la_gondola_test.gd > test_una_fila_es_entera_de_casilleros_y_dos_conservan_la_de_atras PASSED 6ms

  res://test/escenas/puestos/disposicion_de_la_gondola_test.gd > test_un_bloque_que_no_tiene_una_o_dos_filas_nombra_el_recurso STARTED
ERROR: DisposicionDeLaGondola disposicion_erronea: el bloque 0 tiene 3 copias para 2 casilleros
   at: push_error (core/variant/variant_utility.cpp:1023)
   GDScript backtrace (most recent call first):
       [0] primera_reponible (res://src/escenas/puestos/disposicion_de_la_gondola.gd:48)
       [1] <anonymous lambda> (res://test/escenas/puestos/disposicion_de_la_gondola_test.gd:29)
       [2] _execute (res://addons/gdUnit4/src/asserts/GdUnitGodotErrorAssertImpl.gd:17)
       [3] is_push_error (res://addons/gdUnit4/src/asserts/GdUnitGodotErrorAssertImpl.gd:132)
       [4] test_un_bloque_que_no_tiene_una_o_dos_filas_nombra_el_recurso (res://test/escenas/puestos/disposicion_de_la_gondola_test.gd:28)
       [5] _execute_test_case (res://addons/gdUnit4/src/core/_TestCase.gd:79)
       [6] execute (res://addons/gdUnit4/src/core/_TestCase.gd:40)
       [7] _execute (res://addons/gdUnit4/src/core/execution/stages/single/GdUnitTestCaseSingleTestStage.gd:10)
       [8] execute (res://addons/gdUnit4/src/core/execution/stages/IGdUnitExecutionStage.gd:19)
       [9] _execute (res://addons/gdUnit4/src/core/execution/stages/single/GdUnitTestCaseSingleExecutionStage.gd:17)
       [10] execute (res://addons/gdUnit4/src/core/execution/stages/IGdUnitExecutionStage.gd:19)
       [11] _execute (res://addons/gdUnit4/src/core/execution/stages/GdUnitTestCaseExecutionStage.gd:26)
       [12] execute (res://addons/gdUnit4/src/core/execution/stages/IGdUnitExecutionStage.gd:19)
       [13] _execute (res://addons/gdUnit4/src/core/execution/stages/GdUnitTestSuiteExecutionStage.gd:36)
       [14] execute (res://addons/gdUnit4/src/core/execution/stages/IGdUnitExecutionStage.gd:19)
       [15] _execute (res://addons/gdUnit4/src/core/execution/stages/GdUnitTestCaseExecutionStage.gd:35)
       [16] execute (res://addons/gdUnit4/src/core/execution/stages/IGdUnitExecutionStage.gd:19)
       [17] _execute (res://addons/gdUnit4/src/core/execution/stages/single/GdUnitTestCaseSingleExecutionStage.gd:28)
       [18] execute (res://addons/gdUnit4/src/core/execution/stages/IGdUnitExecutionStage.gd:19)
       [19] _execute (res://addons/gdUnit4/src/core/execution/stages/single/GdUnitTestCaseSingleTestStage.gd:10)
       [20] execute (res://addons/gdUnit4/src/core/_TestCase.gd:41)
       [21] test_completed (res://addons/gdUnit4/src/core/_TestCase.gd:86)
  res://test/escenas/puestos/disposicion_de_la_gondola_test.gd > test_un_bloque_que_no_tiene_una_o_dos_filas_nombra_el_recurso PASSED 10ms

  res://test/escenas/puestos/disposicion_de_la_gondola_test.gd > test_hay_un_bloque_principal_por_producto STARTED
  res://test/escenas/puestos/disposicion_de_la_gondola_test.gd > test_hay_un_bloque_principal_por_producto PASSED 9ms

  res://test/escenas/puestos/disposicion_de_la_gondola_test.gd > test_cada_producto_declara_su_fila_de_adelante STARTED
  res://test/escenas/puestos/disposicion_de_la_gondola_test.gd > test_cada_producto_declara_su_fila_de_adelante PASSED 6ms

  res://test/escenas/puestos/disposicion_de_la_gondola_test.gd > test_cada_producto_tiene_casilleros_y_entran_en_su_bloque STARTED
  res://test/escenas/puestos/disposicion_de_la_gondola_test.gd > test_cada_producto_tiene_casilleros_y_entran_en_su_bloque PASSED 8ms

  res://test/escenas/puestos/disposicion_de_la_gondola_test.gd > test_ningun_faltante_de_ninguna_jornada_pasa_de_su_fila STARTED
  res://test/escenas/puestos/disposicion_de_la_gondola_test.gd > test_ningun_faltante_de_ninguna_jornada_pasa_de_su_fila PASSED 7ms

  res://test/escenas/puestos/disposicion_de_la_gondola_test.gd > test_la_tanda_tiene_dos_filas_y_el_cupo_entra_en_la_de_adelante STARTED
  res://test/escenas/puestos/disposicion_de_la_gondola_test.gd > test_la_tanda_tiene_dos_filas_y_el_cupo_entra_en_la_de_adelante PASSED 13ms

  res://test/escenas/puestos/disposicion_de_la_gondola_test.gd > test_la_tanda_de_cada_producto_esta_junta_sobre_un_solo_estante STARTED
  res://test/escenas/puestos/disposicion_de_la_gondola_test.gd > test_la_tanda_de_cada_producto_esta_junta_sobre_un_solo_estante PASSED 22ms

  res://test/escenas/puestos/disposicion_de_la_gondola_test.gd > test_el_frente_va_de_la_fila_de_atras_a_la_de_adelante STARTED
  res://test/escenas/puestos/disposicion_de_la_gondola_test.gd > test_el_frente_va_de_la_fila_de_atras_a_la_de_adelante PASSED 11ms

  res://test/escenas/puestos/disposicion_de_la_gondola_test.gd > test_una_fila_tiene_frente_por_el_orden_de_sus_columnas STARTED
  res://test/escenas/puestos/disposicion_de_la_gondola_test.gd > test_una_fila_tiene_frente_por_el_orden_de_sus_columnas PASSED 10ms

  res://test/escenas/puestos/disposicion_de_la_gondola_test.gd > test_hay_una_malla_por_bloque_de_guia STARTED
  res://test/escenas/puestos/disposicion_de_la_gondola_test.gd > test_hay_una_malla_por_bloque_de_guia PASSED 8ms

Statistics: 11 test cases | 0 errors | 0 failures | 0 flaky | 0 skipped | 0 orphans | PASSED 165ms


Run Test Suite: res://test/escenas/puestos/escritorio_test.gd
  res://test/escenas/puestos/escritorio_test.gd > test_el_escritorio_esta_en_el_grupo_que_la_mira_puede_enfocar STARTED
  res://test/escenas/puestos/escritorio_test.gd > test_el_escritorio_esta_en_el_grupo_que_la_mira_puede_enfocar PASSED 36ms

  res://test/escenas/puestos/escritorio_test.gd > test_el_almacen_instancia_el_escritorio_exactamente_una_vez STARTED
  res://test/escenas/puestos/escritorio_test.gd > test_el_almacen_instancia_el_escritorio_exactamente_una_vez PASSED 38ms

  res://test/escenas/puestos/escritorio_test.gd > test_el_escritorio_recibe_al_jugador_y_al_reloj_por_export STARTED
  res://test/escenas/puestos/escritorio_test.gd > test_el_escritorio_recibe_al_jugador_y_al_reloj_por_export PASSED 10ms

  res://test/escenas/puestos/escritorio_test.gd > test_el_jugador_expone_las_dos_lineas_que_este_spec_necesita STARTED
  res://test/escenas/puestos/escritorio_test.gd > test_el_jugador_expone_las_dos_lineas_que_este_spec_necesita PASSED 10ms

  res://test/escenas/puestos/escritorio_test.gd > test_del_escritorio_se_sale_con_el_clic_derecho_y_no_con_cancelar STARTED
  res://test/escenas/puestos/escritorio_test.gd > test_del_escritorio_se_sale_con_el_clic_derecho_y_no_con_cancelar PASSED 9ms

  res://test/escenas/puestos/escritorio_test.gd > test_el_clic_derecho_llega_aunque_la_pantalla_tape_el_viewport STARTED
  res://test/escenas/puestos/escritorio_test.gd > test_el_clic_derecho_llega_aunque_la_pantalla_tape_el_viewport PASSED 12ms

  res://test/escenas/puestos/escritorio_test.gd > test_el_cierre_usa_la_accion_compartida STARTED
  res://test/escenas/puestos/escritorio_test.gd > test_el_cierre_usa_la_accion_compartida PASSED 11ms

  res://test/escenas/puestos/escritorio_test.gd > test_tocar_el_escritorio_suspende_al_jugador_y_no_entrega_nada STARTED
  res://test/escenas/puestos/escritorio_test.gd > test_tocar_el_escritorio_suspende_al_jugador_y_no_entrega_nada PASSED 43ms

Statistics: 8 test cases | 0 errors | 0 failures | 0 flaky | 0 skipped | 0 orphans | PASSED 224ms


Run Test Suite: res://test/escenas/puestos/estante_test.gd
  res://test/escenas/puestos/estante_test.gd > test_el_estante_dibuja_un_hueco_por_producto_del_catalogo STARTED
  res://test/escenas/puestos/estante_test.gd > test_el_estante_dibuja_un_hueco_por_producto_del_catalogo PASSED 155ms

  res://test/escenas/puestos/estante_test.gd > test_los_huecos_visibles_son_los_que_dice_el_dominio STARTED
  res://test/escenas/puestos/estante_test.gd > test_los_huecos_visibles_son_los_que_dice_el_dominio PASSED 35ms

  res://test/escenas/puestos/estante_test.gd > test_el_estante_arranca_sin_un_solo_hueco_puesto STARTED
  res://test/escenas/puestos/estante_test.gd > test_el_estante_arranca_sin_un_solo_hueco_puesto PASSED 34ms

  res://test/escenas/puestos/estante_test.gd > test_el_estante_de_la_escena_no_lleva_el_stock_adentro STARTED
  res://test/escenas/puestos/estante_test.gd > test_el_estante_de_la_escena_no_lleva_el_stock_adentro PASSED 7ms

  res://test/escenas/puestos/estante_test.gd > test_el_estante_contesta_el_contrato_de_interaccion STARTED
  res://test/escenas/puestos/estante_test.gd > test_el_estante_contesta_el_contrato_de_interaccion PASSED 35ms

Statistics: 5 test cases | 0 errors | 0 failures | 0 flaky | 0 skipped | 0 orphans | PASSED 301ms


Run Test Suite: res://test/escenas/puestos/estructura_del_almacen_test.gd
  res://test/escenas/puestos/estructura_del_almacen_test.gd > test_las_dos_gondolas_del_medio_tienen_el_mismo_ancho_de_contorno STARTED
  res://test/escenas/puestos/estructura_del_almacen_test.gd > test_las_dos_gondolas_del_medio_tienen_el_mismo_ancho_de_contorno PASSED 15ms

  res://test/escenas/puestos/estructura_del_almacen_test.gd > test_la_estructura_carga_y_su_raiz_se_llama_estructura STARTED
  res://test/escenas/puestos/estructura_del_almacen_test.gd > test_la_estructura_carga_y_su_raiz_se_llama_estructura PASSED 17ms

  res://test/escenas/puestos/estructura_del_almacen_test.gd > test_el_modelo_entro_con_sus_mallas STARTED
  res://test/escenas/puestos/estructura_del_almacen_test.gd > test_el_modelo_entro_con_sus_mallas PASSED 17ms

  res://test/escenas/puestos/estructura_del_almacen_test.gd > test_los_muebles_y_el_edificio_conservan_su_colision STARTED
  res://test/escenas/puestos/estructura_del_almacen_test.gd > test_los_muebles_y_el_edificio_conservan_su_colision PASSED 16ms

  res://test/escenas/puestos/estructura_del_almacen_test.gd > test_la_regla_del_sufijo_sabe_ver_una_malla_sin_colision STARTED
  res://test/escenas/puestos/estructura_del_almacen_test.gd > test_la_regla_del_sufijo_sabe_ver_una_malla_sin_colision PASSED 8ms

  res://test/escenas/puestos/estructura_del_almacen_test.gd > test_la_cascara_del_edificio_esta_y_frena_al_jugador STARTED
  res://test/escenas/puestos/estructura_del_almacen_test.gd > test_la_cascara_del_edificio_esta_y_frena_al_jugador PASSED 16ms

  res://test/escenas/puestos/estructura_del_almacen_test.gd > test_el_edificio_no_vino_con_la_escala_rota STARTED
  res://test/escenas/puestos/estructura_del_almacen_test.gd > test_el_edificio_no_vino_con_la_escala_rota PASSED 16ms

  res://test/escenas/puestos/estructura_del_almacen_test.gd > test_los_muebles_funcionales_conservan_sus_nombres STARTED
  res://test/escenas/puestos/estructura_del_almacen_test.gd > test_los_muebles_funcionales_conservan_sus_nombres PASSED 14ms

  res://test/escenas/puestos/estructura_del_almacen_test.gd > test_el_colisionador_de_un_anclaje_cuelga_del_nodo_que_lo_nombra STARTED
  res://test/escenas/puestos/estructura_del_almacen_test.gd > test_el_colisionador_de_un_anclaje_cuelga_del_nodo_que_lo_nombra PASSED 157ms

  res://test/escenas/puestos/estructura_del_almacen_test.gd > test_las_paredes_con_volumen_dejan_libres_los_vanos STARTED
  res://test/escenas/puestos/estructura_del_almacen_test.gd > test_las_paredes_con_volumen_dejan_libres_los_vanos PASSED 135ms

  res://test/escenas/puestos/estructura_del_almacen_test.gd > test_el_rincon_del_mostrador_sigue_libre_para_el_empleado STARTED
  res://test/escenas/puestos/estructura_del_almacen_test.gd > test_el_rincon_del_mostrador_sigue_libre_para_el_empleado PASSED 138ms

Statistics: 11 test cases | 0 errors | 0 failures | 0 flaky | 0 skipped | 0 orphans | PASSED 620ms


Run Test Suite: res://test/escenas/puestos/exterior_del_almacen_test.gd
  res://test/escenas/puestos/exterior_del_almacen_test.gd > test_el_pavimento_alcanza_el_umbral_sin_desnivel STARTED
  res://test/escenas/puestos/exterior_del_almacen_test.gd > test_el_pavimento_alcanza_el_umbral_sin_desnivel PASSED 136ms

  res://test/escenas/puestos/exterior_del_almacen_test.gd > test_el_pavimento_no_se_superpone_con_el_piso_del_local STARTED
  res://test/escenas/puestos/exterior_del_almacen_test.gd > test_el_pavimento_no_se_superpone_con_el_piso_del_local PASSED 135ms

  res://test/escenas/puestos/exterior_del_almacen_test.gd > test_la_vereda_y_la_playa_no_entran_al_deposito_ni_al_bano STARTED
  res://test/escenas/puestos/exterior_del_almacen_test.gd > test_la_vereda_y_la_playa_no_entran_al_deposito_ni_al_bano PASSED 131ms

  res://test/escenas/puestos/exterior_del_almacen_test.gd > test_los_objetos_de_la_foto_descansan_sobre_el_pavimento STARTED
  res://test/escenas/puestos/exterior_del_almacen_test.gd > test_los_objetos_de_la_foto_descansan_sobre_el_pavimento PASSED 133ms

  res://test/escenas/puestos/exterior_del_almacen_test.gd > test_el_local_de_la_foto_no_se_duplica_afuera_del_almacen STARTED
  res://test/escenas/puestos/exterior_del_almacen_test.gd > test_el_local_de_la_foto_no_se_duplica_afuera_del_almacen PASSED 134ms

Statistics: 5 test cases | 0 errors | 0 failures | 0 flaky | 0 skipped | 0 orphans | PASSED 701ms


Run Test Suite: res://test/escenas/puestos/habitaciones_del_almacen_test.gd
  res://test/escenas/puestos/habitaciones_del_almacen_test.gd > test_clasifica_las_tres_habitaciones_con_lector_trasladado STARTED
  res://test/escenas/puestos/habitaciones_del_almacen_test.gd > test_clasifica_las_tres_habitaciones_con_lector_trasladado PASSED 10ms

  res://test/escenas/puestos/habitaciones_del_almacen_test.gd > test_la_envolvente_mundial_no_agranda_una_habitacion_rotada STARTED
  res://test/escenas/puestos/habitaciones_del_almacen_test.gd > test_la_envolvente_mundial_no_agranda_una_habitacion_rotada PASSED 11ms

  res://test/escenas/puestos/habitaciones_del_almacen_test.gd > test_compone_traslacion_y_rotacion_de_un_padre_real STARTED
  res://test/escenas/puestos/habitaciones_del_almacen_test.gd > test_compone_traslacion_y_rotacion_de_un_padre_real PASSED 10ms

  res://test/escenas/puestos/habitaciones_del_almacen_test.gd > test_la_union_compuesta_conserva_techo_y_ancho_del_paso_bajo_un_padre STARTED
  res://test/escenas/puestos/habitaciones_del_almacen_test.gd > test_la_union_compuesta_conserva_techo_y_ancho_del_paso_bajo_un_padre PASSED 10ms

Statistics: 4 test cases | 0 errors | 0 failures | 0 flaky | 0 skipped | 0 orphans | PASSED 70ms


Run Test Suite: res://test/escenas/puestos/heladeras_del_local_test.gd
  res://test/escenas/puestos/heladeras_del_local_test.gd > test_las_hojas_tienen_marcos_negros_y_vidrio_transparente STARTED
  res://test/escenas/puestos/heladeras_del_local_test.gd > test_las_hojas_tienen_marcos_negros_y_vidrio_transparente PASSED 160ms

  res://test/escenas/puestos/heladeras_del_local_test.gd > test_abrir_cada_heladera_libera_el_rayo_hacia_sus_productos STARTED
WARNING: Rescate: `ObjetoAgarrable` estaba adentro de `CuerpoDeLaHoja` en (-1.87956, 1.290243, -6.623733); va a ALREDEDOR
   at: push_warning (core/variant/variant_utility.cpp:1033)
   GDScript backtrace (most recent call first):
       [0] revisar (res://src/sistemas/marco/red_de_seguridad.gd:101)
       [1] _al_quedar_quieta (res://src/sistemas/marco/red_de_seguridad.gd:149)
       [2] cerrar_de_golpe (res://src/escenas/puestos/puerta_del_local.gd:110)
       [3] test_abrir_cada_heladera_libera_el_rayo_hacia_sus_productos (res://test/escenas/puestos/heladeras_del_local_test.gd:71)
  res://test/escenas/puestos/heladeras_del_local_test.gd > test_abrir_cada_heladera_libera_el_rayo_hacia_sus_productos PASSED 2s 70ms

  res://test/escenas/puestos/heladeras_del_local_test.gd > test_la_heladera_fuera_de_servicio_conserva_la_puerta_trabada STARTED
  res://test/escenas/puestos/heladeras_del_local_test.gd > test_la_heladera_fuera_de_servicio_conserva_la_puerta_trabada PASSED 1s 30ms

  res://test/escenas/puestos/heladeras_del_local_test.gd > test_el_nuevo_turno_cierra_las_heladeras_activas STARTED
  res://test/escenas/puestos/heladeras_del_local_test.gd > test_el_nuevo_turno_cierra_las_heladeras_activas PASSED 1s 31ms

  res://test/escenas/puestos/heladeras_del_local_test.gd > test_los_botones_del_jugador_abren_y_cierran_con_el_derecho STARTED
  res://test/escenas/puestos/heladeras_del_local_test.gd > test_los_botones_del_jugador_abren_y_cierran_con_el_derecho PASSED 1s 205ms

Statistics: 5 test cases | 0 errors | 0 failures | 0 flaky | 0 skipped | 0 orphans | PASSED 5s 526ms


Run Test Suite: res://test/escenas/puestos/lector_test.gd
  res://test/escenas/puestos/lector_test.gd > test_el_lector_anota_la_unidad_con_el_programa_cerrado_y_conserva_la_mano STARTED
  res://test/escenas/puestos/lector_test.gd > test_el_lector_anota_la_unidad_con_el_programa_cerrado_y_conserva_la_mano PASSED 162ms

  res://test/escenas/puestos/lector_test.gd > test_los_seis_objetos_se_rechazan_y_siguen_en_la_mano STARTED
  res://test/escenas/puestos/lector_test.gd > test_los_seis_objetos_se_rechazan_y_siguen_en_la_mano PASSED 157ms

  res://test/escenas/puestos/lector_test.gd > test_las_manos_vacias_y_los_otros_gestos_no_leen STARTED
  res://test/escenas/puestos/lector_test.gd > test_las_manos_vacias_y_los_otros_gestos_no_leen PASSED 146ms

  res://test/escenas/puestos/lector_test.gd > test_escaneo_con_foco_real_carga_la_caja_y_permite_imprimir STARTED
  res://test/escenas/puestos/lector_test.gd > test_escaneo_con_foco_real_carga_la_caja_y_permite_imprimir PASSED 166ms

  res://test/escenas/puestos/lector_test.gd > test_los_eventos_reales_piden_escaneo_error_impresion_y_botones STARTED
  res://test/escenas/puestos/lector_test.gd > test_los_eventos_reales_piden_escaneo_error_impresion_y_botones PASSED 154ms

  res://test/escenas/puestos/lector_test.gd > test_la_tres_vacia_y_la_uno_recupera_la_lectura STARTED
  res://test/escenas/puestos/lector_test.gd > test_la_tres_vacia_y_la_uno_recupera_la_lectura PASSED 178ms

  res://test/escenas/puestos/lector_test.gd > test_el_hueco_con_unidad_caja_y_mano_vacia_no_avisa_ni_anota STARTED
  res://test/escenas/puestos/lector_test.gd > test_el_hueco_con_unidad_caja_y_mano_vacia_no_avisa_ni_anota PASSED 167ms

  res://test/escenas/puestos/lector_test.gd > test_la_partida_retomada_en_cuatro_es_manual_y_una_nueva_es_automatica STARTED
  res://test/escenas/puestos/lector_test.gd > test_la_partida_retomada_en_cuatro_es_manual_y_una_nueva_es_automatica PASSED 268ms

  res://test/escenas/puestos/lector_test.gd > test_el_popup_pausa_y_reanuda_programa_y_mano STARTED
  res://test/escenas/puestos/lector_test.gd > test_el_popup_pausa_y_reanuda_programa_y_mano PASSED 192ms

Statistics: 9 test cases | 0 errors | 0 failures | 0 flaky | 0 skipped | 0 orphans | PASSED 1s 645ms


Run Test Suite: res://test/escenas/puestos/notas_del_almacen_test.gd
  res://test/escenas/puestos/notas_del_almacen_test.gd > test_las_cinco_hojas_abren_su_propio_dato_y_cierran_con_el_derecho STARTED
  res://test/escenas/puestos/notas_del_almacen_test.gd > test_las_cinco_hojas_abren_su_propio_dato_y_cierran_con_el_derecho PASSED 207ms

  res://test/escenas/puestos/notas_del_almacen_test.gd > test_cada_objeto_sigue_en_la_mano_al_leer_y_salir STARTED
  res://test/escenas/puestos/notas_del_almacen_test.gd > test_cada_objeto_sigue_en_la_mano_al_leer_y_salir PASSED 212ms

  res://test/escenas/puestos/notas_del_almacen_test.gd > test_otras_pantallas_impiden_abrir_otra_hoja STARTED
  res://test/escenas/puestos/notas_del_almacen_test.gd > test_otras_pantallas_impiden_abrir_otra_hoja PASSED 159ms

  res://test/escenas/puestos/notas_del_almacen_test.gd > test_cerrar_el_turno_quita_la_nota_y_deja_la_placa STARTED
  res://test/escenas/puestos/notas_del_almacen_test.gd > test_cerrar_el_turno_quita_la_nota_y_deja_la_placa PASSED 140ms

  res://test/escenas/puestos/notas_del_almacen_test.gd > test_cada_hoja_se_enfoca_desde_un_lugar_transitable_y_se_lee STARTED
  res://test/escenas/puestos/notas_del_almacen_test.gd > test_cada_hoja_se_enfoca_desde_un_lugar_transitable_y_se_lee PASSED 338ms

  res://test/escenas/puestos/notas_del_almacen_test.gd > test_leer_continua_el_reloj_y_la_pausa_se_dibuja_encima STARTED
  res://test/escenas/puestos/notas_del_almacen_test.gd > test_leer_continua_el_reloj_y_la_pausa_se_dibuja_encima PASSED 164ms

  res://test/escenas/puestos/notas_del_almacen_test.gd > test_izquierdo_y_examen_no_abren_la_hoja_y_la_mano_cargada_suelta STARTED
  res://test/escenas/puestos/notas_del_almacen_test.gd > test_izquierdo_y_examen_no_abren_la_hoja_y_la_mano_cargada_suelta PASSED 140ms

  res://test/escenas/puestos/notas_del_almacen_test.gd > test_la_hoja_abierta_no_se_reemplaza_por_otro_foco STARTED
  res://test/escenas/puestos/notas_del_almacen_test.gd > test_la_hoja_abierta_no_se_reemplaza_por_otro_foco PASSED 136ms

  res://test/escenas/puestos/notas_del_almacen_test.gd > test_el_corcho_ofrece_las_dos_notas_con_contenido STARTED
  res://test/escenas/puestos/notas_del_almacen_test.gd > test_el_corcho_ofrece_las_dos_notas_con_contenido PASSED 142ms

Statistics: 9 test cases | 0 errors | 0 failures | 0 flaky | 0 skipped | 0 orphans | PASSED 1s 693ms


Run Test Suite: res://test/escenas/puestos/puerta_del_local_test.gd
  res://test/escenas/puestos/puerta_del_local_test.gd > test_las_dos_puertas_cumplen_el_contrato_de_interaccion STARTED
  res://test/escenas/puestos/puerta_del_local_test.gd > test_las_dos_puertas_cumplen_el_contrato_de_interaccion PASSED 36ms

  res://test/escenas/puestos/puerta_del_local_test.gd > test_usar_abre_la_puerta_y_no_se_la_lleva_en_la_mano STARTED
  res://test/escenas/puestos/puerta_del_local_test.gd > test_usar_abre_la_puerta_y_no_se_la_lleva_en_la_mano PASSED 38ms

  res://test/escenas/puestos/puerta_del_local_test.gd > test_el_vano_se_cruza_solo_con_la_puerta_abierta STARTED
  res://test/escenas/puestos/puerta_del_local_test.gd > test_el_vano_se_cruza_solo_con_la_puerta_abierta PASSED 621ms

  res://test/escenas/puestos/puerta_del_local_test.gd > test_la_hoja_gira_sobre_su_borde_y_no_sobre_su_centro STARTED
  res://test/escenas/puestos/puerta_del_local_test.gd > test_la_hoja_gira_sobre_su_borde_y_no_sobre_su_centro PASSED 541ms

  res://test/escenas/puestos/puerta_del_local_test.gd > test_un_herraje_que_amplia_la_malla_no_cambia_el_eje_indicado STARTED
  res://test/escenas/puestos/puerta_del_local_test.gd > test_un_herraje_que_amplia_la_malla_no_cambia_el_eje_indicado PASSED 1s 16ms

  res://test/escenas/puestos/puerta_del_local_test.gd > test_la_hoja_abierta_entra_al_cuarto_y_no_al_local STARTED
  res://test/escenas/puestos/puerta_del_local_test.gd > test_la_hoja_abierta_entra_al_cuarto_y_no_al_local PASSED 555ms

  res://test/escenas/puestos/puerta_del_local_test.gd > test_cerrar_de_golpe_pone_la_hoja_en_su_lugar_en_el_mismo_paso STARTED
  res://test/escenas/puestos/puerta_del_local_test.gd > test_cerrar_de_golpe_pone_la_hoja_en_su_lugar_en_el_mismo_paso PASSED 180ms

  res://test/escenas/puestos/puerta_del_local_test.gd > test_tres_puertas_estan_trabadas_y_las_dos_interiores_no STARTED
  res://test/escenas/puestos/puerta_del_local_test.gd > test_tres_puertas_estan_trabadas_y_las_dos_interiores_no PASSED 34ms

  res://test/escenas/puestos/puerta_del_local_test.gd > test_cada_trabada_se_enfoca_desde_el_piso_libre STARTED
  res://test/escenas/puestos/puerta_del_local_test.gd > test_cada_trabada_se_enfoca_desde_el_piso_libre PASSED 140ms

  res://test/escenas/puestos/puerta_del_local_test.gd > test_tocar_una_trabada_diez_veces_avisa_diez_veces_y_no_gira STARTED
  res://test/escenas/puestos/puerta_del_local_test.gd > test_tocar_una_trabada_diez_veces_avisa_diez_veces_y_no_gira PASSED 159ms

  res://test/escenas/puestos/puerta_del_local_test.gd > test_dos_toques_seguidos_avisan_abrir_y_despues_cerrar STARTED
  res://test/escenas/puestos/puerta_del_local_test.gd > test_dos_toques_seguidos_avisan_abrir_y_despues_cerrar PASSED 999ms

  res://test/escenas/puestos/puerta_del_local_test.gd > test_cerrar_al_abrir_la_jornada_no_avisa STARTED
  res://test/escenas/puestos/puerta_del_local_test.gd > test_cerrar_al_abrir_la_jornada_no_avisa PASSED 144ms

  res://test/escenas/puestos/puerta_del_local_test.gd > test_solo_el_clic_derecho_acciona_las_puertas_y_sus_sonidos STARTED
  res://test/escenas/puestos/puerta_del_local_test.gd > test_solo_el_clic_derecho_acciona_las_puertas_y_sus_sonidos PASSED 149ms

  res://test/escenas/puestos/puerta_del_local_test.gd > test_cada_puerta_pide_su_sonido_al_tocarla STARTED
  res://test/escenas/puestos/puerta_del_local_test.gd > test_cada_puerta_pide_su_sonido_al_tocarla PASSED 145ms

  res://test/escenas/puestos/puerta_del_local_test.gd > test_cada_cuerpo_queda_adentro_de_su_hoja STARTED
  res://test/escenas/puestos/puerta_del_local_test.gd > test_cada_cuerpo_queda_adentro_de_su_hoja PASSED 137ms

  res://test/escenas/puestos/puerta_del_local_test.gd > test_las_puertas_suenan_desde_la_puerta_con_su_audio STARTED
  res://test/escenas/puestos/puerta_del_local_test.gd > test_las_puertas_suenan_desde_la_puerta_con_su_audio PASSED 36ms

Statistics: 16 test cases | 0 errors | 0 failures | 0 flaky | 0 skipped | 0 orphans | PASSED 5s 27ms


Run Test Suite: res://test/escenas/puestos/reloj_de_mesa_test.gd
  res://test/escenas/puestos/reloj_de_mesa_test.gd > test_el_display_dice_exactamente_lo_que_contesta_el_dominio STARTED
  res://test/escenas/puestos/reloj_de_mesa_test.gd > test_el_display_dice_exactamente_lo_que_contesta_el_dominio PASSED 9ms

  res://test/escenas/puestos/reloj_de_mesa_test.gd > test_pasada_la_mitad_de_la_noche_que_falla_el_display_queda_en_blanco STARTED
  res://test/escenas/puestos/reloj_de_mesa_test.gd > test_pasada_la_mitad_de_la_noche_que_falla_el_display_queda_en_blanco PASSED 8ms

  res://test/escenas/puestos/reloj_de_mesa_test.gd > test_el_display_no_gira_hacia_la_camara STARTED
  res://test/escenas/puestos/reloj_de_mesa_test.gd > test_el_display_no_gira_hacia_la_camara PASSED 8ms

Statistics: 3 test cases | 0 errors | 0 failures | 0 flaky | 0 skipped | 0 orphans | PASSED 46ms


Run Test Suite: res://test/escenas/puestos/tapa_del_contenedor_test.gd
  res://test/escenas/puestos/tapa_del_contenedor_test.gd > test_el_izquierdo_en_la_hoja_tira_solo_al_terminar_de_abrir STARTED
  res://test/escenas/puestos/tapa_del_contenedor_test.gd > test_el_izquierdo_en_la_hoja_tira_solo_al_terminar_de_abrir PASSED 151ms

Statistics: 1 test cases | 0 errors | 0 failures | 0 flaky | 0 skipped | 0 orphans | PASSED 161ms


Run Test Suite: res://test/escenas/puestos/tiro_al_contenedor_test.gd
  res://test/escenas/puestos/tiro_al_contenedor_test.gd > test_tirar_cada_aceptado_lo_oculta_y_solo_la_bolsa_cuenta STARTED
  res://test/escenas/puestos/tiro_al_contenedor_test.gd > test_tirar_cada_aceptado_lo_oculta_y_solo_la_bolsa_cuenta PASSED 152ms

  res://test/escenas/puestos/tiro_al_contenedor_test.gd > test_ambos_destinos_conservan_caja_y_carga_durante_giro STARTED
  res://test/escenas/puestos/tiro_al_contenedor_test.gd > test_ambos_destinos_conservan_caja_y_carga_durante_giro PASSED 142ms

  res://test/escenas/puestos/tiro_al_contenedor_test.gd > test_el_lector_es_copia_y_la_noche_lo_vacia_sin_leer_papel_liberado STARTED
  res://test/escenas/puestos/tiro_al_contenedor_test.gd > test_el_lector_es_copia_y_la_noche_lo_vacia_sin_leer_papel_liberado PASSED 154ms

  res://test/escenas/puestos/tiro_al_contenedor_test.gd > test_los_persistentes_vuelven_y_el_util_simula_fisica_otra_vez STARTED
  res://test/escenas/puestos/tiro_al_contenedor_test.gd > test_los_persistentes_vuelven_y_el_util_simula_fisica_otra_vez PASSED 1s 702ms

  res://test/escenas/puestos/tiro_al_contenedor_test.gd > test_examen_y_cierre_bloquean_ambos_clics STARTED
  res://test/escenas/puestos/tiro_al_contenedor_test.gd > test_examen_y_cierre_bloquean_ambos_clics PASSED 146ms

  res://test/escenas/puestos/tiro_al_contenedor_test.gd > test_la_pausa_no_entrega_eventos_y_reanudar_recupera_el_tiro STARTED
  res://test/escenas/puestos/tiro_al_contenedor_test.gd > test_la_pausa_no_entrega_eventos_y_reanudar_recupera_el_tiro PASSED 144ms

Statistics: 6 test cases | 0 errors | 0 failures | 0 flaky | 0 skipped | 0 orphans | PASSED 2s 481ms


Run Test Suite: res://test/escenas/puestos/umbrales_del_edificio_test.gd
  res://test/escenas/puestos/umbrales_del_edificio_test.gd > test_el_exterior_no_es_fuente_global_de_reflejos_del_interior STARTED
  res://test/escenas/puestos/umbrales_del_edificio_test.gd > test_el_exterior_no_es_fuente_global_de_reflejos_del_interior PASSED 10ms

  res://test/escenas/puestos/umbrales_del_edificio_test.gd > test_el_paso_al_bano_tiene_piso_visible_de_ambos_lados STARTED
  res://test/escenas/puestos/umbrales_del_edificio_test.gd > test_el_paso_al_bano_tiene_piso_visible_de_ambos_lados PASSED 137ms

  res://test/escenas/puestos/umbrales_del_edificio_test.gd > test_el_paso_al_deposito_tiene_piso_visible_de_ambos_lados STARTED
  res://test/escenas/puestos/umbrales_del_edificio_test.gd > test_el_paso_al_deposito_tiene_piso_visible_de_ambos_lados PASSED 134ms

Statistics: 3 test cases | 0 errors | 0 failures | 0 flaky | 0 skipped | 0 orphans | PASSED 302ms


Run Test Suite: res://test/escenas/puestos/ventanilla_test.gd
  res://test/escenas/puestos/ventanilla_test.gd > test_la_ventanilla_esta_en_el_grupo_que_la_mira_puede_enfocar STARTED
  res://test/escenas/puestos/ventanilla_test.gd > test_la_ventanilla_esta_en_el_grupo_que_la_mira_puede_enfocar PASSED 9ms

  res://test/escenas/puestos/ventanilla_test.gd > test_la_ventanilla_recibe_al_jugador_y_al_reloj_por_export STARTED
  res://test/escenas/puestos/ventanilla_test.gd > test_la_ventanilla_recibe_al_jugador_y_al_reloj_por_export PASSED 7ms

  res://test/escenas/puestos/ventanilla_test.gd > test_la_ventanilla_sale_con_la_accion_compartida STARTED
  res://test/escenas/puestos/ventanilla_test.gd > test_la_ventanilla_sale_con_la_accion_compartida PASSED 7ms

  res://test/escenas/puestos/ventanilla_test.gd > test_la_ventanilla_no_le_escribe_el_transform_al_jugador STARTED
  res://test/escenas/puestos/ventanilla_test.gd > test_la_ventanilla_no_le_escribe_el_transform_al_jugador PASSED 7ms

  res://test/escenas/puestos/ventanilla_test.gd > test_el_almacen_instancia_la_ventanilla_exactamente_una_vez STARTED
  res://test/escenas/puestos/ventanilla_test.gd > test_el_almacen_instancia_la_ventanilla_exactamente_una_vez PASSED 8ms

  res://test/escenas/puestos/ventanilla_test.gd > test_tocar_la_ventanilla_clava_al_jugador_y_no_entrega_nada_para_levantar STARTED
  res://test/escenas/puestos/ventanilla_test.gd > test_tocar_la_ventanilla_clava_al_jugador_y_no_entrega_nada_para_levantar PASSED 144ms

  res://test/escenas/puestos/ventanilla_test.gd > test_el_cableado_de_atender_llega_entero_desde_el_almacen STARTED
  res://test/escenas/puestos/ventanilla_test.gd > test_el_cableado_de_atender_llega_entero_desde_el_almacen PASSED 35ms

  res://test/escenas/puestos/ventanilla_test.gd > test_el_panel_de_la_ventanilla_llega_con_sus_seis_nodos STARTED
  res://test/escenas/puestos/ventanilla_test.gd > test_el_panel_de_la_ventanilla_llega_con_sus_seis_nodos PASSED 9ms

  res://test/escenas/puestos/ventanilla_test.gd > test_cancelar_con_el_vidrio_cerrado_no_le_devuelve_la_caminata_al_jugador STARTED
  res://test/escenas/puestos/ventanilla_test.gd > test_cancelar_con_el_vidrio_cerrado_no_le_devuelve_la_caminata_al_jugador PASSED 8ms

  res://test/escenas/puestos/ventanilla_test.gd > test_abrir_y_cerrar_la_ventanilla_suspende_y_devuelve_el_control STARTED
  res://test/escenas/puestos/ventanilla_test.gd > test_abrir_y_cerrar_la_ventanilla_suspende_y_devuelve_el_control PASSED 135ms

  res://test/escenas/puestos/ventanilla_test.gd > test_encuadra_y_vuelve_en_dos_aspectos STARTED
  res://test/escenas/puestos/ventanilla_test.gd > test_encuadra_y_vuelve_en_dos_aspectos PASSED 327ms

  res://test/escenas/puestos/ventanilla_test.gd > test_el_izquierdo_suspendido_no_suelta_ni_agarra STARTED
  res://test/escenas/puestos/ventanilla_test.gd > test_el_izquierdo_suspendido_no_suelta_ni_agarra PASSED 166ms

  res://test/escenas/puestos/ventanilla_test.gd > test_abrir_dos_veces_y_cerrar_el_turno_devuelve_la_primera_pose STARTED
  res://test/escenas/puestos/ventanilla_test.gd > test_abrir_dos_veces_y_cerrar_el_turno_devuelve_la_primera_pose PASSED 141ms

  res://test/escenas/puestos/ventanilla_test.gd > test_giro_atrasado_preserva_el_encuadre STARTED
  res://test/escenas/puestos/ventanilla_test.gd > test_giro_atrasado_preserva_el_encuadre PASSED 136ms

  res://test/escenas/puestos/ventanilla_test.gd > test_el_aspecto_nuevo_se_usa_al_abrir_otra_vez STARTED
  res://test/escenas/puestos/ventanilla_test.gd > test_el_aspecto_nuevo_se_usa_al_abrir_otra_vez PASSED 135ms

  res://test/escenas/puestos/ventanilla_test.gd > test_datos_invalidos_no_mueven_la_camara STARTED
  res://test/escenas/puestos/ventanilla_test.gd > test_datos_invalidos_no_mueven_la_camara PASSED 141ms

Statistics: 16 test cases | 0 errors | 0 failures | 0 flaky | 0 skipped | 0 orphans | PASSED 1s 492ms


Run Test Suite: res://test/escenas/red_de_seguridad_integrada_test.gd
  res://test/escenas/red_de_seguridad_integrada_test.gd > test_el_empujon_que_termino_adentro_se_deshace STARTED
WARNING: Rescate: `CajaDeChisitos` estaba adentro de `Volumen` en (2.0, 5.9, -11.0); va a DESHACER
   at: push_warning (core/variant/variant_utility.cpp:1033)
   GDScript backtrace (most recent call first):
       [0] revisar (res://src/sistemas/marco/red_de_seguridad.gd:101)
       [1] _physics_process (res://src/sistemas/marco/red_de_seguridad.gd:61)
  res://test/escenas/red_de_seguridad_integrada_test.gd > test_el_empujon_que_termino_adentro_se_deshace PASSED 142ms

  res://test/escenas/red_de_seguridad_integrada_test.gd > test_lo_soltado_adentro_va_al_piso_al_lado_del_jugador STARTED
WARNING: Rescate: `ObjetoAgarrable` estaba adentro de `Volumen` en (2.000003, 5.726034, -11.00001); va a DESHACER
   at: push_warning (core/variant/variant_utility.cpp:1033)
   GDScript backtrace (most recent call first):
       [0] revisar (res://src/sistemas/marco/red_de_seguridad.gd:101)
       [1] _al_soltar (res://src/sistemas/marco/red_de_seguridad.gd:127)
  res://test/escenas/red_de_seguridad_integrada_test.gd > test_lo_soltado_adentro_va_al_piso_al_lado_del_jugador PASSED 149ms

  res://test/escenas/red_de_seguridad_integrada_test.gd > test_encima_de_la_caja_que_ocupa_el_origen STARTED
WARNING: Rescate: `CajaDeArvejas` estaba adentro de `Volumen` en (2.0, 5.9, -11.0); va a ENCIMA_DEL_ORIGEN
   at: push_warning (core/variant/variant_utility.cpp:1033)
   GDScript backtrace (most recent call first):
       [0] revisar (res://src/sistemas/marco/red_de_seguridad.gd:101)
       [1] test_encima_de_la_caja_que_ocupa_el_origen (res://test/escenas/red_de_seguridad_integrada_test.gd:144)
  res://test/escenas/red_de_seguridad_integrada_test.gd > test_encima_de_la_caja_que_ocupa_el_origen PASSED 137ms

  res://test/escenas/red_de_seguridad_integrada_test.gd > test_el_origen_es_el_ultimo_recurso STARTED
WARNING: Rescate: `CajaDeArvejas` estaba adentro de `Volumen` en (2.0, 5.9, -11.0); va a ORIGEN
   at: push_warning (core/variant/variant_utility.cpp:1033)
   GDScript backtrace (most recent call first):
       [0] revisar (res://src/sistemas/marco/red_de_seguridad.gd:101)
       [1] test_el_origen_es_el_ultimo_recurso (res://test/escenas/red_de_seguridad_integrada_test.gd:155)
       [2] _almacen (res://test/escenas/red_de_seguridad_integrada_test.gd:32)
  res://test/escenas/red_de_seguridad_integrada_test.gd > test_el_origen_es_el_ultimo_recurso PASSED 139ms

  res://test/escenas/red_de_seguridad_integrada_test.gd > test_sin_ningun_candidato_la_red_no_devuelve_a_la_mano STARTED
WARNING: Rescate: `ObjetoAgarrable` estaba adentro de `Volumen` en (2.0, 5.9, -11.0); queda donde está: ningún lugar libre
   at: push_warning (core/variant/variant_utility.cpp:1033)
   GDScript backtrace (most recent call first):
       [0] revisar (res://src/sistemas/marco/red_de_seguridad.gd:101)
       [1] test_sin_ningun_candidato_la_red_no_devuelve_a_la_mano (res://test/escenas/red_de_seguridad_integrada_test.gd:169)
       [2] _almacen (res://test/escenas/red_de_seguridad_integrada_test.gd:32)
  res://test/escenas/red_de_seguridad_integrada_test.gd > test_sin_ningun_candidato_la_red_no_devuelve_a_la_mano PASSED 142ms

  res://test/escenas/red_de_seguridad_integrada_test.gd > test_rescatar_una_caja_y_una_unidad_no_mueve_la_mercaderia STARTED
WARNING: Rescate: `CajaDeArvejas` estaba adentro de `Volumen` en (2.0, 5.9, -11.0); va a ORIGEN
   at: push_warning (core/variant/variant_utility.cpp:1033)
   GDScript backtrace (most recent call first):
       [0] revisar (res://src/sistemas/marco/red_de_seguridad.gd:101)
       [1] test_rescatar_una_caja_y_una_unidad_no_mueve_la_mercaderia (res://test/escenas/red_de_seguridad_integrada_test.gd:180)
       [2] _almacen (res://test/escenas/red_de_seguridad_integrada_test.gd:32)
WARNING: Rescate: `ObjetoAgarrable` estaba adentro de `Volumen` en (2.0, 5.9, -11.0); va a ORIGEN
   at: push_warning (core/variant/variant_utility.cpp:1033)
   GDScript backtrace (most recent call first):
       [0] revisar (res://src/sistemas/marco/red_de_seguridad.gd:101)
       [1] test_rescatar_una_caja_y_una_unidad_no_mueve_la_mercaderia (res://test/escenas/red_de_seguridad_integrada_test.gd:187)
       [2] _almacen (res://test/escenas/red_de_seguridad_integrada_test.gd:32)
  res://test/escenas/red_de_seguridad_integrada_test.gd > test_rescatar_una_caja_y_una_unidad_no_mueve_la_mercaderia PASSED 144ms

  res://test/escenas/red_de_seguridad_integrada_test.gd > test_rescatar_las_bolsas_no_las_cuenta_ni_las_descuenta STARTED
WARNING: Rescate: `BolsaDeBasura2` estaba adentro de `StaticBody3D` en (-1.9, 0.202237, 6.33); va a ALREDEDOR
   at: push_warning (core/variant/variant_utility.cpp:1033)
   GDScript backtrace (most recent call first):
       [0] revisar (res://src/sistemas/marco/red_de_seguridad.gd:101)
       [1] test_rescatar_las_bolsas_no_las_cuenta_ni_las_descuenta (res://test/escenas/red_de_seguridad_integrada_test.gd:219)
       [2] _almacen (res://test/escenas/red_de_seguridad_integrada_test.gd:32)
  res://test/escenas/red_de_seguridad_integrada_test.gd > test_rescatar_las_bolsas_no_las_cuenta_ni_las_descuenta PASSED 139ms

Statistics: 7 test cases | 0 errors | 0 failures | 0 flaky | 0 skipped | 0 orphans | PASSED 1s 33ms


Run Test Suite: res://test/escenas/reposicion_completa_test.gd
  res://test/escenas/reposicion_completa_test.gd > test_reponer_todos_los_huecos_de_la_apertura_cumple_la_tarea STARTED
  res://test/escenas/reposicion_completa_test.gd > test_reponer_todos_los_huecos_de_la_apertura_cumple_la_tarea PASSED 184ms

  res://test/escenas/reposicion_completa_test.gd > test_despues_de_cada_bolsa_se_puede_agarrar_y_reponer_actroncito STARTED
  res://test/escenas/reposicion_completa_test.gd > test_despues_de_cada_bolsa_se_puede_agarrar_y_reponer_actroncito PASSED 389ms

  res://test/escenas/reposicion_completa_test.gd > test_tirar_un_producto_tambien_permite_volver_a_agarrar_de_la_gondola STARTED
  res://test/escenas/reposicion_completa_test.gd > test_tirar_un_producto_tambien_permite_volver_a_agarrar_de_la_gondola PASSED 148ms

Statistics: 3 test cases | 0 errors | 0 failures | 0 flaky | 0 skipped | 0 orphans | PASSED 745ms


Run Test Suite: res://test/escenas/reposicion_manual_test.gd
  res://test/escenas/reposicion_manual_test.gd > test_vender_no_cambia_lo_que_la_gondola_dibuja STARTED
  res://test/escenas/reposicion_manual_test.gd > test_vender_no_cambia_lo_que_la_gondola_dibuja PASSED 230ms

  res://test/escenas/reposicion_manual_test.gd > test_recoger_del_grupo_del_piso_conserva_foco_identidad_y_reposicion STARTED
  res://test/escenas/reposicion_manual_test.gd > test_recoger_del_grupo_del_piso_conserva_foco_identidad_y_reposicion PASSED 2s 40ms

  res://test/escenas/reposicion_manual_test.gd > test_laysntt_no_atraviesa_el_suelo_al_caer_plana_y_recibir_otras_cajas STARTED
  res://test/escenas/reposicion_manual_test.gd > test_laysntt_no_atraviesa_el_suelo_al_caer_plana_y_recibir_otras_cajas PASSED 54s 43ms

  res://test/escenas/reposicion_manual_test.gd > test_el_burbaloo_del_piso_no_bloquea_al_jugador STARTED
  res://test/escenas/reposicion_manual_test.gd > test_el_burbaloo_del_piso_no_bloquea_al_jugador PASSED 149ms

  res://test/escenas/reposicion_manual_test.gd > test_laysntt_y_jorgillo_quedan_sobre_el_suelo_al_mover_la_camara STARTED
  res://test/escenas/reposicion_manual_test.gd > test_laysntt_y_jorgillo_quedan_sobre_el_suelo_al_mover_la_camara PASSED 4s 942ms

  res://test/escenas/reposicion_manual_test.gd > test_los_estantes_agrupan_las_unidades_sin_cuerpos_por_producto STARTED
  res://test/escenas/reposicion_manual_test.gd > test_los_estantes_agrupan_las_unidades_sin_cuerpos_por_producto PASSED 486ms

  res://test/escenas/reposicion_manual_test.gd > test_reutiliza_el_cuerpo_al_depositar_y_cambia_de_producto STARTED
  res://test/escenas/reposicion_manual_test.gd > test_reutiliza_el_cuerpo_al_depositar_y_cambia_de_producto PASSED 142ms

  res://test/escenas/reposicion_manual_test.gd > test_las_unidades_sueltas_caen_y_se_recuperan_sin_perder_su_reserva STARTED
  res://test/escenas/reposicion_manual_test.gd > test_las_unidades_sueltas_caen_y_se_recuperan_sin_perder_su_reserva PASSED 234ms

  res://test/escenas/reposicion_manual_test.gd > test_otra_jornada_vacia_grupos_mano_y_productos_sueltos STARTED
  res://test/escenas/reposicion_manual_test.gd > test_otra_jornada_vacia_grupos_mano_y_productos_sueltos PASSED 145ms

  res://test/escenas/reposicion_manual_test.gd > test_el_frente_se_conserva_al_examinar_y_volver_a_agarrar STARTED
  res://test/escenas/reposicion_manual_test.gd > test_el_frente_se_conserva_al_examinar_y_volver_a_agarrar PASSED 259ms

  res://test/escenas/reposicion_manual_test.gd > test_actroncito_durextra_y_oremos_se_reponen_con_foco_y_clic_reales STARTED
  res://test/escenas/reposicion_manual_test.gd > test_actroncito_durextra_y_oremos_se_reponen_con_foco_y_clic_reales PASSED 681ms

  res://test/escenas/reposicion_manual_test.gd > test_no_hay_productos_3d_iniciales_fuera_del_inventario STARTED
  res://test/escenas/reposicion_manual_test.gd > test_no_hay_productos_3d_iniciales_fuera_del_inventario PASSED 137ms

  res://test/escenas/reposicion_manual_test.gd > test_cada_unidad_ocupa_un_lugar_distinto_y_la_marca_indica_su_base STARTED
  res://test/escenas/reposicion_manual_test.gd > test_cada_unidad_ocupa_un_lugar_distinto_y_la_marca_indica_su_base PASSED 789ms

  res://test/escenas/reposicion_manual_test.gd > test_el_clic_saca_una_unidad_visible_y_el_estante_la_recibe STARTED
  res://test/escenas/reposicion_manual_test.gd > test_el_clic_saca_una_unidad_visible_y_el_estante_la_recibe PASSED 145ms

  res://test/escenas/reposicion_manual_test.gd > test_con_el_estante_lleno_la_caja_entrega_y_la_gondola_la_rechaza STARTED
  res://test/escenas/reposicion_manual_test.gd > test_con_el_estante_lleno_la_caja_entrega_y_la_gondola_la_rechaza PASSED 153ms

  res://test/escenas/reposicion_manual_test.gd > test_examinar_no_retira_ni_deposita_y_devuelve_la_unidad_a_la_mira STARTED
  res://test/escenas/reposicion_manual_test.gd > test_examinar_no_retira_ni_deposita_y_devuelve_la_unidad_a_la_mira PASSED 141ms

  res://test/escenas/reposicion_manual_test.gd > test_las_dos_cajas_se_examinan_enteras_y_vuelven_a_la_cintura STARTED
  res://test/escenas/reposicion_manual_test.gd > test_las_dos_cajas_se_examinan_enteras_y_vuelven_a_la_cintura PASSED 143ms

  res://test/escenas/reposicion_manual_test.gd > test_solo_la_zona_del_producto_recibe_el_foco_y_el_resto_del_mueble_no_coloca STARTED
  res://test/escenas/reposicion_manual_test.gd > test_solo_la_zona_del_producto_recibe_el_foco_y_el_resto_del_mueble_no_coloca PASSED 141ms

  res://test/escenas/reposicion_manual_test.gd > test_lo_soltado_queda_sobre_el_piso_o_la_tapa_que_se_mira STARTED
  res://test/escenas/reposicion_manual_test.gd > test_lo_soltado_queda_sobre_el_piso_o_la_tapa_que_se_mira PASSED 139ms

  res://test/escenas/reposicion_manual_test.gd > test_sin_superficie_que_valga_se_suelta_como_siempre STARTED
  res://test/escenas/reposicion_manual_test.gd > test_sin_superficie_que_valga_se_suelta_como_siempre PASSED 143ms

Statistics: 20 test cases | 0 errors | 0 failures | 0 flaky | 0 skipped | 0 orphans | PASSED 1min 5s 418ms


Run Test Suite: res://test/escenas/salida_de_compradores_test.gd
  res://test/escenas/salida_de_compradores_test.gd > test_la_venta_sale_animada_a_la_derecha_tras_la_despedida_y_no_reaparece STARTED
  res://test/escenas/salida_de_compradores_test.gd > test_la_venta_sale_animada_a_la_derecha_tras_la_despedida_y_no_reaparece PASSED 174ms

  res://test/escenas/salida_de_compradores_test.gd > test_el_cansancio_desliza_a_la_derecha_y_la_pausa_lo_detiene STARTED
  res://test/escenas/salida_de_compradores_test.gd > test_el_cansancio_desliza_a_la_derecha_y_la_pausa_lo_detiene PASSED 153ms

  res://test/escenas/salida_de_compradores_test.gd > test_reiniciar_retira_las_imagenes_de_ventas_y_de_cansancio STARTED
  res://test/escenas/salida_de_compradores_test.gd > test_reiniciar_retira_las_imagenes_de_ventas_y_de_cansancio PASSED 177ms

  res://test/escenas/salida_de_compradores_test.gd > test_ambos_entran_por_la_izquierda_y_la_pausa_conserva_su_entrada STARTED
  res://test/escenas/salida_de_compradores_test.gd > test_ambos_entran_por_la_izquierda_y_la_pausa_conserva_su_entrada PASSED 3s 694ms

Statistics: 4 test cases | 0 errors | 0 failures | 0 flaky | 0 skipped | 0 orphans | PASSED 4s 227ms


Run Test Suite: res://test/escenas/soporte_del_exterior_test.gd
  res://test/escenas/soporte_del_exterior_test.gd > test_cada_pavimento_tiene_soporte_con_sus_mismos_triangulos STARTED
  res://test/escenas/soporte_del_exterior_test.gd > test_cada_pavimento_tiene_soporte_con_sus_mismos_triangulos PASSED 10ms

  res://test/escenas/soporte_del_exterior_test.gd > test_los_dos_laterales_reales_dejan_caer_apoyar_y_recoger_un_cuerpo STARTED
  res://test/escenas/soporte_del_exterior_test.gd > test_los_dos_laterales_reales_dejan_caer_apoyar_y_recoger_un_cuerpo PASSED 4s 811ms

Statistics: 2 test cases | 0 errors | 0 failures | 0 flaky | 0 skipped | 0 orphans | PASSED 4s 839ms


Run Test Suite: res://test/escenas/tickets_del_cierre_test.gd
  res://test/escenas/tickets_del_cierre_test.gd > test_un_ticket_y_dos_en_otra_noche_suman_un_medio_cada_vez STARTED
  res://test/escenas/tickets_del_cierre_test.gd > test_un_ticket_y_dos_en_otra_noche_suman_un_medio_cada_vez PASSED 186ms

  res://test/escenas/tickets_del_cierre_test.gd > test_balde_y_mopa_en_el_inodoro_no_anotan_papel STARTED
  res://test/escenas/tickets_del_cierre_test.gd > test_balde_y_mopa_en_el_inodoro_no_anotan_papel PASSED 162ms

  res://test/escenas/tickets_del_cierre_test.gd > test_tickets_adentro_afuera_y_recuperados_al_cerrar STARTED
  res://test/escenas/tickets_del_cierre_test.gd > test_tickets_adentro_afuera_y_recuperados_al_cerrar PASSED 174ms

  res://test/escenas/tickets_del_cierre_test.gd > test_sostener_y_examinar_tickets_cambia_el_llamado_al_cerrar STARTED
  res://test/escenas/tickets_del_cierre_test.gd > test_sostener_y_examinar_tickets_cambia_el_llamado_al_cerrar PASSED 178ms

  res://test/escenas/tickets_del_cierre_test.gd > test_tirar_el_ticket_al_contenedor_no_agrega_un_llamado STARTED
  res://test/escenas/tickets_del_cierre_test.gd > test_tirar_el_ticket_al_contenedor_no_agrega_un_llamado PASSED 156ms

  res://test/escenas/tickets_del_cierre_test.gd > test_tres_motivos_con_grave_son_siete_y_la_noche_nueva_conserva_deuda STARTED
  res://test/escenas/tickets_del_cierre_test.gd > test_tres_motivos_con_grave_son_siete_y_la_noche_nueva_conserva_deuda PASSED 169ms

  res://test/escenas/tickets_del_cierre_test.gd > test_eventos_en_placa_no_contaminan_la_noche_siguiente_ni_repiten_cierre STARTED
  res://test/escenas/tickets_del_cierre_test.gd > test_eventos_en_placa_no_contaminan_la_noche_siguiente_ni_repiten_cierre PASSED 150ms

Statistics: 7 test cases | 0 errors | 0 failures | 0 flaky | 0 skipped | 0 orphans | PASSED 1s 223ms


Run Test Suite: res://test/escenas/unidades_sueltas_del_cierre_test.gd
  res://test/escenas/unidades_sueltas_del_cierre_test.gd > test_suelta_en_cada_habitacion_cuenta_aunque_el_grupo_oculte_su_malla STARTED
  res://test/escenas/unidades_sueltas_del_cierre_test.gd > test_suelta_en_cada_habitacion_cuenta_aunque_el_grupo_oculte_su_malla PASSED 153ms

  res://test/escenas/unidades_sueltas_del_cierre_test.gd > test_devolver_o_colocar_retira_suelta_y_no_cuenta_el_repuesto STARTED
  res://test/escenas/unidades_sueltas_del_cierre_test.gd > test_devolver_o_colocar_retira_suelta_y_no_cuenta_el_repuesto PASSED 149ms

  res://test/escenas/unidades_sueltas_del_cierre_test.gd > test_apoyada_sobre_una_caja_del_deposito_sigue_siendo_suelta STARTED
  res://test/escenas/unidades_sueltas_del_cierre_test.gd > test_apoyada_sobre_una_caja_del_deposito_sigue_siendo_suelta PASSED 2s 6ms

  res://test/escenas/unidades_sueltas_del_cierre_test.gd > test_la_unidad_en_examen_vuelve_a_la_foto_sin_reingresar_al_grupo STARTED
  res://test/escenas/unidades_sueltas_del_cierre_test.gd > test_la_unidad_en_examen_vuelve_a_la_foto_sin_reingresar_al_grupo PASSED 146ms

  res://test/escenas/unidades_sueltas_del_cierre_test.gd > test_recuperar_la_unidad_de_afuera_y_soltar_adentro_cambia_el_motivo STARTED
  res://test/escenas/unidades_sueltas_del_cierre_test.gd > test_recuperar_la_unidad_de_afuera_y_soltar_adentro_cambia_el_motivo PASSED 146ms

Statistics: 5 test cases | 0 errors | 0 failures | 0 flaky | 0 skipped | 0 orphans | PASSED 2s 637ms


Run Test Suite: res://test/escenas/un_lugar_por_producto_test.gd
  res://test/escenas/un_lugar_por_producto_test.gd > test_la_mano_gira_el_frente_de_la_tanda_hacia_la_camara STARTED
  res://test/escenas/un_lugar_por_producto_test.gd > test_la_mano_gira_el_frente_de_la_tanda_hacia_la_camara PASSED 14ms

  res://test/escenas/un_lugar_por_producto_test.gd > test_en_la_mano_lo_de_una_cabecera_va_derecho_como_lo_de_un_estante_plano STARTED
  res://test/escenas/un_lugar_por_producto_test.gd > test_en_la_mano_lo_de_una_cabecera_va_derecho_como_lo_de_un_estante_plano PASSED 223ms

  res://test/escenas/un_lugar_por_producto_test.gd > test_lo_agarrado_de_una_cabecera_va_derecho_como_lo_de_un_estante_plano STARTED
  res://test/escenas/un_lugar_por_producto_test.gd > test_lo_agarrado_de_una_cabecera_va_derecho_como_lo_de_un_estante_plano PASSED 242ms

  res://test/escenas/un_lugar_por_producto_test.gd > test_cada_producto_se_repone_en_una_sola_tanda_y_lo_repetido_es_fijo STARTED
  res://test/escenas/un_lugar_por_producto_test.gd > test_cada_producto_se_repone_en_una_sola_tanda_y_lo_repetido_es_fijo PASSED 198ms

  res://test/escenas/un_lugar_por_producto_test.gd > test_el_casillero_de_cada_producto_esta_al_alcance_desde_el_pasillo STARTED
  res://test/escenas/un_lugar_por_producto_test.gd > test_el_casillero_de_cada_producto_esta_al_alcance_desde_el_pasillo PASSED 2s 999ms

  res://test/escenas/un_lugar_por_producto_test.gd > test_las_dos_filas_dan_al_pasillo STARTED
  res://test/escenas/un_lugar_por_producto_test.gd > test_las_dos_filas_dan_al_pasillo PASSED 1s 105ms

  res://test/escenas/un_lugar_por_producto_test.gd > test_la_fila_de_atras_se_ve_entera_desde_que_abre STARTED
  res://test/escenas/un_lugar_por_producto_test.gd > test_la_fila_de_atras_se_ve_entera_desde_que_abre PASSED 186ms

  res://test/escenas/un_lugar_por_producto_test.gd > test_la_jornada_1_abre_con_lo_que_dice_la_ficha STARTED
  res://test/escenas/un_lugar_por_producto_test.gd > test_la_jornada_1_abre_con_lo_que_dice_la_ficha PASSED 137ms

  res://test/escenas/un_lugar_por_producto_test.gd > test_se_enfoca_y_agarra_una_unidad_de_cada_producto_desde_el_pasillo STARTED
  res://test/escenas/un_lugar_por_producto_test.gd > test_se_enfoca_y_agarra_una_unidad_de_cada_producto_desde_el_pasillo PASSED 3s 105ms

  res://test/escenas/un_lugar_por_producto_test.gd > test_una_tanda_de_una_fila_no_deja_unidades_detras_al_vaciarla STARTED
  res://test/escenas/un_lugar_por_producto_test.gd > test_una_tanda_de_una_fila_no_deja_unidades_detras_al_vaciarla PASSED 221ms

Statistics: 10 test cases | 0 errors | 0 failures | 0 flaky | 0 skipped | 0 orphans | PASSED 8s 504ms


Run Test Suite: res://test/escenas/uso_directo_test.gd
  res://test/escenas/uso_directo_test.gd > test_clic_derecho_usa_el_objetivo_sin_disparar_la_limpieza STARTED
  res://test/escenas/uso_directo_test.gd > test_clic_derecho_usa_el_objetivo_sin_disparar_la_limpieza PASSED 12ms

  res://test/escenas/uso_directo_test.gd > test_un_objetivo_sin_uso_propio_conserva_el_uso_de_limpieza STARTED
  res://test/escenas/uso_directo_test.gd > test_un_objetivo_sin_uso_propio_conserva_el_uso_de_limpieza PASSED 9ms

  res://test/escenas/uso_directo_test.gd > test_clic_izquierdo_no_acciona_la_tapa STARTED
  res://test/escenas/uso_directo_test.gd > test_clic_izquierdo_no_acciona_la_tapa PASSED 10ms

  res://test/escenas/uso_directo_test.gd > test_la_pausa_impide_accionar_la_tapa STARTED
  res://test/escenas/uso_directo_test.gd > test_la_pausa_impide_accionar_la_tapa PASSED 9ms

Statistics: 4 test cases | 0 errors | 0 failures | 0 flaky | 0 skipped | 0 orphans | PASSED 65ms


Run Test Suite: res://test/escenas/uso_en_el_almacen_test.gd
  res://test/escenas/uso_en_el_almacen_test.gd > test_la_accion_tiene_nombre_unico_y_clic_derecho STARTED
  res://test/escenas/uso_en_el_almacen_test.gd > test_la_accion_tiene_nombre_unico_y_clic_derecho PASSED 75ms

  res://test/escenas/uso_en_el_almacen_test.gd > test_el_jugador_declara_un_solo_pedido_tipado STARTED
  res://test/escenas/uso_en_el_almacen_test.gd > test_el_jugador_declara_un_solo_pedido_tipado PASSED 12ms

  res://test/escenas/uso_en_el_almacen_test.gd > test_sin_foco_o_suspendido_no_emite_y_al_reanudar_si STARTED
  res://test/escenas/uso_en_el_almacen_test.gd > test_sin_foco_o_suspendido_no_emite_y_al_reanudar_si PASSED 10ms

  res://test/escenas/uso_en_el_almacen_test.gd > test_el_clic_derecho_limpia_una_mancha_de_punta_a_punta STARTED
  res://test/escenas/uso_en_el_almacen_test.gd > test_el_clic_derecho_limpia_una_mancha_de_punta_a_punta PASSED 823ms

  res://test/escenas/uso_en_el_almacen_test.gd > test_usar_cierra_cada_panel_sin_pasada_ni_pedido_y_el_reloj_avanza STARTED
  res://test/escenas/uso_en_el_almacen_test.gd > test_usar_cierra_cada_panel_sin_pasada_ni_pedido_y_el_reloj_avanza PASSED 299ms

  res://test/escenas/uso_en_el_almacen_test.gd > test_el_derecho_abre_las_dos_puertas_con_cualquier_mano STARTED
  res://test/escenas/uso_en_el_almacen_test.gd > test_el_derecho_abre_las_dos_puertas_con_cualquier_mano PASSED 156ms

  res://test/escenas/uso_en_el_almacen_test.gd > test_el_izquierdo_no_abre_lo_fijo_y_suelta_la_unidad STARTED
  res://test/escenas/uso_en_el_almacen_test.gd > test_el_izquierdo_no_abre_lo_fijo_y_suelta_la_unidad PASSED 143ms

  res://test/escenas/uso_en_el_almacen_test.gd > test_el_derecho_abre_y_cierra_paneles_con_cualquier_mano STARTED
  res://test/escenas/uso_en_el_almacen_test.gd > test_el_derecho_abre_y_cierra_paneles_con_cualquier_mano PASSED 341ms

  res://test/escenas/uso_en_el_almacen_test.gd > test_la_trabada_con_mopa_avisa_sin_pedir_limpieza STARTED
  res://test/escenas/uso_en_el_almacen_test.gd > test_la_trabada_con_mopa_avisa_sin_pedir_limpieza PASSED 144ms

  res://test/escenas/uso_en_el_almacen_test.gd > test_con_otro_control_suspendido_el_derecho_no_abre_lo_fijo STARTED
  res://test/escenas/uso_en_el_almacen_test.gd > test_con_otro_control_suspendido_el_derecho_no_abre_lo_fijo PASSED 138ms

Statistics: 10 test cases | 0 errors | 0 failures | 0 flaky | 0 skipped | 0 orphans | PASSED 2s 207ms


Run Test Suite: res://test/escenas/volumen_de_los_solidos_test.gd
  res://test/escenas/volumen_de_los_solidos_test.gd > test_el_corte_sale_del_agarrable_mas_chico STARTED
  res://test/escenas/volumen_de_los_solidos_test.gd > test_el_corte_sale_del_agarrable_mas_chico PASSED 154ms

  res://test/escenas/volumen_de_los_solidos_test.gd > test_cada_pieza_donde_cabe_un_objeto_tiene_volumen STARTED
  res://test/escenas/volumen_de_los_solidos_test.gd > test_cada_pieza_donde_cabe_un_objeto_tiene_volumen PASSED 257ms

  res://test/escenas/volumen_de_los_solidos_test.gd > test_una_pieza_nueva_sin_volumen_se_nombra_y_una_exencion_vacia_no_la_salva STARTED
  res://test/escenas/volumen_de_los_solidos_test.gd > test_una_pieza_nueva_sin_volumen_se_nombra_y_una_exencion_vacia_no_la_salva PASSED 10ms

  res://test/escenas/volumen_de_los_solidos_test.gd > test_cada_caja_de_volumen_va_por_dentro_de_la_malla_visible STARTED
  res://test/escenas/volumen_de_los_solidos_test.gd > test_cada_caja_de_volumen_va_por_dentro_de_la_malla_visible PASSED 205ms

  res://test/escenas/volumen_de_los_solidos_test.gd > test_todo_lo_que_se_suelta_choca_con_la_capa_del_contorno STARTED
  res://test/escenas/volumen_de_los_solidos_test.gd > test_todo_lo_que_se_suelta_choca_con_la_capa_del_contorno PASSED 143ms

Statistics: 5 test cases | 0 errors | 0 failures | 0 flaky | 0 skipped | 0 orphans | PASSED 803ms


Run Test Suite: res://test/guardado_de_la_sesion_test.gd
  res://test/guardado_de_la_sesion_test.gd > test_limpiar_una_sesion_nueva_no_emite_errores STARTED
  res://test/guardado_de_la_sesion_test.gd > test_limpiar_una_sesion_nueva_no_emite_errores PASSED 8ms

  res://test/guardado_de_la_sesion_test.gd > test_limpiar_retira_su_guardado_y_conserva_la_carpeta_vecina STARTED
  res://test/guardado_de_la_sesion_test.gd > test_limpiar_retira_su_guardado_y_conserva_la_carpeta_vecina PASSED 12ms

Statistics: 2 test cases | 0 errors | 0 failures | 0 flaky | 0 skipped | 0 orphans | PASSED 36ms


Run Test Suite: res://test/performance/medir_agua_fuera_de_camara_test.gd
  res://test/performance/medir_agua_fuera_de_camara_test.gd > test_el_balde_se_mueve_en_cada_paso_sin_salir_de_su_lugar STARTED
  res://test/performance/medir_agua_fuera_de_camara_test.gd > test_el_balde_se_mueve_en_cada_paso_sin_salir_de_su_lugar PASSED 13ms

  res://test/performance/medir_agua_fuera_de_camara_test.gd > test_la_caja_queda_fuera_de_un_encuadre_y_entera_adentro_del_otro STARTED
  res://test/performance/medir_agua_fuera_de_camara_test.gd > test_la_caja_queda_fuera_de_un_encuadre_y_entera_adentro_del_otro PASSED 20ms

  res://test/performance/medir_agua_fuera_de_camara_test.gd > test_una_caja_que_cruza_el_borde_no_esta_fuera_ni_entera_adentro STARTED
  res://test/performance/medir_agua_fuera_de_camara_test.gd > test_una_caja_que_cruza_el_borde_no_esta_fuera_ni_entera_adentro PASSED 15ms

  res://test/performance/medir_agua_fuera_de_camara_test.gd > test_avanzar_cambia_el_estado_de_la_simulacion_en_cada_paso STARTED
  res://test/performance/medir_agua_fuera_de_camara_test.gd > test_avanzar_cambia_el_estado_de_la_simulacion_en_cada_paso PASSED 19ms

Statistics: 4 test cases | 0 errors | 0 failures | 0 flaky | 0 skipped | 0 orphans | PASSED 100ms


Run Test Suite: res://test/performance/medir_luces_test.gd
  res://test/performance/medir_luces_test.gd > test_las_luces_se_reparten_adentro_del_techo_sin_encimarse STARTED
  res://test/performance/medir_luces_test.gd > test_las_luces_se_reparten_adentro_del_techo_sin_encimarse PASSED 12ms

  res://test/performance/medir_luces_test.gd > test_cada_caso_crea_la_cantidad_el_tipo_y_la_sombra_que_dice STARTED
  res://test/performance/medir_luces_test.gd > test_cada_caso_crea_la_cantidad_el_tipo_y_la_sombra_que_dice PASSED 12ms

Statistics: 2 test cases | 0 errors | 0 failures | 0 flaky | 0 skipped | 0 orphans | PASSED 43ms


Run Test Suite: res://test/performance/medir_malla_liquida_test.gd
  res://test/performance/medir_malla_liquida_test.gd > test_las_poses_cruzan_cuatro_niveles_con_tres_fases_sin_repetir STARTED
  res://test/performance/medir_malla_liquida_test.gd > test_las_poses_cruzan_cuatro_niveles_con_tres_fases_sin_repetir PASSED 12ms

  res://test/performance/medir_malla_liquida_test.gd > test_cada_pose_dibuja_la_malla_entera_y_deja_activa_la_superficie STARTED
  res://test/performance/medir_malla_liquida_test.gd > test_cada_pose_dibuja_la_malla_entera_y_deja_activa_la_superficie PASSED 30ms

  res://test/performance/medir_malla_liquida_test.gd > test_el_nivel_cambia_la_malla_del_balde_y_la_fase_la_de_la_mancha STARTED
  res://test/performance/medir_malla_liquida_test.gd > test_el_nivel_cambia_la_malla_del_balde_y_la_fase_la_de_la_mancha PASSED 19ms

  res://test/performance/medir_malla_liquida_test.gd > test_el_pedido_transitorio_ve_un_array_que_nace_y_muere_en_la_llamada STARTED
  res://test/performance/medir_malla_liquida_test.gd > test_el_pedido_transitorio_ve_un_array_que_nace_y_muere_en_la_llamada PASSED 34ms

Statistics: 4 test cases | 0 errors | 0 failures | 0 flaky | 0 skipped | 0 orphans | PASSED 126ms


Run Test Suite: res://test/performance/medir_ondas_del_balde_test.gd
  res://test/performance/medir_ondas_del_balde_test.gd > test_el_protocolo_cubre_sus_seis_deltas_con_impulsos_y_aceleracion_variable STARTED
  res://test/performance/medir_ondas_del_balde_test.gd > test_el_protocolo_cubre_sus_seis_deltas_con_impulsos_y_aceleracion_variable PASSED 12ms

  res://test/performance/medir_ondas_del_balde_test.gd > test_el_protocolo_da_los_mismos_600_estados_dos_veces_y_mueve_el_agua STARTED
  res://test/performance/medir_ondas_del_balde_test.gd > test_el_protocolo_da_los_mismos_600_estados_dos_veces_y_mueve_el_agua PASSED 545ms

  res://test/performance/medir_ondas_del_balde_test.gd > test_la_huella_cambia_con_un_solo_valor_del_estado STARTED
  res://test/performance/medir_ondas_del_balde_test.gd > test_la_huella_cambia_con_un_solo_valor_del_estado PASSED 13ms

  res://test/performance/medir_ondas_del_balde_test.gd > test_las_pasadas_de_tiempo_dejan_el_campo_activo_y_su_mediana STARTED
  res://test/performance/medir_ondas_del_balde_test.gd > test_las_pasadas_de_tiempo_dejan_el_campo_activo_y_su_mediana PASSED 32ms

Statistics: 4 test cases | 0 errors | 0 failures | 0 flaky | 0 skipped | 0 orphans | PASSED 635ms


Run Test Suite: res://test/performance/medir_reposicion_test.gd
  res://test/performance/medir_reposicion_test.gd > test_agrupar_el_piso_conserva_los_cuerpos_y_reduce_las_vistas STARTED
  res://test/performance/medir_reposicion_test.gd > test_agrupar_el_piso_conserva_los_cuerpos_y_reduce_las_vistas PASSED 17ms

  res://test/performance/medir_reposicion_test.gd > test_el_percentil_no_confunde_un_pico_con_la_mediana STARTED
  res://test/performance/medir_reposicion_test.gd > test_el_percentil_no_confunde_un_pico_con_la_mediana PASSED 10ms

  res://test/performance/medir_reposicion_test.gd > test_la_carga_conserva_cantidades_y_colisiones_reales STARTED
  res://test/performance/medir_reposicion_test.gd > test_la_carga_conserva_cantidades_y_colisiones_reales PASSED 143ms

  res://test/performance/medir_reposicion_test.gd > test_la_carga_pone_la_deteccion_continua_solo_si_el_juego_la_pone STARTED
  res://test/performance/medir_reposicion_test.gd > test_la_carga_pone_la_deteccion_continua_solo_si_el_juego_la_pone PASSED 154ms

Statistics: 4 test cases | 0 errors | 0 failures | 0 flaky | 0 skipped | 0 orphans | PASSED 355ms


Run Test Suite: res://test/performance/medir_sombreado_test.gd
  res://test/performance/medir_sombreado_test.gd > test_el_panel_ocupa_la_vista_entera STARTED
  res://test/performance/medir_sombreado_test.gd > test_el_panel_ocupa_la_vista_entera PASSED 10ms

  res://test/performance/medir_sombreado_test.gd > test_cada_caso_dibuja_el_shader_compartido_con_parametros_que_declara STARTED
  res://test/performance/medir_sombreado_test.gd > test_cada_caso_dibuja_el_shader_compartido_con_parametros_que_declara PASSED 11ms

  res://test/performance/medir_sombreado_test.gd > test_los_casos_de_agua_cubren_malla_mezcla_alfa_cero_y_ondas_de_textura STARTED
  res://test/performance/medir_sombreado_test.gd > test_los_casos_de_agua_cubren_malla_mezcla_alfa_cero_y_ondas_de_textura PASSED 14ms

  res://test/performance/medir_sombreado_test.gd > test_las_ondas_del_bano_no_son_planas STARTED
  res://test/performance/medir_sombreado_test.gd > test_las_ondas_del_bano_no_son_planas PASSED 11ms

  res://test/performance/medir_sombreado_test.gd > test_el_agua_lee_las_ondas_solo_sin_normales_de_malla STARTED
  res://test/performance/medir_sombreado_test.gd > test_el_agua_lee_las_ondas_solo_sin_normales_de_malla PASSED 9ms

  res://test/performance/medir_sombreado_test.gd > test_los_casos_de_manchas_cubren_polvo_seco_acuoso_alfa_cero_y_los_controles STARTED
  res://test/performance/medir_sombreado_test.gd > test_los_casos_de_manchas_cubren_polvo_seco_acuoso_alfa_cero_y_los_controles PASSED 10ms

  res://test/performance/medir_sombreado_test.gd > test_el_polvo_no_calcula_el_ruido_que_usan_el_moho_y_la_caca STARTED
  res://test/performance/medir_sombreado_test.gd > test_el_polvo_no_calcula_el_ruido_que_usan_el_moho_y_la_caca PASSED 14ms

Statistics: 7 test cases | 0 errors | 0 failures | 0 flaky | 0 skipped | 0 orphans | PASSED 126ms


Run Test Suite: res://test/sistemas/investigacion/computadora_de_escritorio_test.gd
  res://test/sistemas/investigacion/computadora_de_escritorio_test.gd > test_la_secuencia_entera_no_descuenta_un_solo_segundo STARTED
  res://test/sistemas/investigacion/computadora_de_escritorio_test.gd > test_la_secuencia_entera_no_descuenta_un_solo_segundo PASSED 13ms

  res://test/sistemas/investigacion/computadora_de_escritorio_test.gd > test_treinta_segundos_con_la_computadora_abierta_cuestan_lo_mismo_que_sin_ella STARTED
  res://test/sistemas/investigacion/computadora_de_escritorio_test.gd > test_treinta_segundos_con_la_computadora_abierta_cuestan_lo_mismo_que_sin_ella PASSED 14ms

  res://test/sistemas/investigacion/computadora_de_escritorio_test.gd > test_ningun_archivo_de_la_cascara_pausa_el_juego STARTED
  res://test/sistemas/investigacion/computadora_de_escritorio_test.gd > test_ningun_archivo_de_la_cascara_pausa_el_juego PASSED 16ms

  res://test/sistemas/investigacion/computadora_de_escritorio_test.gd > test_lo_leido_y_lo_anotado_sobreviven_a_cambiar_de_app_y_a_cerrar STARTED
  res://test/sistemas/investigacion/computadora_de_escritorio_test.gd > test_lo_leido_y_lo_anotado_sobreviven_a_cambiar_de_app_y_a_cerrar PASSED 14ms

  res://test/sistemas/investigacion/computadora_de_escritorio_test.gd > test_la_planilla_sin_ventas_no_cumple_registrar_al_arrancar STARTED
  res://test/sistemas/investigacion/computadora_de_escritorio_test.gd > test_la_planilla_sin_ventas_no_cumple_registrar_al_arrancar PASSED 13ms

  res://test/sistemas/investigacion/computadora_de_escritorio_test.gd > test_anotar_lo_vendido_cumple_registrar_con_el_ultimo_gesto STARTED
  res://test/sistemas/investigacion/computadora_de_escritorio_test.gd > test_anotar_lo_vendido_cumple_registrar_con_el_ultimo_gesto PASSED 12ms

  res://test/sistemas/investigacion/computadora_de_escritorio_test.gd > test_una_unidad_de_mas_descumple_y_restarla_vuelve_a_cumplir STARTED
  res://test/sistemas/investigacion/computadora_de_escritorio_test.gd > test_una_unidad_de_mas_descumple_y_restarla_vuelve_a_cumplir PASSED 14ms

  res://test/sistemas/investigacion/computadora_de_escritorio_test.gd > test_una_venta_nueva_descumple_registrar_y_anotarla_la_cumple STARTED
  res://test/sistemas/investigacion/computadora_de_escritorio_test.gd > test_una_venta_nueva_descumple_registrar_y_anotarla_la_cumple PASSED 12ms

  res://test/sistemas/investigacion/computadora_de_escritorio_test.gd > test_otra_noche_reinicia_las_tres_anotadas_sin_cumplir_registrar STARTED
  res://test/sistemas/investigacion/computadora_de_escritorio_test.gd > test_otra_noche_reinicia_las_tres_anotadas_sin_cumplir_registrar PASSED 17ms

  res://test/sistemas/investigacion/computadora_de_escritorio_test.gd > test_el_cierre_cuenta_la_planilla_de_ese_instante STARTED
  res://test/sistemas/investigacion/computadora_de_escritorio_test.gd > test_el_cierre_cuenta_la_planilla_de_ese_instante PASSED 16ms

  res://test/sistemas/investigacion/computadora_de_escritorio_test.gd > test_una_noche_sin_ventas_cierra_con_registrar_cumplida STARTED
  res://test/sistemas/investigacion/computadora_de_escritorio_test.gd > test_una_noche_sin_ventas_cierra_con_registrar_cumplida PASSED 16ms

  res://test/sistemas/investigacion/computadora_de_escritorio_test.gd > test_anotar_antes_de_vender_se_cumple_con_el_cobro STARTED
  res://test/sistemas/investigacion/computadora_de_escritorio_test.gd > test_anotar_antes_de_vender_se_cumple_con_el_cobro PASSED 14ms

  res://test/sistemas/investigacion/computadora_de_escritorio_test.gd > test_rechazar_un_cobro_y_despachar_sin_vender_no_completan_registrar STARTED
  res://test/sistemas/investigacion/computadora_de_escritorio_test.gd > test_rechazar_un_cobro_y_despachar_sin_vender_no_completan_registrar PASSED 9ms

  res://test/sistemas/investigacion/computadora_de_escritorio_test.gd > test_revisar_registro_sin_cableado_avisa_el_error STARTED
ERROR: Computadora sin cablear: revisar almacen.tscn y almacen.gd
   at: push_error (core/variant/variant_utility.cpp:1023)
   GDScript backtrace (most recent call first):
       [0] _cableada (res://src/sistemas/investigacion/computadora_de_escritorio.gd:134)
       [1] revisar_registro (res://src/sistemas/investigacion/computadora_de_escritorio.gd:112)
       [2] _execute (res://addons/gdUnit4/src/asserts/GdUnitGodotErrorAssertImpl.gd:17)
       [3] is_push_error (res://addons/gdUnit4/src/asserts/GdUnitGodotErrorAssertImpl.gd:132)
       [4] test_revisar_registro_sin_cableado_avisa_el_error (res://test/sistemas/investigacion/computadora_de_escritorio_test.gd:311)
       [5] _execute_test_case (res://addons/gdUnit4/src/core/_TestCase.gd:79)
       [6] execute (res://addons/gdUnit4/src/core/_TestCase.gd:40)
       [7] _execute (res://addons/gdUnit4/src/core/execution/stages/single/GdUnitTestCaseSingleTestStage.gd:10)
       [8] execute (res://addons/gdUnit4/src/core/execution/stages/IGdUnitExecutionStage.gd:19)
       [9] _execute (res://addons/gdUnit4/src/core/execution/stages/single/GdUnitTestCaseSingleExecutionStage.gd:17)
       [10] execute (res://addons/gdUnit4/src/core/execution/stages/IGdUnitExecutionStage.gd:19)
       [11] _execute (res://addons/gdUnit4/src/core/execution/stages/GdUnitTestCaseExecutionStage.gd:26)
       [12] execute (res://addons/gdUnit4/src/core/execution/stages/IGdUnitExecutionStage.gd:19)
       [13] _execute (res://addons/gdUnit4/src/core/execution/stages/GdUnitTestSuiteExecutionStage.gd:36)
       [14] execute (res://addons/gdUnit4/src/core/execution/stages/IGdUnitExecutionStage.gd:19)
       [15] _execute (res://addons/gdUnit4/src/core/execution/stages/GdUnitTestCaseExecutionStage.gd:35)
       [16] execute (res://addons/gdUnit4/src/core/execution/stages/IGdUnitExecutionStage.gd:19)
       [17] _execute (res://addons/gdUnit4/src/core/execution/stages/single/GdUnitTestCaseSingleExecutionStage.gd:28)
       [18] execute (res://addons/gdUnit4/src/core/execution/stages/IGdUnitExecutionStage.gd:19)
       [19] _execute (res://addons/gdUnit4/src/core/execution/stages/single/GdUnitTestCaseSingleTestStage.gd:10)
       [20] execute (res://addons/gdUnit4/src/core/_TestCase.gd:41)
       [21] test_completed (res://addons/gdUnit4/src/core/_TestCase.gd:86)
ERROR: Computadora sin cablear: revisar almacen.tscn y almacen.gd
   at: push_error (core/variant/variant_utility.cpp:1023)
   GDScript backtrace (most recent call first):
       [0] _cableada (res://src/sistemas/investigacion/computadora_de_escritorio.gd:134)
       [1] revisar_registro (res://src/sistemas/investigacion/computadora_de_escritorio.gd:112)
       [2] _execute (res://addons/gdUnit4/src/asserts/GdUnitGodotErrorAssertImpl.gd:17)
       [3] is_push_error (res://addons/gdUnit4/src/asserts/GdUnitGodotErrorAssertImpl.gd:132)
       [4] test_revisar_registro_sin_cableado_avisa_el_error (res://test/sistemas/investigacion/computadora_de_escritorio_test.gd:315)
       [5] _execute_test_case (res://addons/gdUnit4/src/core/_TestCase.gd:79)
       [6] execute (res://addons/gdUnit4/src/core/_TestCase.gd:40)
       [7] _execute (res://addons/gdUnit4/src/core/execution/stages/single/GdUnitTestCaseSingleTestStage.gd:10)
       [8] execute (res://addons/gdUnit4/src/core/execution/stages/IGdUnitExecutionStage.gd:19)
       [9] _execute (res://addons/gdUnit4/src/core/execution/stages/single/GdUnitTestCaseSingleExecutionStage.gd:17)
       [10] execute (res://addons/gdUnit4/src/core/execution/stages/IGdUnitExecutionStage.gd:19)
       [11] _execute (res://addons/gdUnit4/src/core/execution/stages/GdUnitTestCaseExecutionStage.gd:26)
       [12] execute (res://addons/gdUnit4/src/core/execution/stages/IGdUnitExecutionStage.gd:19)
       [13] _execute (res://addons/gdUnit4/src/core/execution/stages/GdUnitTestSuiteExecutionStage.gd:36)
       [14] execute (res://addons/gdUnit4/src/core/execution/stages/IGdUnitExecutionStage.gd:19)
       [15] _execute (res://addons/gdUnit4/src/core/execution/stages/GdUnitTestCaseExecutionStage.gd:35)
       [16] execute (res://addons/gdUnit4/src/core/execution/stages/IGdUnitExecutionStage.gd:19)
       [17] _execute (res://addons/gdUnit4/src/core/execution/stages/single/GdUnitTestCaseSingleExecutionStage.gd:28)
       [18] execute (res://addons/gdUnit4/src/core/execution/stages/IGdUnitExecutionStage.gd:19)
       [19] _execute (res://addons/gdUnit4/src/core/execution/stages/single/GdUnitTestCaseSingleTestStage.gd:10)
       [20] execute (res://addons/gdUnit4/src/core/_TestCase.gd:41)
       [21] test_completed (res://addons/gdUnit4/src/core/_TestCase.gd:86)
ERROR: Computadora sin cablear: revisar almacen.tscn y almacen.gd
   at: push_error (core/variant/variant_utility.cpp:1023)
   GDScript backtrace (most recent call first):
       [0] _cableada (res://src/sistemas/investigacion/computadora_de_escritorio.gd:134)
       [1] revisar_registro (res://src/sistemas/investigacion/computadora_de_escritorio.gd:112)
       [2] _execute (res://addons/gdUnit4/src/asserts/GdUnitGodotErrorAssertImpl.gd:17)
       [3] is_push_error (res://addons/gdUnit4/src/asserts/GdUnitGodotErrorAssertImpl.gd:132)
       [4] test_revisar_registro_sin_cableado_avisa_el_error (res://test/sistemas/investigacion/computadora_de_escritorio_test.gd:321)
       [5] _execute_test_case (res://addons/gdUnit4/src/core/_TestCase.gd:79)
       [6] execute (res://addons/gdUnit4/src/core/_TestCase.gd:40)
       [7] _execute (res://addons/gdUnit4/src/core/execution/stages/single/GdUnitTestCaseSingleTestStage.gd:10)
       [8] execute (res://addons/gdUnit4/src/core/execution/stages/IGdUnitExecutionStage.gd:19)
       [9] _execute (res://addons/gdUnit4/src/core/execution/stages/single/GdUnitTestCaseSingleExecutionStage.gd:17)
       [10] execute (res://addons/gdUnit4/src/core/execution/stages/IGdUnitExecutionStage.gd:19)
       [11] _execute (res://addons/gdUnit4/src/core/execution/stages/GdUnitTestCaseExecutionStage.gd:26)
       [12] execute (res://addons/gdUnit4/src/core/execution/stages/IGdUnitExecutionStage.gd:19)
       [13] _execute (res://addons/gdUnit4/src/core/execution/stages/GdUnitTestSuiteExecutionStage.gd:36)
       [14] execute (res://addons/gdUnit4/src/core/execution/stages/IGdUnitExecutionStage.gd:19)
       [15] _execute (res://addons/gdUnit4/src/core/execution/stages/GdUnitTestCaseExecutionStage.gd:35)
       [16] execute (res://addons/gdUnit4/src/core/execution/stages/IGdUnitExecutionStage.gd:19)
       [17] _execute (res://addons/gdUnit4/src/core/execution/stages/single/GdUnitTestCaseSingleExecutionStage.gd:28)
       [18] execute (res://addons/gdUnit4/src/core/execution/stages/IGdUnitExecutionStage.gd:19)
       [19] _execute (res://addons/gdUnit4/src/core/execution/stages/single/GdUnitTestCaseSingleTestStage.gd:10)
       [20] execute (res://addons/gdUnit4/src/core/_TestCase.gd:41)
       [21] test_completed (res://addons/gdUnit4/src/core/_TestCase.gd:86)
  res://test/sistemas/investigacion/computadora_de_escritorio_test.gd > test_revisar_registro_sin_cableado_avisa_el_error PASSED 19ms

  res://test/sistemas/investigacion/computadora_de_escritorio_test.gd > test_cada_gesto_que_cambia_una_fila_avisa_a_la_pantalla STARTED
  res://test/sistemas/investigacion/computadora_de_escritorio_test.gd > test_cada_gesto_que_cambia_una_fila_avisa_a_la_pantalla PASSED 16ms

  res://test/sistemas/investigacion/computadora_de_escritorio_test.gd > test_completar_una_tarea_aparte_no_le_sube_el_contador_al_turno STARTED
  res://test/sistemas/investigacion/computadora_de_escritorio_test.gd > test_completar_una_tarea_aparte_no_le_sube_el_contador_al_turno PASSED 11ms

  res://test/sistemas/investigacion/computadora_de_escritorio_test.gd > test_los_casilleros_y_los_interlocutores_no_se_escriben_en_la_cascara STARTED
  res://test/sistemas/investigacion/computadora_de_escritorio_test.gd > test_los_casilleros_y_los_interlocutores_no_se_escriben_en_la_cascara PASSED 13ms

  res://test/sistemas/investigacion/computadora_de_escritorio_test.gd > test_los_ocho_archivos_de_dominio_y_sistemas_tienen_su_espejo STARTED
  res://test/sistemas/investigacion/computadora_de_escritorio_test.gd > test_los_ocho_archivos_de_dominio_y_sistemas_tienen_su_espejo PASSED 9ms

Statistics: 18 test cases | 0 errors | 0 failures | 0 flaky | 0 skipped | 0 orphans | PASSED 369ms


Run Test Suite: res://test/sistemas/investigacion/examen_con_efectos_test.gd
  res://test/sistemas/investigacion/examen_con_efectos_test.gd > test_las_gotas_del_mundo_no_alejan_el_objeto_examinado STARTED
  res://test/sistemas/investigacion/examen_con_efectos_test.gd > test_las_gotas_del_mundo_no_alejan_el_objeto_examinado PASSED 11ms

  res://test/sistemas/investigacion/examen_con_efectos_test.gd > test_la_geometria_oculta_no_cambia_la_distancia_de_examen STARTED
  res://test/sistemas/investigacion/examen_con_efectos_test.gd > test_la_geometria_oculta_no_cambia_la_distancia_de_examen PASSED 13ms

Statistics: 2 test cases | 0 errors | 0 failures | 0 flaky | 0 skipped | 0 orphans | PASSED 42ms


Run Test Suite: res://test/sistemas/investigacion/examen_test.gd
  res://test/sistemas/investigacion/examen_test.gd > test_la_caja_grande_se_examina_mas_lejos_que_la_chica STARTED
  res://test/sistemas/investigacion/examen_test.gd > test_la_caja_grande_se_examina_mas_lejos_que_la_chica PASSED 12ms

  res://test/sistemas/investigacion/examen_test.gd > test_lo_chico_se_examina_a_la_distancia_de_siempre STARTED
  res://test/sistemas/investigacion/examen_test.gd > test_lo_chico_se_examina_a_la_distancia_de_siempre PASSED 10ms

  res://test/sistemas/investigacion/examen_test.gd > test_examinar_de_nuevo_la_misma_caja_da_la_misma_distancia STARTED
  res://test/sistemas/investigacion/examen_test.gd > test_examinar_de_nuevo_la_misma_caja_da_la_misma_distancia PASSED 11ms

  res://test/sistemas/investigacion/examen_test.gd > test_las_dos_cajas_vuelven_del_examen_a_la_cintura STARTED
  res://test/sistemas/investigacion/examen_test.gd > test_las_dos_cajas_vuelven_del_examen_a_la_cintura PASSED 12ms

  res://test/sistemas/investigacion/examen_test.gd > test_sin_nada_en_la_mano_no_arranca_ningun_examen STARTED
  res://test/sistemas/investigacion/examen_test.gd > test_sin_nada_en_la_mano_no_arranca_ningun_examen PASSED 11ms

  res://test/sistemas/investigacion/examen_test.gd > test_examinar_lo_que_se_lleva_lo_centra_y_avisa STARTED
  res://test/sistemas/investigacion/examen_test.gd > test_examinar_lo_que_se_lleva_lo_centra_y_avisa PASSED 12ms

  res://test/sistemas/investigacion/examen_test.gd > test_el_primer_examen_revela_y_el_segundo_ya_no STARTED
  res://test/sistemas/investigacion/examen_test.gd > test_el_primer_examen_revela_y_el_segundo_ya_no PASSED 10ms

  res://test/sistemas/investigacion/examen_test.gd > test_terminar_devuelve_el_objeto_a_la_mano_y_avisa STARTED
  res://test/sistemas/investigacion/examen_test.gd > test_terminar_devuelve_el_objeto_a_la_mano_y_avisa PASSED 10ms

  res://test/sistemas/investigacion/examen_test.gd > test_el_mouse_gira_lo_examinado_solo_arrastrando STARTED
  res://test/sistemas/investigacion/examen_test.gd > test_el_mouse_gira_lo_examinado_solo_arrastrando PASSED 9ms

  res://test/sistemas/investigacion/examen_test.gd > test_las_teclas_giran_lo_examinado_sobre_los_dos_ejes STARTED
  res://test/sistemas/investigacion/examen_test.gd > test_las_teclas_giran_lo_examinado_sobre_los_dos_ejes PASSED 12ms

  res://test/sistemas/investigacion/examen_test.gd > test_girar_sin_examinar_nada_no_rompe STARTED
  res://test/sistemas/investigacion/examen_test.gd > test_girar_sin_examinar_nada_no_rompe PASSED 10ms

  res://test/sistemas/investigacion/examen_test.gd > test_lo_fijo_enfocado_se_piensa_sin_agarrarlo STARTED
  res://test/sistemas/investigacion/examen_test.gd > test_lo_fijo_enfocado_se_piensa_sin_agarrarlo PASSED 10ms

  res://test/sistemas/investigacion/examen_test.gd > test_lo_que_se_lleva_le_gana_a_lo_enfocado STARTED
  res://test/sistemas/investigacion/examen_test.gd > test_lo_que_se_lleva_le_gana_a_lo_enfocado PASSED 9ms

  res://test/sistemas/investigacion/examen_test.gd > test_examinar_dos_veces_seguidas_sin_terminar_no_reabre_nada STARTED
  res://test/sistemas/investigacion/examen_test.gd > test_examinar_dos_veces_seguidas_sin_terminar_no_reabre_nada PASSED 8ms

  res://test/sistemas/investigacion/examen_test.gd > test_el_clic_mientras_se_examina_no_cierra_ni_suelta STARTED
  res://test/sistemas/investigacion/examen_test.gd > test_el_clic_mientras_se_examina_no_cierra_ni_suelta PASSED 13ms

  res://test/sistemas/investigacion/examen_test.gd > test_sin_examinar_nada_el_clic_pasa_de_largo STARTED
  res://test/sistemas/investigacion/examen_test.gd > test_sin_examinar_nada_el_clic_pasa_de_largo PASSED 13ms

  res://test/sistemas/investigacion/examen_test.gd > test_la_e_alterna_entre_examinar_y_volver STARTED
  res://test/sistemas/investigacion/examen_test.gd > test_la_e_alterna_entre_examinar_y_volver PASSED 10ms

  res://test/sistemas/investigacion/examen_test.gd > test_sin_punto_de_examen_la_e_no_se_pasa_a_revelar_lo_enfocado STARTED
ERROR: Examen sin punto de examen cableado: revisar jugador.tscn
   at: push_error (core/variant/variant_utility.cpp:1023)
   GDScript backtrace (most recent call first):
       [0] iniciar (res://src/sistemas/investigacion/examen.gd:53)
       [1] <anonymous lambda> (res://test/sistemas/investigacion/examen_test.gd:316)
       [2] _execute (res://addons/gdUnit4/src/asserts/GdUnitGodotErrorAssertImpl.gd:17)
       [3] is_push_error (res://addons/gdUnit4/src/asserts/GdUnitGodotErrorAssertImpl.gd:132)
       [4] test_sin_punto_de_examen_la_e_no_se_pasa_a_revelar_lo_enfocado (res://test/sistemas/investigacion/examen_test.gd:315)
       [5] _execute_test_case (res://addons/gdUnit4/src/core/_TestCase.gd:79)
       [6] execute (res://addons/gdUnit4/src/core/_TestCase.gd:40)
       [7] _execute (res://addons/gdUnit4/src/core/execution/stages/single/GdUnitTestCaseSingleTestStage.gd:10)
       [8] execute (res://addons/gdUnit4/src/core/execution/stages/IGdUnitExecutionStage.gd:19)
       [9] _execute (res://addons/gdUnit4/src/core/execution/stages/single/GdUnitTestCaseSingleExecutionStage.gd:17)
       [10] execute (res://addons/gdUnit4/src/core/execution/stages/IGdUnitExecutionStage.gd:19)
       [11] _execute (res://addons/gdUnit4/src/core/execution/stages/GdUnitTestCaseExecutionStage.gd:26)
       [12] execute (res://addons/gdUnit4/src/core/execution/stages/IGdUnitExecutionStage.gd:19)
       [13] _execute (res://addons/gdUnit4/src/core/execution/stages/GdUnitTestSuiteExecutionStage.gd:36)
       [14] execute (res://addons/gdUnit4/src/core/execution/stages/IGdUnitExecutionStage.gd:19)
       [15] _execute (res://addons/gdUnit4/src/core/execution/stages/GdUnitTestCaseExecutionStage.gd:35)
       [16] execute (res://addons/gdUnit4/src/core/execution/stages/IGdUnitExecutionStage.gd:19)
       [17] _execute (res://addons/gdUnit4/src/core/execution/stages/single/GdUnitTestCaseSingleExecutionStage.gd:28)
       [18] execute (res://addons/gdUnit4/src/core/execution/stages/IGdUnitExecutionStage.gd:19)
       [19] _execute (res://addons/gdUnit4/src/core/execution/stages/single/GdUnitTestCaseSingleTestStage.gd:10)
       [20] execute (res://addons/gdUnit4/src/core/_TestCase.gd:41)
       [21] test_completed (res://addons/gdUnit4/src/core/_TestCase.gd:86)
  res://test/sistemas/investigacion/examen_test.gd > test_sin_punto_de_examen_la_e_no_se_pasa_a_revelar_lo_enfocado PASSED 12ms

  res://test/sistemas/investigacion/examen_test.gd > test_la_e_con_manos_vacias_no_examina_ni_revela_un_levantable STARTED
  res://test/sistemas/investigacion/examen_test.gd > test_la_e_con_manos_vacias_no_examina_ni_revela_un_levantable PASSED 10ms

Statistics: 19 test cases | 0 errors | 0 failures | 0 flaky | 0 skipped | 0 orphans | PASSED 312ms


Run Test Suite: res://test/sistemas/marco/agarre_test.gd
  res://test/sistemas/marco/agarre_test.gd > test_agarrar_cuelga_el_objeto_del_punto_de_carga STARTED
  res://test/sistemas/marco/agarre_test.gd > test_agarrar_cuelga_el_objeto_del_punto_de_carga PASSED 12ms

  res://test/sistemas/marco/agarre_test.gd > test_agarrar_congela_la_fisica_de_lo_que_se_lleva STARTED
  res://test/sistemas/marco/agarre_test.gd > test_agarrar_congela_la_fisica_de_lo_que_se_lleva PASSED 10ms

  res://test/sistemas/marco/agarre_test.gd > test_soltar_conserva_la_orientacion_mundial_de_la_mano STARTED
  res://test/sistemas/marco/agarre_test.gd > test_soltar_conserva_la_orientacion_mundial_de_la_mano PASSED 11ms

  res://test/sistemas/marco/agarre_test.gd > test_lo_suelto_no_se_mueve_con_la_camara_y_vuelve_a_seguir_la_mano STARTED
  res://test/sistemas/marco/agarre_test.gd > test_lo_suelto_no_se_mueve_con_la_camara_y_vuelve_a_seguir_la_mano PASSED 10ms

  res://test/sistemas/marco/agarre_test.gd > test_con_las_manos_llenas_se_rechaza_y_no_se_mueve_nada STARTED
  res://test/sistemas/marco/agarre_test.gd > test_con_las_manos_llenas_se_rechaza_y_no_se_mueve_nada PASSED 10ms

  res://test/sistemas/marco/agarre_test.gd > test_lo_sostenido_se_puede_mover_a_otro_punto_sin_soltarlo STARTED
  res://test/sistemas/marco/agarre_test.gd > test_lo_sostenido_se_puede_mover_a_otro_punto_sin_soltarlo PASSED 12ms

  res://test/sistemas/marco/agarre_test.gd > test_devolver_a_la_mano_vuelve_al_punto_de_donde_salio STARTED
  res://test/sistemas/marco/agarre_test.gd > test_devolver_a_la_mano_vuelve_al_punto_de_donde_salio PASSED 12ms

  res://test/sistemas/marco/agarre_test.gd > test_despues_de_soltar_devolver_no_usa_el_punto_de_lo_anterior STARTED
  res://test/sistemas/marco/agarre_test.gd > test_despues_de_soltar_devolver_no_usa_el_punto_de_lo_anterior PASSED 11ms

  res://test/sistemas/marco/agarre_test.gd > test_con_las_manos_vacias_no_hay_nada_que_mover STARTED
  res://test/sistemas/marco/agarre_test.gd > test_con_las_manos_vacias_no_hay_nada_que_mover PASSED 13ms

  res://test/sistemas/marco/agarre_test.gd > test_soltar_al_frente_lleva_el_objeto_al_punto_de_soltado STARTED
  res://test/sistemas/marco/agarre_test.gd > test_soltar_al_frente_lleva_el_objeto_al_punto_de_soltado PASSED 14ms

  res://test/sistemas/marco/agarre_test.gd > test_soltar_sin_lugar_adelante_lo_deja_en_el_respaldo STARTED
  res://test/sistemas/marco/agarre_test.gd > test_soltar_sin_lugar_adelante_lo_deja_en_el_respaldo PASSED 13ms

  res://test/sistemas/marco/agarre_test.gd > test_vaciar_las_manos_vacias_no_avisa_nada STARTED
  res://test/sistemas/marco/agarre_test.gd > test_vaciar_las_manos_vacias_no_avisa_nada PASSED 13ms

  res://test/sistemas/marco/agarre_test.gd > test_vaciar_las_manos_llenas_deja_lo_que_habia_en_el_respaldo STARTED
  res://test/sistemas/marco/agarre_test.gd > test_vaciar_las_manos_llenas_deja_lo_que_habia_en_el_respaldo PASSED 13ms

  res://test/sistemas/marco/agarre_test.gd > test_el_clic_agarra_y_despues_suelta STARTED
  res://test/sistemas/marco/agarre_test.gd > test_el_clic_agarra_y_despues_suelta PASSED 11ms

  res://test/sistemas/marco/agarre_test.gd > test_agarrar_suspende_y_soltar_restaura_colisiones STARTED
  res://test/sistemas/marco/agarre_test.gd > test_agarrar_suspende_y_soltar_restaura_colisiones PASSED 12ms

  res://test/sistemas/marco/agarre_test.gd > test_dos_agarres_con_examen_restauran_sus_colisiones STARTED
  res://test/sistemas/marco/agarre_test.gd > test_dos_agarres_con_examen_restauran_sus_colisiones PASSED 12ms

  res://test/sistemas/marco/agarre_test.gd > test_vaciar_restaura_colisiones STARTED
  res://test/sistemas/marco/agarre_test.gd > test_vaciar_restaura_colisiones PASSED 11ms

  res://test/sistemas/marco/agarre_test.gd > test_agarrar_y_soltar_un_nodo_sin_colisiones STARTED
  res://test/sistemas/marco/agarre_test.gd > test_agarrar_y_soltar_un_nodo_sin_colisiones PASSED 12ms

  res://test/sistemas/marco/agarre_test.gd > test_el_lector_conserva_identidad_sin_mutar_y_se_vacia_al_salir STARTED
  res://test/sistemas/marco/agarre_test.gd > test_el_lector_conserva_identidad_sin_mutar_y_se_vacia_al_salir PASSED 12ms

Statistics: 19 test cases | 0 errors | 0 failures | 0 flaky | 0 skipped | 0 orphans | PASSED 354ms


Run Test Suite: res://test/sistemas/marco/calentamiento_de_shaders_test.gd
  res://test/sistemas/marco/calentamiento_de_shaders_test.gd > test_un_cuadro_por_material_nuevo STARTED
  res://test/sistemas/marco/calentamiento_de_shaders_test.gd > test_un_cuadro_por_material_nuevo PASSED 21ms

  res://test/sistemas/marco/calentamiento_de_shaders_test.gd > test_el_material_de_un_multimesh_cuenta_como_nuevo STARTED
  res://test/sistemas/marco/calentamiento_de_shaders_test.gd > test_el_material_de_un_multimesh_cuenta_como_nuevo PASSED 12ms

  res://test/sistemas/marco/calentamiento_de_shaders_test.gd > test_el_material_reemplazado_en_una_superficie_cuenta_como_nuevo STARTED
  res://test/sistemas/marco/calentamiento_de_shaders_test.gd > test_el_material_reemplazado_en_una_superficie_cuenta_como_nuevo PASSED 13ms

  res://test/sistemas/marco/calentamiento_de_shaders_test.gd > test_los_que_repiten_material_se_destapan_juntos STARTED
  res://test/sistemas/marco/calentamiento_de_shaders_test.gd > test_los_que_repiten_material_se_destapan_juntos PASSED 15ms

  res://test/sistemas/marco/calentamiento_de_shaders_test.gd > test_termina_con_todo_visible_y_la_camara_de_antes STARTED
  res://test/sistemas/marco/calentamiento_de_shaders_test.gd > test_termina_con_todo_visible_y_la_camara_de_antes PASSED 28ms

  res://test/sistemas/marco/calentamiento_de_shaders_test.gd > test_lo_oculto_se_dibuja_y_vuelve_a_quedar_oculto STARTED
  res://test/sistemas/marco/calentamiento_de_shaders_test.gd > test_lo_oculto_se_dibuja_y_vuelve_a_quedar_oculto PASSED 18ms

  res://test/sistemas/marco/calentamiento_de_shaders_test.gd > test_el_modelo_reemplazado_no_se_destapa_durante_el_calentamiento STARTED
  res://test/sistemas/marco/calentamiento_de_shaders_test.gd > test_el_modelo_reemplazado_no_se_destapa_durante_el_calentamiento PASSED 22ms

  res://test/sistemas/marco/calentamiento_de_shaders_test.gd > test_una_escena_sin_objetos_termina_igual STARTED
  res://test/sistemas/marco/calentamiento_de_shaders_test.gd > test_una_escena_sin_objetos_termina_igual PASSED 15ms

  res://test/sistemas/marco/calentamiento_de_shaders_test.gd > test_antes_de_calentar_no_hace_nada STARTED
  res://test/sistemas/marco/calentamiento_de_shaders_test.gd > test_antes_de_calentar_no_hace_nada PASSED 13ms

  res://test/sistemas/marco/calentamiento_de_shaders_test.gd > test_los_objetos_movibles_se_dibujan_tambien_sin_los_focos_del_cuarto STARTED
  res://test/sistemas/marco/calentamiento_de_shaders_test.gd > test_los_objetos_movibles_se_dibujan_tambien_sin_los_focos_del_cuarto PASSED 36ms

  res://test/sistemas/marco/calentamiento_de_shaders_test.gd > test_el_contorno_se_dibuja_antes_de_jugar_y_se_retira_al_terminar STARTED
  res://test/sistemas/marco/calentamiento_de_shaders_test.gd > test_el_contorno_se_dibuja_antes_de_jugar_y_se_retira_al_terminar PASSED 13ms

  res://test/sistemas/marco/calentamiento_de_shaders_test.gd > test_el_calentamiento_restaura_el_pase_y_los_uniformes_del_foco_previo STARTED
  res://test/sistemas/marco/calentamiento_de_shaders_test.gd > test_el_calentamiento_restaura_el_pase_y_los_uniformes_del_foco_previo PASSED 13ms

  res://test/sistemas/marco/calentamiento_de_shaders_test.gd > test_las_gotas_se_calientan_con_omni_y_area_sin_mover_el_lote_real STARTED
  res://test/sistemas/marco/calentamiento_de_shaders_test.gd > test_las_gotas_se_calientan_con_omni_y_area_sin_mover_el_lote_real PASSED 56ms

  res://test/sistemas/marco/calentamiento_de_shaders_test.gd > test_cancelar_el_calentamiento_restaura_luces_y_gotas_y_libera_muestras STARTED
  res://test/sistemas/marco/calentamiento_de_shaders_test.gd > test_cancelar_el_calentamiento_restaura_luces_y_gotas_y_libera_muestras PASSED 40ms

  res://test/sistemas/marco/calentamiento_de_shaders_test.gd > test_fuera_de_la_web_la_plantilla_no_enlaza_en_paralelo STARTED
  res://test/sistemas/marco/calentamiento_de_shaders_test.gd > test_fuera_de_la_web_la_plantilla_no_enlaza_en_paralelo PASSED 9ms

  res://test/sistemas/marco/calentamiento_de_shaders_test.gd > test_con_cola_la_pasada_destapa_todos_sus_objetos_en_un_cuadro STARTED
  res://test/sistemas/marco/calentamiento_de_shaders_test.gd > test_con_cola_la_pasada_destapa_todos_sus_objetos_en_un_cuadro PASSED 9ms

  res://test/sistemas/marco/calentamiento_de_shaders_test.gd > test_no_termina_mientras_quedan_programas_en_cola STARTED
  res://test/sistemas/marco/calentamiento_de_shaders_test.gd > test_no_termina_mientras_quedan_programas_en_cola PASSED 73ms

  res://test/sistemas/marco/calentamiento_de_shaders_test.gd > test_las_pasadas_no_esperan_la_cola_y_el_final_espera_la_de_la_ultima STARTED
  res://test/sistemas/marco/calentamiento_de_shaders_test.gd > test_las_pasadas_no_esperan_la_cola_y_el_final_espera_la_de_la_ultima PASSED 77ms

  res://test/sistemas/marco/calentamiento_de_shaders_test.gd > test_con_cola_el_progreso_sale_de_los_programas_que_terminaron STARTED
  res://test/sistemas/marco/calentamiento_de_shaders_test.gd > test_con_cola_el_progreso_sale_de_los_programas_que_terminaron PASSED 32ms

Statistics: 19 test cases | 0 errors | 0 failures | 0 flaky | 0 skipped | 0 orphans | PASSED 653ms


Run Test Suite: res://test/sistemas/marco/carga_en_segundo_plano_test.gd
  res://test/sistemas/marco/carga_en_segundo_plano_test.gd > test_sin_pedido_el_progreso_es_cero STARTED
  res://test/sistemas/marco/carga_en_segundo_plano_test.gd > test_sin_pedido_el_progreso_es_cero PASSED 9ms

  res://test/sistemas/marco/carga_en_segundo_plano_test.gd > test_una_escena_que_existe_emite_lista_una_sola_vez STARTED
  res://test/sistemas/marco/carga_en_segundo_plano_test.gd > test_una_escena_que_existe_emite_lista_una_sola_vez PASSED 72ms

  res://test/sistemas/marco/carga_en_segundo_plano_test.gd > test_una_ruta_que_no_existe_emite_fallo_una_sola_vez STARTED
ERROR: Cannot open file 'res://no_existe.tscn'.
   at: load (scene/resources/resource_format_text.cpp:1442)
ERROR: Failed loading resource: res://no_existe.tscn.
   at: _load (core/io/resource_loader.cpp:317)
  res://test/sistemas/marco/carga_en_segundo_plano_test.gd > test_una_ruta_que_no_existe_emite_fallo_una_sola_vez PASSED 93ms

  res://test/sistemas/marco/carga_en_segundo_plano_test.gd > test_un_pedido_con_la_carga_en_curso_no_arranca_otra STARTED
  res://test/sistemas/marco/carga_en_segundo_plano_test.gd > test_un_pedido_con_la_carga_en_curso_no_arranca_otra PASSED 4s 205ms

  res://test/sistemas/marco/carga_en_segundo_plano_test.gd > test_despues_de_un_fallo_un_pedido_nuevo_vuelve_a_emitir STARTED
ERROR: Cannot open file 'res://no_existe.tscn'.
   at: load (scene/resources/resource_format_text.cpp:1442)
ERROR: Failed loading resource: res://no_existe.tscn.
   at: _load (core/io/resource_loader.cpp:317)
ERROR: Cannot open file 'res://no_existe.tscn'.
   at: load (scene/resources/resource_format_text.cpp:1442)
ERROR: Failed loading resource: res://no_existe.tscn.
   at: _load (core/io/resource_loader.cpp:317)
  res://test/sistemas/marco/carga_en_segundo_plano_test.gd > test_despues_de_un_fallo_un_pedido_nuevo_vuelve_a_emitir PASSED 250ms

  res://test/sistemas/marco/carga_en_segundo_plano_test.gd > test_liberarla_con_la_carga_en_curso_no_deja_la_carga_colgada STARTED
  res://test/sistemas/marco/carga_en_segundo_plano_test.gd > test_liberarla_con_la_carga_en_curso_no_deja_la_carga_colgada PASSED 8ms

  res://test/sistemas/marco/carga_en_segundo_plano_test.gd > test_una_escena_ya_cargada_llega_sin_volver_a_cargarla STARTED
  res://test/sistemas/marco/carga_en_segundo_plano_test.gd > test_una_escena_ya_cargada_llega_sin_volver_a_cargarla PASSED 146ms

Statistics: 7 test cases | 0 errors | 0 failures | 0 flaky | 0 skipped | 0 orphans | PASSED 4s 828ms


Run Test Suite: res://test/sistemas/marco/ciclo_de_jornadas_test.gd
  res://test/sistemas/marco/ciclo_de_jornadas_test.gd > test_arrancar_deja_el_reloj_corriendo_con_las_tareas_alcanzables STARTED
  res://test/sistemas/marco/ciclo_de_jornadas_test.gd > test_arrancar_deja_el_reloj_corriendo_con_las_tareas_alcanzables PASSED 9ms

  res://test/sistemas/marco/ciclo_de_jornadas_test.gd > test_la_partida_entera_cierra_cada_jornada_incluida_la_ultima STARTED
  res://test/sistemas/marco/ciclo_de_jornadas_test.gd > test_la_partida_entera_cierra_cada_jornada_incluida_la_ultima PASSED 7ms

  res://test/sistemas/marco/ciclo_de_jornadas_test.gd > test_sobre_una_partida_que_termino_no_se_abre_nada_ni_se_emite_nada STARTED
  res://test/sistemas/marco/ciclo_de_jornadas_test.gd > test_sobre_una_partida_que_termino_no_se_abre_nada_ni_se_emite_nada PASSED 8ms

  res://test/sistemas/marco/ciclo_de_jornadas_test.gd > test_el_ciclo_no_decide_como_pesa_una_jornada STARTED
  res://test/sistemas/marco/ciclo_de_jornadas_test.gd > test_el_ciclo_no_decide_como_pesa_una_jornada PASSED 9ms

  res://test/sistemas/marco/ciclo_de_jornadas_test.gd > test_agotar_avisa_una_vez_antes_del_registro_y_del_cierre STARTED
  res://test/sistemas/marco/ciclo_de_jornadas_test.gd > test_agotar_avisa_una_vez_antes_del_registro_y_del_cierre PASSED 12ms

Statistics: 5 test cases | 0 errors | 0 failures | 0 flaky | 0 skipped | 0 orphans | PASSED 75ms


Run Test Suite: res://test/sistemas/marco/control_de_pausa_test.gd
  res://test/sistemas/marco/control_de_pausa_test.gd > test_esc_pausa_el_arbol_y_otro_esc_lo_reanuda STARTED
  res://test/sistemas/marco/control_de_pausa_test.gd > test_esc_pausa_el_arbol_y_otro_esc_lo_reanuda PASSED 11ms

  res://test/sistemas/marco/control_de_pausa_test.gd > test_el_nodo_corre_tambien_en_pausa STARTED
  res://test/sistemas/marco/control_de_pausa_test.gd > test_el_nodo_corre_tambien_en_pausa PASSED 12ms

  res://test/sistemas/marco/control_de_pausa_test.gd > test_con_la_placa_en_pantalla_esc_no_hace_nada STARTED
  res://test/sistemas/marco/control_de_pausa_test.gd > test_con_la_placa_en_pantalla_esc_no_hace_nada PASSED 11ms

  res://test/sistemas/marco/control_de_pausa_test.gd > test_perder_el_cursor_que_el_juego_tenia_tomado_pausa STARTED
  res://test/sistemas/marco/control_de_pausa_test.gd > test_perder_el_cursor_que_el_juego_tenia_tomado_pausa PASSED 9ms

  res://test/sistemas/marco/control_de_pausa_test.gd > test_el_cursor_que_suelta_el_juego_no_pausa STARTED
  res://test/sistemas/marco/control_de_pausa_test.gd > test_el_cursor_que_suelta_el_juego_no_pausa PASSED 12ms

  res://test/sistemas/marco/control_de_pausa_test.gd > test_cambiar_de_ventana_no_pausa_y_esc_sigue_pausando STARTED
  res://test/sistemas/marco/control_de_pausa_test.gd > test_cambiar_de_ventana_no_pausa_y_esc_sigue_pausando PASSED 12ms

  res://test/sistemas/marco/control_de_pausa_test.gd > test_volver_al_menu_sale_de_la_pausa_y_pide_el_menu_una_vez STARTED
  res://test/sistemas/marco/control_de_pausa_test.gd > test_volver_al_menu_sale_de_la_pausa_y_pide_el_menu_una_vez PASSED 10ms

  res://test/sistemas/marco/control_de_pausa_test.gd > test_reanudar_fuera_de_la_pausa_no_avisa STARTED
  res://test/sistemas/marco/control_de_pausa_test.gd > test_reanudar_fuera_de_la_pausa_no_avisa PASSED 12ms

  res://test/sistemas/marco/control_de_pausa_test.gd > test_fuera_del_arbol_deja_de_mirar_el_cursor STARTED
  res://test/sistemas/marco/control_de_pausa_test.gd > test_fuera_del_arbol_deja_de_mirar_el_cursor PASSED 10ms

Statistics: 9 test cases | 0 errors | 0 failures | 0 flaky | 0 skipped | 0 orphans | PASSED 153ms


Run Test Suite: res://test/sistemas/marco/enlace_de_audio_test.gd
  res://test/sistemas/marco/enlace_de_audio_test.gd > test_enlaza_las_tres_aridades_leyendolas_del_motor STARTED
  res://test/sistemas/marco/enlace_de_audio_test.gd > test_enlaza_las_tres_aridades_leyendolas_del_motor PASSED 15ms

  res://test/sistemas/marco/enlace_de_audio_test.gd > test_una_fuente_que_no_declara_la_senal_no_se_enlaza_y_se_declara STARTED
  res://test/sistemas/marco/enlace_de_audio_test.gd > test_una_fuente_que_no_declara_la_senal_no_se_enlaza_y_se_declara PASSED 13ms

  res://test/sistemas/marco/enlace_de_audio_test.gd > test_los_dos_rubros_parten_el_enum_sin_solaparse STARTED
  res://test/sistemas/marco/enlace_de_audio_test.gd > test_los_dos_rubros_parten_el_enum_sin_solaparse PASSED 12ms

  res://test/sistemas/marco/enlace_de_audio_test.gd > test_enlazar_dos_veces_no_duplica_la_conexion STARTED
  res://test/sistemas/marco/enlace_de_audio_test.gd > test_enlazar_dos_veces_no_duplica_la_conexion PASSED 13ms

  res://test/sistemas/marco/enlace_de_audio_test.gd > test_dos_fuentes_con_la_misma_senal_suenan_las_dos STARTED
  res://test/sistemas/marco/enlace_de_audio_test.gd > test_dos_fuentes_con_la_misma_senal_suenan_las_dos PASSED 10ms

  res://test/sistemas/marco/enlace_de_audio_test.gd > test_una_fila_sin_senal_queda_sin_fuente_y_no_rompe_nada STARTED
  res://test/sistemas/marco/enlace_de_audio_test.gd > test_una_fila_sin_senal_queda_sin_fuente_y_no_rompe_nada PASSED 12ms

  res://test/sistemas/marco/enlace_de_audio_test.gd > test_una_fila_con_un_bus_no_declarado_no_se_enlaza STARTED
  res://test/sistemas/marco/enlace_de_audio_test.gd > test_una_fila_con_un_bus_no_declarado_no_se_enlaza PASSED 9ms

  res://test/sistemas/marco/enlace_de_audio_test.gd > test_soltar_no_suena_y_el_objeto_suena_al_tocar_algo STARTED
  res://test/sistemas/marco/enlace_de_audio_test.gd > test_soltar_no_suena_y_el_objeto_suena_al_tocar_algo PASSED 11ms

  res://test/sistemas/marco/enlace_de_audio_test.gd > test_los_gestos_con_el_balde_suenan_planos_y_un_uso_sin_efecto_no STARTED
  res://test/sistemas/marco/enlace_de_audio_test.gd > test_los_gestos_con_el_balde_suenan_planos_y_un_uso_sin_efecto_no PASSED 55ms

Statistics: 9 test cases | 0 errors | 0 failures | 0 flaky | 0 skipped | 0 orphans | PASSED 215ms


Run Test Suite: res://test/sistemas/marco/enlace_de_guardado_test.gd
  res://test/sistemas/marco/enlace_de_guardado_test.gd > test_el_cierre_de_una_jornada_intermedia_guarda_una_vez STARTED
  res://test/sistemas/marco/enlace_de_guardado_test.gd > test_el_cierre_de_una_jornada_intermedia_guarda_una_vez PASSED 19ms

  res://test/sistemas/marco/enlace_de_guardado_test.gd > test_el_ultimo_cierre_borra_con_una_sola_llamada STARTED
  res://test/sistemas/marco/enlace_de_guardado_test.gd > test_el_ultimo_cierre_borra_con_una_sola_llamada PASSED 14ms

  res://test/sistemas/marco/enlace_de_guardado_test.gd > test_dos_noches_graves_seguidas_borran_el_guardado STARTED
  res://test/sistemas/marco/enlace_de_guardado_test.gd > test_dos_noches_graves_seguidas_borran_el_guardado PASSED 11ms

  res://test/sistemas/marco/enlace_de_guardado_test.gd > test_un_disco_que_falla_no_frena_la_partida STARTED
  res://test/sistemas/marco/enlace_de_guardado_test.gd > test_un_disco_que_falla_no_frena_la_partida PASSED 13ms

  res://test/sistemas/marco/enlace_de_guardado_test.gd > test_el_enlace_no_decide STARTED
  res://test/sistemas/marco/enlace_de_guardado_test.gd > test_el_enlace_no_decide PASSED 13ms

  res://test/sistemas/marco/enlace_de_guardado_test.gd > test_el_checkpoint_ya_contiene_los_siete_medios_del_cierre STARTED
  res://test/sistemas/marco/enlace_de_guardado_test.gd > test_el_checkpoint_ya_contiene_los_siete_medios_del_cierre PASSED 16ms

Statistics: 6 test cases | 0 errors | 0 failures | 0 flaky | 0 skipped | 0 orphans | PASSED 135ms


Run Test Suite: res://test/sistemas/marco/guardado_test.gd
  res://test/sistemas/marco/guardado_test.gd > test_ida_y_vuelta_por_disco_con_los_tipos_intactos STARTED
  res://test/sistemas/marco/guardado_test.gd > test_ida_y_vuelta_por_disco_con_los_tipos_intactos PASSED 15ms

  res://test/sistemas/marco/guardado_test.gd > test_lo_que_falta_o_esta_mal_tipado_en_disco_vuelve_con_su_defecto STARTED
  res://test/sistemas/marco/guardado_test.gd > test_lo_que_falta_o_esta_mal_tipado_en_disco_vuelve_con_su_defecto PASSED 19ms

  res://test/sistemas/marco/guardado_test.gd > test_una_version_futura_no_carga_y_no_se_borra STARTED
  res://test/sistemas/marco/guardado_test.gd > test_una_version_futura_no_carga_y_no_se_borra PASSED 21ms

  res://test/sistemas/marco/guardado_test.gd > test_un_guardado_sin_version_carga STARTED
  res://test/sistemas/marco/guardado_test.gd > test_un_guardado_sin_version_carga PASSED 14ms

  res://test/sistemas/marco/guardado_test.gd > test_sin_archivo_cargar_da_vacio STARTED
  res://test/sistemas/marco/guardado_test.gd > test_sin_archivo_cargar_da_vacio PASSED 12ms

  res://test/sistemas/marco/guardado_test.gd > test_un_archivo_corrupto_da_vacio_y_se_borra STARTED
  res://test/sistemas/marco/guardado_test.gd > test_un_archivo_corrupto_da_vacio_y_se_borra PASSED 19ms

  res://test/sistemas/marco/guardado_test.gd > test_un_archivo_que_no_es_un_diccionario_tambien_es_corrupto STARTED
  res://test/sistemas/marco/guardado_test.gd > test_un_archivo_que_no_es_un_diccionario_tambien_es_corrupto PASSED 12ms

  res://test/sistemas/marco/guardado_test.gd > test_borrar_saca_el_archivo STARTED
  res://test/sistemas/marco/guardado_test.gd > test_borrar_saca_el_archivo PASSED 13ms

  res://test/sistemas/marco/guardado_test.gd > test_retomar_arranca_donde_quedo STARTED
  res://test/sistemas/marco/guardado_test.gd > test_retomar_arranca_donde_quedo PASSED 14ms

  res://test/sistemas/marco/guardado_test.gd > test_un_guardado_nuevo_toma_la_ruta_por_defecto STARTED
  res://test/sistemas/marco/guardado_test.gd > test_un_guardado_nuevo_toma_la_ruta_por_defecto PASSED 10ms

  res://test/sistemas/marco/guardado_test.gd > test_archivo_real_con_medios_antiguo_y_mal_tipo STARTED
  res://test/sistemas/marco/guardado_test.gd > test_archivo_real_con_medios_antiguo_y_mal_tipo PASSED 41ms

Statistics: 11 test cases | 0 errors | 0 failures | 0 flaky | 0 skipped | 0 orphans | PASSED 270ms


Run Test Suite: res://test/sistemas/marco/locutor_test.gd
  res://test/sistemas/marco/locutor_test.gd > test_abrir_publica_la_primera_y_cada_click_izquierdo_publica_una STARTED
  res://test/sistemas/marco/locutor_test.gd > test_abrir_publica_la_primera_y_cada_click_izquierdo_publica_una PASSED 10ms

  res://test/sistemas/marco/locutor_test.gd > test_abrir_otro_dialogo_rechaza_sin_emitir_ni_reemplazar STARTED
  res://test/sistemas/marco/locutor_test.gd > test_abrir_otro_dialogo_rechaza_sin_emitir_ni_reemplazar PASSED 10ms

  res://test/sistemas/marco/locutor_test.gd > test_derecho_soltado_y_otro_evento_no_avanzan STARTED
  res://test/sistemas/marco/locutor_test.gd > test_derecho_soltado_y_otro_evento_no_avanzan PASSED 13ms

  res://test/sistemas/marco/locutor_test.gd > test_el_click_sin_dialogo_no_emite STARTED
  res://test/sistemas/marco/locutor_test.gd > test_el_click_sin_dialogo_no_emite PASSED 9ms

  res://test/sistemas/marco/locutor_test.gd > test_no_se_puede_cerrar_una_conversacion_a_mitad STARTED
  res://test/sistemas/marco/locutor_test.gd > test_no_se_puede_cerrar_una_conversacion_a_mitad PASSED 7ms

  res://test/sistemas/marco/locutor_test.gd > test_el_pensamiento_se_puede_cerrar_sin_avanzar STARTED
  res://test/sistemas/marco/locutor_test.gd > test_el_pensamiento_se_puede_cerrar_sin_avanzar PASSED 12ms

  res://test/sistemas/marco/locutor_test.gd > test_una_entrada_terminada_permite_abrir_la_siguiente STARTED
  res://test/sistemas/marco/locutor_test.gd > test_una_entrada_terminada_permite_abrir_la_siguiente PASSED 11ms

  res://test/sistemas/marco/locutor_test.gd > test_un_dialogo_vacio_o_nulo_no_abre_ni_retiene STARTED
  res://test/sistemas/marco/locutor_test.gd > test_un_dialogo_vacio_o_nulo_no_abre_ni_retiene PASSED 13ms

Statistics: 8 test cases | 0 errors | 0 failures | 0 flaky | 0 skipped | 0 orphans | PASSED 139ms


Run Test Suite: res://test/sistemas/marco/lugares_del_piso_test.gd
  res://test/sistemas/marco/lugares_del_piso_test.gd > test_los_lugares_arrancan_por_adelante_y_saltean_donde_no_hay_piso STARTED
  res://test/sistemas/marco/lugares_del_piso_test.gd > test_los_lugares_arrancan_por_adelante_y_saltean_donde_no_hay_piso PASSED 11ms

  res://test/sistemas/marco/lugares_del_piso_test.gd > test_sin_piso_no_hay_lugar STARTED
  res://test/sistemas/marco/lugares_del_piso_test.gd > test_sin_piso_no_hay_lugar PASSED 11ms

  res://test/sistemas/marco/lugares_del_piso_test.gd > test_el_piso_del_otro_lado_de_una_pared_no_es_un_lugar_cercano STARTED
  res://test/sistemas/marco/lugares_del_piso_test.gd > test_el_piso_del_otro_lado_de_una_pared_no_es_un_lugar_cercano PASSED 39ms

Statistics: 3 test cases | 0 errors | 0 failures | 0 flaky | 0 skipped | 0 orphans | PASSED 85ms


Run Test Suite: res://test/sistemas/marco/marco_del_objetivo_test.gd
  res://test/sistemas/marco/marco_del_objetivo_test.gd > test_la_malla_deformable_dibuja_y_apaga_su_propio_contorno STARTED
  res://test/sistemas/marco/marco_del_objetivo_test.gd > test_la_malla_deformable_dibuja_y_apaga_su_propio_contorno PASSED 11ms

  res://test/sistemas/marco/marco_del_objetivo_test.gd > test_el_objetivo_con_material_propio_lo_recibe_y_conserva_su_superficie STARTED
  res://test/sistemas/marco/marco_del_objetivo_test.gd > test_el_objetivo_con_material_propio_lo_recibe_y_conserva_su_superficie PASSED 10ms

  res://test/sistemas/marco/marco_del_objetivo_test.gd > test_el_material_propio_vacio_deja_el_contorno_comun STARTED
  res://test/sistemas/marco/marco_del_objetivo_test.gd > test_el_material_propio_vacio_deja_el_contorno_comun PASSED 13ms

  res://test/sistemas/marco/marco_del_objetivo_test.gd > test_resalta_siete_mallas_vinculadas_y_no_las_ajenas STARTED
  res://test/sistemas/marco/marco_del_objetivo_test.gd > test_resalta_siete_mallas_vinculadas_y_no_las_ajenas PASSED 10ms

  res://test/sistemas/marco/marco_del_objetivo_test.gd > test_restaura_overlays_distintos_y_conserva_geometria_y_materiales STARTED
  res://test/sistemas/marco/marco_del_objetivo_test.gd > test_restaura_overlays_distintos_y_conserva_geometria_y_materiales PASSED 12ms

  res://test/sistemas/marco/marco_del_objetivo_test.gd > test_cambiar_de_dueno_restaura_el_anterior STARTED
  res://test/sistemas/marco/marco_del_objetivo_test.gd > test_cambiar_de_dueno_restaura_el_anterior PASSED 10ms

  res://test/sistemas/marco/marco_del_objetivo_test.gd > test_sin_mallas_y_apagados_repetidos_no_cambian_el_dueno STARTED
  res://test/sistemas/marco/marco_del_objetivo_test.gd > test_sin_mallas_y_apagados_repetidos_no_cambian_el_dueno PASSED 8ms

  res://test/sistemas/marco/marco_del_objetivo_test.gd > test_el_overlay_recibe_los_valores_del_dominio STARTED
  res://test/sistemas/marco/marco_del_objetivo_test.gd > test_el_overlay_recibe_los_valores_del_dominio PASSED 11ms

Statistics: 8 test cases | 0 errors | 0 failures | 0 flaky | 0 skipped | 0 orphans | PASSED 143ms


Run Test Suite: res://test/sistemas/marco/pedidos_del_menu_test.gd
  res://test/sistemas/marco/pedidos_del_menu_test.gd > test_nuevo_juego_pide_una_sola_vez_con_doble_clic STARTED
  res://test/sistemas/marco/pedidos_del_menu_test.gd > test_nuevo_juego_pide_una_sola_vez_con_doble_clic PASSED 13ms

  res://test/sistemas/marco/pedidos_del_menu_test.gd > test_salir_pide_una_sola_vez_con_doble_clic STARTED
  res://test/sistemas/marco/pedidos_del_menu_test.gd > test_salir_pide_una_sola_vez_con_doble_clic PASSED 13ms

  res://test/sistemas/marco/pedidos_del_menu_test.gd > test_rearmado_nuevo_juego_vuelve_a_pedir STARTED
  res://test/sistemas/marco/pedidos_del_menu_test.gd > test_rearmado_nuevo_juego_vuelve_a_pedir PASSED 13ms

  res://test/sistemas/marco/pedidos_del_menu_test.gd > test_las_opciones_deshabilitadas_no_piden_nada STARTED
  res://test/sistemas/marco/pedidos_del_menu_test.gd > test_las_opciones_deshabilitadas_no_piden_nada PASSED 13ms

  res://test/sistemas/marco/pedidos_del_menu_test.gd > test_con_guardado_continuar_pide_una_sola_vez_con_doble_clic STARTED
  res://test/sistemas/marco/pedidos_del_menu_test.gd > test_con_guardado_continuar_pide_una_sola_vez_con_doble_clic PASSED 13ms

  res://test/sistemas/marco/pedidos_del_menu_test.gd > test_con_guardado_nuevo_juego_confirma_antes_de_borrar STARTED
  res://test/sistemas/marco/pedidos_del_menu_test.gd > test_con_guardado_nuevo_juego_confirma_antes_de_borrar PASSED 10ms

  res://test/sistemas/marco/pedidos_del_menu_test.gd > test_sin_guardado_nuevo_juego_es_directo STARTED
  res://test/sistemas/marco/pedidos_del_menu_test.gd > test_sin_guardado_nuevo_juego_es_directo PASSED 9ms

  res://test/sistemas/marco/pedidos_del_menu_test.gd > test_salir_es_el_unico_cierre_del_juego STARTED
  res://test/sistemas/marco/pedidos_del_menu_test.gd > test_salir_es_el_unico_cierre_del_juego PASSED 67ms

Statistics: 8 test cases | 0 errors | 0 failures | 0 flaky | 0 skipped | 0 orphans | PASSED 206ms


Run Test Suite: res://test/sistemas/marco/red_de_seguridad_test.gd
  res://test/sistemas/marco/red_de_seguridad_test.gd > test_lo_que_no_se_superpone_no_se_toca STARTED
  res://test/sistemas/marco/red_de_seguridad_test.gd > test_lo_que_no_se_superpone_no_se_toca PASSED 13ms

  res://test/sistemas/marco/red_de_seguridad_test.gd > test_lo_soltado_adentro_de_la_pared_sale_al_piso_al_lado_del_jugador STARTED
WARNING: Rescate: `ObjetoAgarrable` estaba adentro de `@StaticBody3D@187101` en (4.000026, 1.100338, -0.000002); va a DESHACER
   at: push_warning (core/variant/variant_utility.cpp:1033)
   GDScript backtrace (most recent call first):
       [0] revisar (res://src/sistemas/marco/red_de_seguridad.gd:101)
       [1] _al_soltar (res://src/sistemas/marco/red_de_seguridad.gd:127)
  res://test/sistemas/marco/red_de_seguridad_test.gd > test_lo_soltado_adentro_de_la_pared_sale_al_piso_al_lado_del_jugador PASSED 40ms

  res://test/sistemas/marco/red_de_seguridad_test.gd > test_sin_ningun_lugar_libre_queda_donde_esta_y_se_registra STARTED
WARNING: Rescate: `ObjetoAgarrable` estaba adentro de `@StaticBody3D@187111` en (4.0, 1.0, 0.0); queda donde está: ningún lugar libre
   at: push_warning (core/variant/variant_utility.cpp:1033)
   GDScript backtrace (most recent call first):
       [0] revisar (res://src/sistemas/marco/red_de_seguridad.gd:101)
       [1] test_sin_ningun_lugar_libre_queda_donde_esta_y_se_registra (res://test/sistemas/marco/red_de_seguridad_test.gd:87)
       [2] _mundo (res://test/sistemas/marco/red_de_seguridad_test.gd:51)
  res://test/sistemas/marco/red_de_seguridad_test.gd > test_sin_ningun_lugar_libre_queda_donde_esta_y_se_registra PASSED 17ms

  res://test/sistemas/marco/red_de_seguridad_test.gd > test_el_aviso_nombra_el_objeto_el_solido_y_la_posicion STARTED
WARNING: Rescate: `ObjetoAgarrable` estaba adentro de `@StaticBody3D@187121` en (4.0, 1.0, 0.0); queda donde está: ningún lugar libre
   at: push_warning (core/variant/variant_utility.cpp:1033)
   GDScript backtrace (most recent call first):
       [0] revisar (res://src/sistemas/marco/red_de_seguridad.gd:101)
       [1] test_el_aviso_nombra_el_objeto_el_solido_y_la_posicion (res://test/sistemas/marco/red_de_seguridad_test.gd:98)
       [2] _mundo (res://test/sistemas/marco/red_de_seguridad_test.gd:51)
  res://test/sistemas/marco/red_de_seguridad_test.gd > test_el_aviso_nombra_el_objeto_el_solido_y_la_posicion PASSED 15ms

  res://test/sistemas/marco/red_de_seguridad_test.gd > test_al_quedar_quieta_la_hoja_rescata_lo_que_quedo_adentro STARTED
WARNING: Rescate: `ObjetoAgarrable` estaba adentro de `@AnimatableBody3D@187137` en (0.0, 0.08, 3.0); queda donde está: ningún lugar libre
   at: push_warning (core/variant/variant_utility.cpp:1033)
   GDScript backtrace (most recent call first):
       [0] revisar (res://src/sistemas/marco/red_de_seguridad.gd:101)
       [1] _al_quedar_quieta (res://src/sistemas/marco/red_de_seguridad.gd:149)
       [2] test_al_quedar_quieta_la_hoja_rescata_lo_que_quedo_adentro (res://test/sistemas/marco/red_de_seguridad_test.gd:122)
  res://test/sistemas/marco/red_de_seguridad_test.gd > test_al_quedar_quieta_la_hoja_rescata_lo_que_quedo_adentro PASSED 23ms

  res://test/sistemas/marco/red_de_seguridad_test.gd > test_lo_soltado_adentro_sale_adelante_del_jugador STARTED
WARNING: Rescate: `ObjetoAgarrable` estaba adentro de `@StaticBody3D@187143` en (1.99, 0.08, 0.0); va a DESHACER
   at: push_warning (core/variant/variant_utility.cpp:1033)
   GDScript backtrace (most recent call first):
       [0] revisar (res://src/sistemas/marco/red_de_seguridad.gd:101)
       [1] _al_soltar (res://src/sistemas/marco/red_de_seguridad.gd:127)
  res://test/sistemas/marco/red_de_seguridad_test.gd > test_lo_soltado_adentro_sale_adelante_del_jugador PASSED 28ms

  res://test/sistemas/marco/red_de_seguridad_test.gd > test_un_lugar_adentro_de_un_area_nueva_no_es_candidato STARTED
WARNING: Rescate: `ObjetoAgarrable` estaba adentro de `@StaticBody3D@187154` en (1.99, 0.08, 0.0); queda donde está: ningún lugar libre
   at: push_warning (core/variant/variant_utility.cpp:1033)
   GDScript backtrace (most recent call first):
       [0] revisar (res://src/sistemas/marco/red_de_seguridad.gd:101)
       [1] test_un_lugar_adentro_de_un_area_nueva_no_es_candidato (res://test/sistemas/marco/red_de_seguridad_test.gd:167)
  res://test/sistemas/marco/red_de_seguridad_test.gd > test_un_lugar_adentro_de_un_area_nueva_no_es_candidato PASSED 35ms

  res://test/sistemas/marco/red_de_seguridad_test.gd > test_alrededor_no_deja_nada_metido_en_la_pared STARTED
WARNING: Rescate: `ObjetoAgarrable` estaba adentro de `@StaticBody3D@187166` en (1.99, 0.08, 0.0); va a ALREDEDOR
   at: push_warning (core/variant/variant_utility.cpp:1033)
   GDScript backtrace (most recent call first):
       [0] revisar (res://src/sistemas/marco/red_de_seguridad.gd:101)
       [1] test_alrededor_no_deja_nada_metido_en_la_pared (res://test/sistemas/marco/red_de_seguridad_test.gd:180)
       [2] _mundo (res://test/sistemas/marco/red_de_seguridad_test.gd:51)
  res://test/sistemas/marco/red_de_seguridad_test.gd > test_alrededor_no_deja_nada_metido_en_la_pared PASSED 14ms

  res://test/sistemas/marco/red_de_seguridad_test.gd > test_lo_congelado_apenas_metido_se_rescata STARTED
WARNING: Rescate: `ObjetoAgarrable` estaba adentro de `@StaticBody3D@187176` en (1.946, 0.08, 0.0); va a ALREDEDOR
   at: push_warning (core/variant/variant_utility.cpp:1033)
   GDScript backtrace (most recent call first):
       [0] revisar (res://src/sistemas/marco/red_de_seguridad.gd:101)
       [1] test_lo_congelado_apenas_metido_se_rescata (res://test/sistemas/marco/red_de_seguridad_test.gd:199)
       [2] _mundo (res://test/sistemas/marco/red_de_seguridad_test.gd:51)
WARNING: Rescate: `ObjetoAgarrable` estaba adentro de `@StaticBody3D@187176` en (1.96, 0.08, 0.0); va a ALREDEDOR
   at: push_warning (core/variant/variant_utility.cpp:1033)
   GDScript backtrace (most recent call first):
       [0] revisar (res://src/sistemas/marco/red_de_seguridad.gd:101)
       [1] test_lo_congelado_apenas_metido_se_rescata (res://test/sistemas/marco/red_de_seguridad_test.gd:199)
       [2] _mundo (res://test/sistemas/marco/red_de_seguridad_test.gd:51)
  res://test/sistemas/marco/red_de_seguridad_test.gd > test_lo_congelado_apenas_metido_se_rescata PASSED 17ms

  res://test/sistemas/marco/red_de_seguridad_test.gd > test_lo_vivo_metido_entero_se_detecta STARTED
WARNING: Rescate: `ObjetoAgarrable` estaba adentro de `@StaticBody3D@187186` en (2.06, 0.08, 0.0); va a ALREDEDOR
   at: push_warning (core/variant/variant_utility.cpp:1033)
   GDScript backtrace (most recent call first):
       [0] revisar (res://src/sistemas/marco/red_de_seguridad.gd:101)
       [1] test_lo_vivo_metido_entero_se_detecta (res://test/sistemas/marco/red_de_seguridad_test.gd:213)
       [2] _mundo (res://test/sistemas/marco/red_de_seguridad_test.gd:51)
  res://test/sistemas/marco/red_de_seguridad_test.gd > test_lo_vivo_metido_entero_se_detecta PASSED 16ms

  res://test/sistemas/marco/red_de_seguridad_test.gd > test_lo_que_nace_despues_se_mira_al_dormirse STARTED
WARNING: Rescate: `@RigidBody3D@187201` estaba adentro de `@StaticBody3D@187196` en (4.0, 1.0, 0.0); queda donde está: ningún lugar libre
   at: push_warning (core/variant/variant_utility.cpp:1033)
   GDScript backtrace (most recent call first):
       [0] revisar (res://src/sistemas/marco/red_de_seguridad.gd:101)
       [1] _al_cambiar_el_reposo (res://src/sistemas/marco/red_de_seguridad.gd:155)
       [2] test_lo_que_nace_despues_se_mira_al_dormirse (res://test/sistemas/marco/red_de_seguridad_test.gd:225)
       [3] _mundo (res://test/sistemas/marco/red_de_seguridad_test.gd:51)
  res://test/sistemas/marco/red_de_seguridad_test.gd > test_lo_que_nace_despues_se_mira_al_dormirse PASSED 16ms

  res://test/sistemas/marco/red_de_seguridad_test.gd > test_va_encima_de_lo_que_ocupa_el_origen_si_admite_otro_encima STARTED
WARNING: Rescate: `ObjetoAgarrable` estaba adentro de `@StaticBody3D@187207` en (4.0, 1.0, 0.0); va a ENCIMA_DEL_ORIGEN
   at: push_warning (core/variant/variant_utility.cpp:1033)
   GDScript backtrace (most recent call first):
       [0] revisar (res://src/sistemas/marco/red_de_seguridad.gd:101)
       [1] test_va_encima_de_lo_que_ocupa_el_origen_si_admite_otro_encima (res://test/sistemas/marco/red_de_seguridad_test.gd:250)
       [2] _ocupante_del_origen (res://test/sistemas/marco/red_de_seguridad_test.gd:241)
  res://test/sistemas/marco/red_de_seguridad_test.gd > test_va_encima_de_lo_que_ocupa_el_origen_si_admite_otro_encima PASSED 15ms

  res://test/sistemas/marco/red_de_seguridad_test.gd > test_no_va_encima_de_lo_que_ocupa_el_origen_si_no_admite_otro_encima STARTED
WARNING: Rescate: `ObjetoAgarrable` estaba adentro de `@StaticBody3D@187218` en (4.0, 1.0, 0.0); queda donde está: ningún lugar libre
   at: push_warning (core/variant/variant_utility.cpp:1033)
   GDScript backtrace (most recent call first):
       [0] revisar (res://src/sistemas/marco/red_de_seguridad.gd:101)
       [1] test_no_va_encima_de_lo_que_ocupa_el_origen_si_no_admite_otro_encima (res://test/sistemas/marco/red_de_seguridad_test.gd:261)
       [2] _ocupante_del_origen (res://test/sistemas/marco/red_de_seguridad_test.gd:241)
  res://test/sistemas/marco/red_de_seguridad_test.gd > test_no_va_encima_de_lo_que_ocupa_el_origen_si_no_admite_otro_encima PASSED 15ms

  res://test/sistemas/marco/red_de_seguridad_test.gd > test_va_encima_de_lo_que_ocupa_el_origen_aunque_este_de_costado STARTED
WARNING: Rescate: `ObjetoAgarrable` estaba adentro de `@StaticBody3D@187229` en (4.0, 1.0, 0.0); va a ENCIMA_DEL_ORIGEN
   at: push_warning (core/variant/variant_utility.cpp:1033)
   GDScript backtrace (most recent call first):
       [0] revisar (res://src/sistemas/marco/red_de_seguridad.gd:101)
       [1] test_va_encima_de_lo_que_ocupa_el_origen_aunque_este_de_costado (res://test/sistemas/marco/red_de_seguridad_test.gd:274)
  res://test/sistemas/marco/red_de_seguridad_test.gd > test_va_encima_de_lo_que_ocupa_el_origen_aunque_este_de_costado PASSED 45ms

Statistics: 14 test cases | 0 errors | 0 failures | 0 flaky | 0 skipped | 0 orphans | PASSED 406ms


Run Test Suite: res://test/sistemas/marco/reloj_del_turno_test.gd
  res://test/sistemas/marco/reloj_del_turno_test.gd > test_con_el_arbol_en_pausa_el_turno_no_descuenta STARTED
  res://test/sistemas/marco/reloj_del_turno_test.gd > test_con_el_arbol_en_pausa_el_turno_no_descuenta PASSED 62ms

  res://test/sistemas/marco/reloj_del_turno_test.gd > test_un_cuadro_consume_el_delta_ya_escalado_por_el_ritmo STARTED
  res://test/sistemas/marco/reloj_del_turno_test.gd > test_un_cuadro_consume_el_delta_ya_escalado_por_el_ritmo PASSED 11ms

  res://test/sistemas/marco/reloj_del_turno_test.gd > test_dos_cuadros_consumen_el_doble STARTED
  res://test/sistemas/marco/reloj_del_turno_test.gd > test_dos_cuadros_consumen_el_doble PASSED 9ms

  res://test/sistemas/marco/reloj_del_turno_test.gd > test_un_reloj_sin_arrancar_no_esta_corriendo STARTED
  res://test/sistemas/marco/reloj_del_turno_test.gd > test_un_reloj_sin_arrancar_no_esta_corriendo PASSED 10ms

  res://test/sistemas/marco/reloj_del_turno_test.gd > test_un_reloj_sin_arrancar_aguanta_un_cuadro_sin_romperse STARTED
  res://test/sistemas/marco/reloj_del_turno_test.gd > test_un_reloj_sin_arrancar_aguanta_un_cuadro_sin_romperse PASSED 14ms

  res://test/sistemas/marco/reloj_del_turno_test.gd > test_cada_cuadro_que_consume_publica_lo_que_queda STARTED
  res://test/sistemas/marco/reloj_del_turno_test.gd > test_cada_cuadro_que_consume_publica_lo_que_queda PASSED 12ms

  res://test/sistemas/marco/reloj_del_turno_test.gd > test_al_agotarse_el_presupuesto_el_turno_cierra_una_sola_vez STARTED
  res://test/sistemas/marco/reloj_del_turno_test.gd > test_al_agotarse_el_presupuesto_el_turno_cierra_una_sola_vez PASSED 12ms

  res://test/sistemas/marco/reloj_del_turno_test.gd > test_despues_de_cerrar_el_reloj_deja_de_consumir_y_no_vuelve_a_avisar STARTED
  res://test/sistemas/marco/reloj_del_turno_test.gd > test_despues_de_cerrar_el_reloj_deja_de_consumir_y_no_vuelve_a_avisar PASSED 10ms

  res://test/sistemas/marco/reloj_del_turno_test.gd > test_completar_una_obligatoria_devuelve_lo_que_dijo_el_dominio_y_avisa STARTED
  res://test/sistemas/marco/reloj_del_turno_test.gd > test_completar_una_obligatoria_devuelve_lo_que_dijo_el_dominio_y_avisa PASSED 9ms

  res://test/sistemas/marco/reloj_del_turno_test.gd > test_completar_dos_veces_la_misma_tarea_no_vuelve_a_avisar STARTED
  res://test/sistemas/marco/reloj_del_turno_test.gd > test_completar_dos_veces_la_misma_tarea_no_vuelve_a_avisar PASSED 12ms

  res://test/sistemas/marco/reloj_del_turno_test.gd > test_el_reloj_entrega_la_misma_instancia_de_tarea_que_recibio_el_turno STARTED
  res://test/sistemas/marco/reloj_del_turno_test.gd > test_el_reloj_entrega_la_misma_instancia_de_tarea_que_recibio_el_turno PASSED 13ms

  res://test/sistemas/marco/reloj_del_turno_test.gd > test_un_tipo_que_no_esta_entre_las_obligatorias_no_devuelve_ninguna_tarea STARTED
  res://test/sistemas/marco/reloj_del_turno_test.gd > test_un_tipo_que_no_esta_entre_las_obligatorias_no_devuelve_ninguna_tarea PASSED 12ms

  res://test/sistemas/marco/reloj_del_turno_test.gd > test_completar_lo_que_obligatoria_no_encontro_contesta_que_no_y_no_revienta STARTED
  res://test/sistemas/marco/reloj_del_turno_test.gd > test_completar_lo_que_obligatoria_no_encontro_contesta_que_no_y_no_revienta PASSED 12ms

  res://test/sistemas/marco/reloj_del_turno_test.gd > test_un_reloj_sin_arrancar_no_completa_nada_en_vez_de_romperse STARTED
  res://test/sistemas/marco/reloj_del_turno_test.gd > test_un_reloj_sin_arrancar_no_completa_nada_en_vez_de_romperse PASSED 12ms

  res://test/sistemas/marco/reloj_del_turno_test.gd > test_descumplir_avisa_por_su_propia_senal_y_no_por_la_de_cumplir STARTED
  res://test/sistemas/marco/reloj_del_turno_test.gd > test_descumplir_avisa_por_su_propia_senal_y_no_por_la_de_cumplir PASSED 13ms

  res://test/sistemas/marco/reloj_del_turno_test.gd > test_descumplir_una_sin_cumplir_no_avisa STARTED
  res://test/sistemas/marco/reloj_del_turno_test.gd > test_descumplir_una_sin_cumplir_no_avisa PASSED 14ms

Statistics: 16 test cases | 0 errors | 0 failures | 0 flaky | 0 skipped | 0 orphans | PASSED 336ms


Run Test Suite: res://test/sistemas/marco/reloj_fuera_de_foco_test.gd
  res://test/sistemas/marco/reloj_fuera_de_foco_test.gd > test_diez_segundos_sin_cuadros_se_descuentan_sin_duplicarse STARTED
  res://test/sistemas/marco/reloj_fuera_de_foco_test.gd > test_diez_segundos_sin_cuadros_se_descuentan_sin_duplicarse PASSED 11ms

  res://test/sistemas/marco/reloj_fuera_de_foco_test.gd > test_la_pausa_manual_excluye_la_ausencia_y_reanuda_el_reloj STARTED
  res://test/sistemas/marco/reloj_fuera_de_foco_test.gd > test_la_pausa_manual_excluye_la_ausencia_y_reanuda_el_reloj PASSED 9ms

  res://test/sistemas/marco/reloj_fuera_de_foco_test.gd > test_una_ausencia_larga_cierra_una_sola_vez STARTED
  res://test/sistemas/marco/reloj_fuera_de_foco_test.gd > test_una_ausencia_larga_cierra_una_sola_vez PASSED 12ms

Statistics: 3 test cases | 0 errors | 0 failures | 0 flaky | 0 skipped | 0 orphans | PASSED 57ms


Run Test Suite: res://test/sistemas/marco/reproductor_del_otro_lado_test.gd
  res://test/sistemas/marco/reproductor_del_otro_lado_test.gd > test_la_pared_cuenta_y_la_puerta_solo_cerrada STARTED
  res://test/sistemas/marco/reproductor_del_otro_lado_test.gd > test_la_pared_cuenta_y_la_puerta_solo_cerrada PASSED 56ms

  res://test/sistemas/marco/reproductor_del_otro_lado_test.gd > test_el_objeto_que_suena_no_se_tapa_a_si_mismo STARTED
  res://test/sistemas/marco/reproductor_del_otro_lado_test.gd > test_el_objeto_que_suena_no_se_tapa_a_si_mismo PASSED 32ms

  res://test/sistemas/marco/reproductor_del_otro_lado_test.gd > test_lo_que_encierra_al_sonido_no_lo_tapa STARTED
  res://test/sistemas/marco/reproductor_del_otro_lado_test.gd > test_lo_que_encierra_al_sonido_no_lo_tapa PASSED 23ms

  res://test/sistemas/marco/reproductor_del_otro_lado_test.gd > test_una_pared_de_dos_solidos_encimados_cuenta_una STARTED
  res://test/sistemas/marco/reproductor_del_otro_lado_test.gd > test_una_pared_de_dos_solidos_encimados_cuenta_una PASSED 66ms

  res://test/sistemas/marco/reproductor_del_otro_lado_test.gd > test_dos_paredes_del_mismo_solido_cuentan_dos STARTED
  res://test/sistemas/marco/reproductor_del_otro_lado_test.gd > test_dos_paredes_del_mismo_solido_cuentan_dos PASSED 60ms

  res://test/sistemas/marco/reproductor_del_otro_lado_test.gd > test_la_voz_se_queda_y_se_apaga_aunque_se_borre_lo_que_sono STARTED
  res://test/sistemas/marco/reproductor_del_otro_lado_test.gd > test_la_voz_se_queda_y_se_apaga_aunque_se_borre_lo_que_sono PASSED 30ms

  res://test/sistemas/marco/reproductor_del_otro_lado_test.gd > test_aparecer_una_pared_apaga_sin_salto STARTED
  res://test/sistemas/marco/reproductor_del_otro_lado_test.gd > test_aparecer_una_pared_apaga_sin_salto PASSED 23ms

  res://test/sistemas/marco/reproductor_del_otro_lado_test.gd > test_la_voz_que_termino_deja_de_medir_obstaculos STARTED
  res://test/sistemas/marco/reproductor_del_otro_lado_test.gd > test_la_voz_que_termino_deja_de_medir_obstaculos PASSED 30ms

  res://test/sistemas/marco/reproductor_del_otro_lado_test.gd > test_lo_plano_no_se_apaga STARTED
  res://test/sistemas/marco/reproductor_del_otro_lado_test.gd > test_lo_plano_no_se_apaga PASSED 29ms

Statistics: 9 test cases | 0 errors | 0 failures | 0 flaky | 0 skipped | 0 orphans | PASSED 411ms


Run Test Suite: res://test/sistemas/marco/reproductor_de_sonidos_test.gd
  res://test/sistemas/marco/reproductor_de_sonidos_test.gd > test_pedir_un_evento_con_sonido_deja_una_voz_con_ese_stream_y_ese_bus STARTED
  res://test/sistemas/marco/reproductor_de_sonidos_test.gd > test_pedir_un_evento_con_sonido_deja_una_voz_con_ese_stream_y_ese_bus PASSED 8ms

  res://test/sistemas/marco/reproductor_de_sonidos_test.gd > test_una_fila_sin_stream_no_ocupa_ninguna_voz STARTED
  res://test/sistemas/marco/reproductor_de_sonidos_test.gd > test_una_fila_sin_stream_no_ocupa_ninguna_voz PASSED 9ms

  res://test/sistemas/marco/reproductor_de_sonidos_test.gd > test_un_evento_sin_fila_se_rechaza_y_se_declara STARTED
  res://test/sistemas/marco/reproductor_de_sonidos_test.gd > test_un_evento_sin_fila_se_rechaza_y_se_declara PASSED 9ms

  res://test/sistemas/marco/reproductor_de_sonidos_test.gd > test_un_bus_no_declarado_se_rechaza_en_vez_de_salir_por_master STARTED
  res://test/sistemas/marco/reproductor_de_sonidos_test.gd > test_un_bus_no_declarado_se_rechaza_en_vez_de_salir_por_master PASSED 9ms

  res://test/sistemas/marco/reproductor_de_sonidos_test.gd > test_cinco_pedidos_seguidos_ocupan_cinco_voces_distintas STARTED
  res://test/sistemas/marco/reproductor_de_sonidos_test.gd > test_cinco_pedidos_seguidos_ocupan_cinco_voces_distintas PASSED 10ms

  res://test/sistemas/marco/reproductor_de_sonidos_test.gd > test_una_fila_en_bucle_ocupa_la_voz_de_ambiente_y_no_la_ronda STARTED
  res://test/sistemas/marco/reproductor_de_sonidos_test.gd > test_una_fila_en_bucle_ocupa_la_voz_de_ambiente_y_no_la_ronda PASSED 13ms

  res://test/sistemas/marco/reproductor_de_sonidos_test.gd > test_silenciar_deja_todas_las_voces_sin_stream STARTED
  res://test/sistemas/marco/reproductor_de_sonidos_test.gd > test_silenciar_deja_todas_las_voces_sin_stream PASSED 12ms

  res://test/sistemas/marco/reproductor_de_sonidos_test.gd > test_una_sonoridad_sin_audio_no_suena_ni_cae_a_otro STARTED
  res://test/sistemas/marco/reproductor_de_sonidos_test.gd > test_una_sonoridad_sin_audio_no_suena_ni_cae_a_otro PASSED 12ms

  res://test/sistemas/marco/reproductor_de_sonidos_test.gd > test_los_golpes_bajan_el_volumen_y_filtran STARTED
  res://test/sistemas/marco/reproductor_de_sonidos_test.gd > test_los_golpes_bajan_el_volumen_y_filtran PASSED 14ms

  res://test/sistemas/marco/reproductor_de_sonidos_test.gd > test_agarrar_suena_su_alzar_y_colocar_no_deja_golpes STARTED
  res://test/sistemas/marco/reproductor_de_sonidos_test.gd > test_agarrar_suena_su_alzar_y_colocar_no_deja_golpes PASSED 12ms

  res://test/sistemas/marco/reproductor_de_sonidos_test.gd > test_devolver_suena_su_dejar_pleno_aunque_los_golpes_esten_gastados STARTED
  res://test/sistemas/marco/reproductor_de_sonidos_test.gd > test_devolver_suena_su_dejar_pleno_aunque_los_golpes_esten_gastados PASSED 14ms

  res://test/sistemas/marco/reproductor_de_sonidos_test.gd > test_un_evento_sin_objeto_suena_su_fila_de_siempre STARTED
  res://test/sistemas/marco/reproductor_de_sonidos_test.gd > test_un_evento_sin_objeto_suena_su_fila_de_siempre PASSED 10ms

  res://test/sistemas/marco/reproductor_de_sonidos_test.gd > test_sonar_no_interactua_con_lo_que_lo_produjo STARTED
  res://test/sistemas/marco/reproductor_de_sonidos_test.gd > test_sonar_no_interactua_con_lo_que_lo_produjo PASSED 10ms

Statistics: 13 test cases | 0 errors | 0 failures | 0 flaky | 0 skipped | 0 orphans | PASSED 230ms


Run Test Suite: res://test/sistemas/marco/reproductor_en_el_local_test.gd
  res://test/sistemas/marco/reproductor_en_el_local_test.gd > test_la_musica_y_el_ambiente_suenan_a_la_vez STARTED
  res://test/sistemas/marco/reproductor_en_el_local_test.gd > test_la_musica_y_el_ambiente_suenan_a_la_vez PASSED 13ms

  res://test/sistemas/marco/reproductor_en_el_local_test.gd > test_la_musica_no_empieza_de_nuevo_y_se_corta_al_callarla STARTED
  res://test/sistemas/marco/reproductor_en_el_local_test.gd > test_la_musica_no_empieza_de_nuevo_y_se_corta_al_callarla PASSED 13ms

  res://test/sistemas/marco/reproductor_en_el_local_test.gd > test_una_fila_del_espacio_suena_donde_esta_el_objeto STARTED
  res://test/sistemas/marco/reproductor_en_el_local_test.gd > test_una_fila_del_espacio_suena_donde_esta_el_objeto PASSED 12ms

  res://test/sistemas/marco/reproductor_en_el_local_test.gd > test_una_fila_del_espacio_sin_objeto_suena_en_su_emisor STARTED
  res://test/sistemas/marco/reproductor_en_el_local_test.gd > test_una_fila_del_espacio_sin_objeto_suena_en_su_emisor PASSED 10ms

  res://test/sistemas/marco/reproductor_en_el_local_test.gd > test_una_fila_del_espacio_sin_lugar_se_rechaza STARTED
  res://test/sistemas/marco/reproductor_en_el_local_test.gd > test_una_fila_del_espacio_sin_lugar_se_rechaza PASSED 12ms

  res://test/sistemas/marco/reproductor_en_el_local_test.gd > test_una_fila_plana_suena_en_una_voz_plana STARTED
  res://test/sistemas/marco/reproductor_en_el_local_test.gd > test_una_fila_plana_suena_en_una_voz_plana PASSED 10ms

  res://test/sistemas/marco/reproductor_en_el_local_test.gd > test_el_ambiente_suena_en_sus_emisores_mas_cercanos STARTED
  res://test/sistemas/marco/reproductor_en_el_local_test.gd > test_el_ambiente_suena_en_sus_emisores_mas_cercanos PASSED 12ms

  res://test/sistemas/marco/reproductor_en_el_local_test.gd > test_el_ambiente_sin_emisores_no_suena_ni_falla STARTED
  res://test/sistemas/marco/reproductor_en_el_local_test.gd > test_el_ambiente_sin_emisores_no_suena_ni_falla PASSED 14ms

  res://test/sistemas/marco/reproductor_en_el_local_test.gd > test_el_balde_suena_su_alzar_y_tres_golpes_de_su_dejar STARTED
  res://test/sistemas/marco/reproductor_en_el_local_test.gd > test_el_balde_suena_su_alzar_y_tres_golpes_de_su_dejar PASSED 54ms

  res://test/sistemas/marco/reproductor_en_el_local_test.gd > test_las_variantes_no_se_repiten_y_siguen_la_semilla STARTED
  res://test/sistemas/marco/reproductor_en_el_local_test.gd > test_las_variantes_no_se_repiten_y_siguen_la_semilla PASSED 14ms

  res://test/sistemas/marco/reproductor_en_el_local_test.gd > test_una_fila_de_una_variante_la_repite STARTED
  res://test/sistemas/marco/reproductor_en_el_local_test.gd > test_una_fila_de_una_variante_la_repite PASSED 13ms

Statistics: 11 test cases | 0 errors | 0 failures | 0 flaky | 0 skipped | 0 orphans | PASSED 259ms


Run Test Suite: res://test/sistemas/tareas/caja_registradora_test.gd
  res://test/sistemas/tareas/caja_registradora_test.gd > test_publica_lectura_y_cambio_solo_cuando_anota STARTED
  res://test/sistemas/tareas/caja_registradora_test.gd > test_publica_lectura_y_cambio_solo_cuando_anota PASSED 13ms

  res://test/sistemas/tareas/caja_registradora_test.gd > test_borrar_publica_la_vista_vacia STARTED
  res://test/sistemas/tareas/caja_registradora_test.gd > test_borrar_publica_la_vista_vacia PASSED 13ms

  res://test/sistemas/tareas/caja_registradora_test.gd > test_imprimir_publica_el_papel_y_no_un_cambio_del_programa STARTED
  res://test/sistemas/tareas/caja_registradora_test.gd > test_imprimir_publica_el_papel_y_no_un_cambio_del_programa PASSED 12ms

  res://test/sistemas/tareas/caja_registradora_test.gd > test_otra_jornada_reemplaza_el_programa_y_avisa_la_vista STARTED
  res://test/sistemas/tareas/caja_registradora_test.gd > test_otra_jornada_reemplaza_el_programa_y_avisa_la_vista PASSED 8ms

  res://test/sistemas/tareas/caja_registradora_test.gd > test_sin_generador_el_cableado_avisa_y_no_publica_eventos STARTED
ERROR: Caja registradora sin generador: revisar almacen.gd
   at: push_error (core/variant/variant_utility.cpp:1023)
   GDScript backtrace (most recent call first):
       [0] _sin_cablear (res://src/sistemas/tareas/caja_registradora.gd:57)
       [1] pedir_borrar (res://src/sistemas/tareas/caja_registradora.gd:40)
       [2] _execute (res://addons/gdUnit4/src/asserts/GdUnitGodotErrorAssertImpl.gd:17)
       [3] is_push_error (res://addons/gdUnit4/src/asserts/GdUnitGodotErrorAssertImpl.gd:132)
       [4] test_sin_generador_el_cableado_avisa_y_no_publica_eventos (res://test/sistemas/tareas/caja_registradora_test.gd:81)
       [5] _execute_test_case (res://addons/gdUnit4/src/core/_TestCase.gd:79)
       [6] execute (res://addons/gdUnit4/src/core/_TestCase.gd:40)
       [7] _execute (res://addons/gdUnit4/src/core/execution/stages/single/GdUnitTestCaseSingleTestStage.gd:10)
       [8] execute (res://addons/gdUnit4/src/core/execution/stages/IGdUnitExecutionStage.gd:19)
       [9] _execute (res://addons/gdUnit4/src/core/execution/stages/single/GdUnitTestCaseSingleExecutionStage.gd:17)
       [10] execute (res://addons/gdUnit4/src/core/execution/stages/IGdUnitExecutionStage.gd:19)
       [11] _execute (res://addons/gdUnit4/src/core/execution/stages/GdUnitTestCaseExecutionStage.gd:26)
       [12] execute (res://addons/gdUnit4/src/core/execution/stages/IGdUnitExecutionStage.gd:19)
       [13] _execute (res://addons/gdUnit4/src/core/execution/stages/GdUnitTestSuiteExecutionStage.gd:36)
       [14] execute (res://addons/gdUnit4/src/core/execution/stages/IGdUnitExecutionStage.gd:19)
       [15] _execute (res://addons/gdUnit4/src/core/execution/stages/GdUnitTestCaseExecutionStage.gd:35)
       [16] execute (res://addons/gdUnit4/src/core/execution/stages/IGdUnitExecutionStage.gd:19)
       [17] _execute (res://addons/gdUnit4/src/core/execution/stages/single/GdUnitTestCaseSingleExecutionStage.gd:28)
       [18] execute (res://addons/gdUnit4/src/core/execution/stages/IGdUnitExecutionStage.gd:19)
       [19] _execute (res://addons/gdUnit4/src/core/execution/stages/single/GdUnitTestCaseSingleTestStage.gd:10)
       [20] execute (res://addons/gdUnit4/src/core/_TestCase.gd:41)
       [21] test_completed (res://addons/gdUnit4/src/core/_TestCase.gd:86)
ERROR: Caja registradora sin generador: revisar almacen.gd
   at: push_error (core/variant/variant_utility.cpp:1023)
   GDScript backtrace (most recent call first):
       [0] _sin_cablear (res://src/sistemas/tareas/caja_registradora.gd:57)
       [1] pedir_imprimir (res://src/sistemas/tareas/caja_registradora.gd:47)
       [2] _execute (res://addons/gdUnit4/src/asserts/GdUnitGodotErrorAssertImpl.gd:17)
       [3] is_push_error (res://addons/gdUnit4/src/asserts/GdUnitGodotErrorAssertImpl.gd:132)
       [4] test_sin_generador_el_cableado_avisa_y_no_publica_eventos (res://test/sistemas/tareas/caja_registradora_test.gd:84)
       [5] _execute_test_case (res://addons/gdUnit4/src/core/_TestCase.gd:79)
       [6] execute (res://addons/gdUnit4/src/core/_TestCase.gd:40)
       [7] _execute (res://addons/gdUnit4/src/core/execution/stages/single/GdUnitTestCaseSingleTestStage.gd:10)
       [8] execute (res://addons/gdUnit4/src/core/execution/stages/IGdUnitExecutionStage.gd:19)
       [9] _execute (res://addons/gdUnit4/src/core/execution/stages/single/GdUnitTestCaseSingleExecutionStage.gd:17)
       [10] execute (res://addons/gdUnit4/src/core/execution/stages/IGdUnitExecutionStage.gd:19)
       [11] _execute (res://addons/gdUnit4/src/core/execution/stages/GdUnitTestCaseExecutionStage.gd:26)
       [12] execute (res://addons/gdUnit4/src/core/execution/stages/IGdUnitExecutionStage.gd:19)
       [13] _execute (res://addons/gdUnit4/src/core/execution/stages/GdUnitTestSuiteExecutionStage.gd:36)
       [14] execute (res://addons/gdUnit4/src/core/execution/stages/IGdUnitExecutionStage.gd:19)
       [15] _execute (res://addons/gdUnit4/src/core/execution/stages/GdUnitTestCaseExecutionStage.gd:35)
       [16] execute (res://addons/gdUnit4/src/core/execution/stages/IGdUnitExecutionStage.gd:19)
       [17] _execute (res://addons/gdUnit4/src/core/execution/stages/single/GdUnitTestCaseSingleExecutionStage.gd:28)
       [18] execute (res://addons/gdUnit4/src/core/execution/stages/IGdUnitExecutionStage.gd:19)
       [19] _execute (res://addons/gdUnit4/src/core/execution/stages/single/GdUnitTestCaseSingleTestStage.gd:10)
       [20] execute (res://addons/gdUnit4/src/core/_TestCase.gd:41)
       [21] test_completed (res://addons/gdUnit4/src/core/_TestCase.gd:86)
ERROR: Caja registradora sin generador: revisar almacen.gd
   at: push_error (core/variant/variant_utility.cpp:1023)
   GDScript backtrace (most recent call first):
       [0] _sin_cablear (res://src/sistemas/tareas/caja_registradora.gd:57)
       [1] pedir_anotar (res://src/sistemas/tareas/caja_registradora.gd:27)
       [2] <anonymous lambda> (res://test/sistemas/tareas/caja_registradora_test.gd:88)
       [3] _execute (res://addons/gdUnit4/src/asserts/GdUnitGodotErrorAssertImpl.gd:17)
       [4] is_push_error (res://addons/gdUnit4/src/asserts/GdUnitGodotErrorAssertImpl.gd:132)
       [5] test_sin_generador_el_cableado_avisa_y_no_publica_eventos (res://test/sistemas/tareas/caja_registradora_test.gd:87)
       [6] _execute_test_case (res://addons/gdUnit4/src/core/_TestCase.gd:79)
       [7] execute (res://addons/gdUnit4/src/core/_TestCase.gd:40)
       [8] _execute (res://addons/gdUnit4/src/core/execution/stages/single/GdUnitTestCaseSingleTestStage.gd:10)
       [9] execute (res://addons/gdUnit4/src/core/execution/stages/IGdUnitExecutionStage.gd:19)
       [10] _execute (res://addons/gdUnit4/src/core/execution/stages/single/GdUnitTestCaseSingleExecutionStage.gd:17)
       [11] execute (res://addons/gdUnit4/src/core/execution/stages/IGdUnitExecutionStage.gd:19)
       [12] _execute (res://addons/gdUnit4/src/core/execution/stages/GdUnitTestCaseExecutionStage.gd:26)
       [13] execute (res://addons/gdUnit4/src/core/execution/stages/IGdUnitExecutionStage.gd:19)
       [14] _execute (res://addons/gdUnit4/src/core/execution/stages/GdUnitTestSuiteExecutionStage.gd:36)
       [15] execute (res://addons/gdUnit4/src/core/execution/stages/IGdUnitExecutionStage.gd:19)
       [16] _execute (res://addons/gdUnit4/src/core/execution/stages/GdUnitTestCaseExecutionStage.gd:35)
       [17] execute (res://addons/gdUnit4/src/core/execution/stages/IGdUnitExecutionStage.gd:19)
       [18] _execute (res://addons/gdUnit4/src/core/execution/stages/single/GdUnitTestCaseSingleExecutionStage.gd:28)
       [19] execute (res://addons/gdUnit4/src/core/execution/stages/IGdUnitExecutionStage.gd:19)
       [20] _execute (res://addons/gdUnit4/src/core/execution/stages/single/GdUnitTestCaseSingleTestStage.gd:10)
       [21] execute (res://addons/gdUnit4/src/core/_TestCase.gd:41)
       [22] test_completed (res://addons/gdUnit4/src/core/_TestCase.gd:86)
ERROR: Caja registradora sin generador: revisar almacen.gd
   at: push_error (core/variant/variant_utility.cpp:1023)
   GDScript backtrace (most recent call first):
       [0] _sin_cablear (res://src/sistemas/tareas/caja_registradora.gd:57)
       [1] pedir_elegir (res://src/sistemas/tareas/caja_registradora.gd:62)
       [2] <anonymous lambda> (res://test/sistemas/tareas/caja_registradora_test.gd:92)
       [3] _execute (res://addons/gdUnit4/src/asserts/GdUnitGodotErrorAssertImpl.gd:17)
       [4] is_push_error (res://addons/gdUnit4/src/asserts/GdUnitGodotErrorAssertImpl.gd:132)
       [5] test_sin_generador_el_cableado_avisa_y_no_publica_eventos (res://test/sistemas/tareas/caja_registradora_test.gd:91)
       [6] _execute_test_case (res://addons/gdUnit4/src/core/_TestCase.gd:79)
       [7] execute (res://addons/gdUnit4/src/core/_TestCase.gd:40)
       [8] _execute (res://addons/gdUnit4/src/core/execution/stages/single/GdUnitTestCaseSingleTestStage.gd:10)
       [9] execute (res://addons/gdUnit4/src/core/execution/stages/IGdUnitExecutionStage.gd:19)
       [10] _execute (res://addons/gdUnit4/src/core/execution/stages/single/GdUnitTestCaseSingleExecutionStage.gd:17)
       [11] execute (res://addons/gdUnit4/src/core/execution/stages/IGdUnitExecutionStage.gd:19)
       [12] _execute (res://addons/gdUnit4/src/core/execution/stages/GdUnitTestCaseExecutionStage.gd:26)
       [13] execute (res://addons/gdUnit4/src/core/execution/stages/IGdUnitExecutionStage.gd:19)
       [14] _execute (res://addons/gdUnit4/src/core/execution/stages/GdUnitTestSuiteExecutionStage.gd:36)
       [15] execute (res://addons/gdUnit4/src/core/execution/stages/IGdUnitExecutionStage.gd:19)
       [16] _execute (res://addons/gdUnit4/src/core/execution/stages/GdUnitTestCaseExecutionStage.gd:35)
       [17] execute (res://addons/gdUnit4/src/core/execution/stages/IGdUnitExecutionStage.gd:19)
       [18] _execute (res://addons/gdUnit4/src/core/execution/stages/single/GdUnitTestCaseSingleExecutionStage.gd:28)
       [19] execute (res://addons/gdUnit4/src/core/execution/stages/IGdUnitExecutionStage.gd:19)
       [20] _execute (res://addons/gdUnit4/src/core/execution/stages/single/GdUnitTestCaseSingleTestStage.gd:10)
       [21] execute (res://addons/gdUnit4/src/core/_TestCase.gd:41)
       [22] test_completed (res://addons/gdUnit4/src/core/_TestCase.gd:86)
  res://test/sistemas/tareas/caja_registradora_test.gd > test_sin_generador_el_cableado_avisa_y_no_publica_eventos PASSED 23ms

  res://test/sistemas/tareas/caja_registradora_test.gd > test_arrancar_publica_el_modo_de_cada_jornada_y_la_vista_vacia STARTED
  res://test/sistemas/tareas/caja_registradora_test.gd > test_arrancar_publica_el_modo_de_cada_jornada_y_la_vista_vacia PASSED 11ms

  res://test/sistemas/tareas/caja_registradora_test.gd > test_elegir_publica_solo_un_cambio_aceptado_y_no_una_lectura STARTED
  res://test/sistemas/tareas/caja_registradora_test.gd > test_elegir_publica_solo_un_cambio_aceptado_y_no_una_lectura PASSED 12ms

  res://test/sistemas/tareas/caja_registradora_test.gd > test_usar_el_hueco_es_silencioso_tanto_vacio_como_lleno STARTED
  res://test/sistemas/tareas/caja_registradora_test.gd > test_usar_el_hueco_es_silencioso_tanto_vacio_como_lleno PASSED 13ms

  res://test/sistemas/tareas/caja_registradora_test.gd > test_desechar_avisa_solo_el_papel_y_conserva_el_programa STARTED
  res://test/sistemas/tareas/caja_registradora_test.gd > test_desechar_avisa_solo_el_papel_y_conserva_el_programa PASSED 10ms

  res://test/sistemas/tareas/caja_registradora_test.gd > test_desechar_no_requiere_un_programa_de_renglones STARTED
  res://test/sistemas/tareas/caja_registradora_test.gd > test_desechar_no_requiere_un_programa_de_renglones PASSED 10ms

Statistics: 10 test cases | 0 errors | 0 failures | 0 flaky | 0 skipped | 0 orphans | PASSED 210ms


Run Test Suite: res://test/sistemas/tareas/limpiador_test.gd
  res://test/sistemas/tareas/limpiador_test.gd > test_el_limpiador_devuelve_exactamente_lo_que_contesto_el_dominio STARTED
  res://test/sistemas/tareas/limpiador_test.gd > test_el_limpiador_devuelve_exactamente_lo_que_contesto_el_dominio PASSED 14ms

  res://test/sistemas/tareas/limpiador_test.gd > test_cada_gesto_que_cambia_algo_emite_su_senal_una_vez STARTED
  res://test/sistemas/tareas/limpiador_test.gd > test_cada_gesto_que_cambia_algo_emite_su_senal_una_vez PASSED 13ms

  res://test/sistemas/tareas/limpiador_test.gd > test_cada_rechazo_emite_su_motivo_y_nada_mas STARTED
  res://test/sistemas/tareas/limpiador_test.gd > test_cada_rechazo_emite_su_motivo_y_nada_mas PASSED 13ms

  res://test/sistemas/tareas/limpiador_test.gd > test_con_una_mancha_de_menos_la_obligatoria_no_se_cuenta STARTED
  res://test/sistemas/tareas/limpiador_test.gd > test_con_una_mancha_de_menos_la_obligatoria_no_se_cuenta PASSED 11ms

  res://test/sistemas/tareas/limpiador_test.gd > test_la_ultima_mancha_cuenta_la_obligatoria_una_sola_vez STARTED
  res://test/sistemas/tareas/limpiador_test.gd > test_la_ultima_mancha_cuenta_la_obligatoria_una_sola_vez PASSED 12ms

  res://test/sistemas/tareas/limpiador_test.gd > test_con_el_turno_cerrado_limpiar_no_cuenta STARTED
  res://test/sistemas/tareas/limpiador_test.gd > test_con_el_turno_cerrado_limpiar_no_cuenta PASSED 12ms

  res://test/sistemas/tareas/limpiador_test.gd > test_el_limpiador_no_lleva_estado_propio_de_la_tarea STARTED
  res://test/sistemas/tareas/limpiador_test.gd > test_el_limpiador_no_lleva_estado_propio_de_la_tarea PASSED 13ms

  res://test/sistemas/tareas/limpiador_test.gd > test_ningun_archivo_de_este_spec_nombra_consumir STARTED
  res://test/sistemas/tareas/limpiador_test.gd > test_ningun_archivo_de_este_spec_nombra_consumir PASSED 15ms

  res://test/sistemas/tareas/limpiador_test.gd > test_desgastar_la_mopa_rechaza_la_pasada_sin_cobrar_tiempo STARTED
  res://test/sistemas/tareas/limpiador_test.gd > test_desgastar_la_mopa_rechaza_la_pasada_sin_cobrar_tiempo PASSED 10ms

  res://test/sistemas/tareas/limpiador_test.gd > test_remojar_cerca_recupera_la_limpieza_despues_del_viaje STARTED
  res://test/sistemas/tareas/limpiador_test.gd > test_remojar_cerca_recupera_la_limpieza_despues_del_viaje PASSED 11ms

  res://test/sistemas/tareas/limpiador_test.gd > test_enjuagar_en_inodoro_publica_agua_limpia_sin_contar_tarea STARTED
  res://test/sistemas/tareas/limpiador_test.gd > test_enjuagar_en_inodoro_publica_agua_limpia_sin_contar_tarea PASSED 13ms

  res://test/sistemas/tareas/limpiador_test.gd > test_charco_aceptado_emite_una_senal_sin_tarea_ni_desgaste STARTED
  res://test/sistemas/tareas/limpiador_test.gd > test_charco_aceptado_emite_una_senal_sin_tarea_ni_desgaste PASSED 13ms

  res://test/sistemas/tareas/limpiador_test.gd > test_charco_rechazado_emite_solo_motivo_y_conserva_carga STARTED
  res://test/sistemas/tareas/limpiador_test.gd > test_charco_rechazado_emite_solo_motivo_y_conserva_carga PASSED 11ms

  res://test/sistemas/tareas/limpiador_test.gd > test_charco_con_mano_vacia_seca_o_jabon_no_emite_agua STARTED
  res://test/sistemas/tareas/limpiador_test.gd > test_charco_con_mano_vacia_seca_o_jabon_no_emite_agua PASSED 11ms

Statistics: 14 test cases | 0 errors | 0 failures | 0 flaky | 0 skipped | 0 orphans | PASSED 272ms


Run Test Suite: res://test/sistemas/tareas/recolector_de_basura_test.gd
  res://test/sistemas/tareas/recolector_de_basura_test.gd > test_el_tiro_aceptado_entrega_el_mismo_cuerpo_sin_soltar STARTED
  res://test/sistemas/tareas/recolector_de_basura_test.gd > test_el_tiro_aceptado_entrega_el_mismo_cuerpo_sin_soltar PASSED 14ms

  res://test/sistemas/tareas/recolector_de_basura_test.gd > test_mano_vacia_caja_y_tapa_no_abierta_conservan_todo STARTED
  res://test/sistemas/tareas/recolector_de_basura_test.gd > test_mano_vacia_caja_y_tapa_no_abierta_conservan_todo PASSED 13ms

  res://test/sistemas/tareas/recolector_de_basura_test.gd > test_la_ultima_bolsa_completa_una_vez_sin_mover_el_turno STARTED
  res://test/sistemas/tareas/recolector_de_basura_test.gd > test_la_ultima_bolsa_completa_una_vez_sin_mover_el_turno PASSED 12ms

  res://test/sistemas/tareas/recolector_de_basura_test.gd > test_el_util_tirado_no_cuenta_como_bolsa STARTED
  res://test/sistemas/tareas/recolector_de_basura_test.gd > test_el_util_tirado_no_cuenta_como_bolsa PASSED 11ms

  res://test/sistemas/tareas/recolector_de_basura_test.gd > test_la_unidad_tirada_sale_del_inventario_antes_del_aviso STARTED
  res://test/sistemas/tareas/recolector_de_basura_test.gd > test_la_unidad_tirada_sale_del_inventario_antes_del_aviso PASSED 10ms

  res://test/sistemas/tareas/recolector_de_basura_test.gd > test_sin_cableado_no_entrega_ni_publica STARTED
ERROR: Recolector sin cablear: revisar almacen.tscn y almacen.gd
   at: push_error (core/variant/variant_utility.cpp:1023)
   GDScript backtrace (most recent call first):
       [0] pedir_tirar (res://src/sistemas/tareas/recolector_de_basura.gd:25)
       [1] <anonymous lambda> (res://test/sistemas/tareas/recolector_de_basura_test.gd:138)
       [2] _execute (res://addons/gdUnit4/src/asserts/GdUnitGodotErrorAssertImpl.gd:17)
       [3] is_push_error (res://addons/gdUnit4/src/asserts/GdUnitGodotErrorAssertImpl.gd:132)
       [4] test_sin_cableado_no_entrega_ni_publica (res://test/sistemas/tareas/recolector_de_basura_test.gd:138)
       [5] _execute_test_case (res://addons/gdUnit4/src/core/_TestCase.gd:79)
       [6] execute (res://addons/gdUnit4/src/core/_TestCase.gd:40)
       [7] _execute (res://addons/gdUnit4/src/core/execution/stages/single/GdUnitTestCaseSingleTestStage.gd:10)
       [8] execute (res://addons/gdUnit4/src/core/execution/stages/IGdUnitExecutionStage.gd:19)
       [9] _execute (res://addons/gdUnit4/src/core/execution/stages/single/GdUnitTestCaseSingleExecutionStage.gd:17)
       [10] execute (res://addons/gdUnit4/src/core/execution/stages/IGdUnitExecutionStage.gd:19)
       [11] _execute (res://addons/gdUnit4/src/core/execution/stages/GdUnitTestCaseExecutionStage.gd:26)
       [12] execute (res://addons/gdUnit4/src/core/execution/stages/IGdUnitExecutionStage.gd:19)
       [13] _execute (res://addons/gdUnit4/src/core/execution/stages/GdUnitTestSuiteExecutionStage.gd:36)
       [14] execute (res://addons/gdUnit4/src/core/execution/stages/IGdUnitExecutionStage.gd:19)
       [15] _execute (res://addons/gdUnit4/src/core/execution/stages/GdUnitTestCaseExecutionStage.gd:35)
       [16] execute (res://addons/gdUnit4/src/core/execution/stages/IGdUnitExecutionStage.gd:19)
       [17] _execute (res://addons/gdUnit4/src/core/execution/stages/single/GdUnitTestCaseSingleExecutionStage.gd:28)
       [18] execute (res://addons/gdUnit4/src/core/execution/stages/IGdUnitExecutionStage.gd:19)
       [19] _execute (res://addons/gdUnit4/src/core/execution/stages/single/GdUnitTestCaseSingleTestStage.gd:10)
       [20] execute (res://addons/gdUnit4/src/core/_TestCase.gd:41)
       [21] test_completed (res://addons/gdUnit4/src/core/_TestCase.gd:86)
ERROR: Recolector sin cablear: revisar almacen.tscn y almacen.gd
   at: push_error (core/variant/variant_utility.cpp:1023)
   GDScript backtrace (most recent call first):
       [0] pedir_tirar (res://src/sistemas/tareas/recolector_de_basura.gd:25)
       [1] <anonymous lambda> (res://test/sistemas/tareas/recolector_de_basura_test.gd:138)
       [2] _execute (res://addons/gdUnit4/src/asserts/GdUnitGodotErrorAssertImpl.gd:17)
       [3] is_push_error (res://addons/gdUnit4/src/asserts/GdUnitGodotErrorAssertImpl.gd:132)
       [4] test_sin_cableado_no_entrega_ni_publica (res://test/sistemas/tareas/recolector_de_basura_test.gd:138)
       [5] _execute_test_case (res://addons/gdUnit4/src/core/_TestCase.gd:79)
       [6] execute (res://addons/gdUnit4/src/core/_TestCase.gd:40)
       [7] _execute (res://addons/gdUnit4/src/core/execution/stages/single/GdUnitTestCaseSingleTestStage.gd:10)
       [8] execute (res://addons/gdUnit4/src/core/execution/stages/IGdUnitExecutionStage.gd:19)
       [9] _execute (res://addons/gdUnit4/src/core/execution/stages/single/GdUnitTestCaseSingleExecutionStage.gd:17)
       [10] execute (res://addons/gdUnit4/src/core/execution/stages/IGdUnitExecutionStage.gd:19)
       [11] _execute (res://addons/gdUnit4/src/core/execution/stages/GdUnitTestCaseExecutionStage.gd:26)
       [12] execute (res://addons/gdUnit4/src/core/execution/stages/IGdUnitExecutionStage.gd:19)
       [13] _execute (res://addons/gdUnit4/src/core/execution/stages/GdUnitTestSuiteExecutionStage.gd:36)
       [14] execute (res://addons/gdUnit4/src/core/execution/stages/IGdUnitExecutionStage.gd:19)
       [15] _execute (res://addons/gdUnit4/src/core/execution/stages/GdUnitTestCaseExecutionStage.gd:35)
       [16] execute (res://addons/gdUnit4/src/core/execution/stages/IGdUnitExecutionStage.gd:19)
       [17] _execute (res://addons/gdUnit4/src/core/execution/stages/single/GdUnitTestCaseSingleExecutionStage.gd:28)
       [18] execute (res://addons/gdUnit4/src/core/execution/stages/IGdUnitExecutionStage.gd:19)
       [19] _execute (res://addons/gdUnit4/src/core/execution/stages/single/GdUnitTestCaseSingleTestStage.gd:10)
       [20] execute (res://addons/gdUnit4/src/core/_TestCase.gd:41)
       [21] test_completed (res://addons/gdUnit4/src/core/_TestCase.gd:86)
ERROR: Recolector sin cablear: revisar almacen.tscn y almacen.gd
   at: push_error (core/variant/variant_utility.cpp:1023)
   GDScript backtrace (most recent call first):
       [0] pedir_tirar (res://src/sistemas/tareas/recolector_de_basura.gd:25)
       [1] <anonymous lambda> (res://test/sistemas/tareas/recolector_de_basura_test.gd:138)
       [2] _execute (res://addons/gdUnit4/src/asserts/GdUnitGodotErrorAssertImpl.gd:17)
       [3] is_push_error (res://addons/gdUnit4/src/asserts/GdUnitGodotErrorAssertImpl.gd:132)
       [4] test_sin_cableado_no_entrega_ni_publica (res://test/sistemas/tareas/recolector_de_basura_test.gd:138)
       [5] _execute_test_case (res://addons/gdUnit4/src/core/_TestCase.gd:79)
       [6] execute (res://addons/gdUnit4/src/core/_TestCase.gd:40)
       [7] _execute (res://addons/gdUnit4/src/core/execution/stages/single/GdUnitTestCaseSingleTestStage.gd:10)
       [8] execute (res://addons/gdUnit4/src/core/execution/stages/IGdUnitExecutionStage.gd:19)
       [9] _execute (res://addons/gdUnit4/src/core/execution/stages/single/GdUnitTestCaseSingleExecutionStage.gd:17)
       [10] execute (res://addons/gdUnit4/src/core/execution/stages/IGdUnitExecutionStage.gd:19)
       [11] _execute (res://addons/gdUnit4/src/core/execution/stages/GdUnitTestCaseExecutionStage.gd:26)
       [12] execute (res://addons/gdUnit4/src/core/execution/stages/IGdUnitExecutionStage.gd:19)
       [13] _execute (res://addons/gdUnit4/src/core/execution/stages/GdUnitTestSuiteExecutionStage.gd:36)
       [14] execute (res://addons/gdUnit4/src/core/execution/stages/IGdUnitExecutionStage.gd:19)
       [15] _execute (res://addons/gdUnit4/src/core/execution/stages/GdUnitTestCaseExecutionStage.gd:35)
       [16] execute (res://addons/gdUnit4/src/core/execution/stages/IGdUnitExecutionStage.gd:19)
       [17] _execute (res://addons/gdUnit4/src/core/execution/stages/single/GdUnitTestCaseSingleExecutionStage.gd:28)
       [18] execute (res://addons/gdUnit4/src/core/execution/stages/IGdUnitExecutionStage.gd:19)
       [19] _execute (res://addons/gdUnit4/src/core/execution/stages/single/GdUnitTestCaseSingleTestStage.gd:10)
       [20] execute (res://addons/gdUnit4/src/core/_TestCase.gd:41)
       [21] test_completed (res://addons/gdUnit4/src/core/_TestCase.gd:86)
ERROR: Recolector sin cablear: revisar almacen.tscn y almacen.gd
   at: push_error (core/variant/variant_utility.cpp:1023)
   GDScript backtrace (most recent call first):
       [0] pedir_tirar (res://src/sistemas/tareas/recolector_de_basura.gd:25)
       [1] <anonymous lambda> (res://test/sistemas/tareas/recolector_de_basura_test.gd:146)
       [2] _execute (res://addons/gdUnit4/src/asserts/GdUnitGodotErrorAssertImpl.gd:17)
       [3] is_push_error (res://addons/gdUnit4/src/asserts/GdUnitGodotErrorAssertImpl.gd:132)
       [4] test_sin_cableado_no_entrega_ni_publica (res://test/sistemas/tareas/recolector_de_basura_test.gd:146)
       [5] _execute_test_case (res://addons/gdUnit4/src/core/_TestCase.gd:79)
       [6] execute (res://addons/gdUnit4/src/core/_TestCase.gd:40)
       [7] _execute (res://addons/gdUnit4/src/core/execution/stages/single/GdUnitTestCaseSingleTestStage.gd:10)
       [8] execute (res://addons/gdUnit4/src/core/execution/stages/IGdUnitExecutionStage.gd:19)
       [9] _execute (res://addons/gdUnit4/src/core/execution/stages/single/GdUnitTestCaseSingleExecutionStage.gd:17)
       [10] execute (res://addons/gdUnit4/src/core/execution/stages/IGdUnitExecutionStage.gd:19)
       [11] _execute (res://addons/gdUnit4/src/core/execution/stages/GdUnitTestCaseExecutionStage.gd:26)
       [12] execute (res://addons/gdUnit4/src/core/execution/stages/IGdUnitExecutionStage.gd:19)
       [13] _execute (res://addons/gdUnit4/src/core/execution/stages/GdUnitTestSuiteExecutionStage.gd:36)
       [14] execute (res://addons/gdUnit4/src/core/execution/stages/IGdUnitExecutionStage.gd:19)
       [15] _execute (res://addons/gdUnit4/src/core/execution/stages/GdUnitTestCaseExecutionStage.gd:35)
       [16] execute (res://addons/gdUnit4/src/core/execution/stages/IGdUnitExecutionStage.gd:19)
       [17] _execute (res://addons/gdUnit4/src/core/execution/stages/single/GdUnitTestCaseSingleExecutionStage.gd:28)
       [18] execute (res://addons/gdUnit4/src/core/execution/stages/IGdUnitExecutionStage.gd:19)
       [19] _execute (res://addons/gdUnit4/src/core/execution/stages/single/GdUnitTestCaseSingleTestStage.gd:10)
       [20] execute (res://addons/gdUnit4/src/core/_TestCase.gd:41)
       [21] test_completed (res://addons/gdUnit4/src/core/_TestCase.gd:86)
  res://test/sistemas/tareas/recolector_de_basura_test.gd > test_sin_cableado_no_entrega_ni_publica PASSED 26ms

Statistics: 6 test cases | 0 errors | 0 failures | 0 flaky | 0 skipped | 0 orphans | PASSED 135ms


Run Test Suite: res://test/sistemas/tareas/repositor_al_devolver_test.gd
  res://test/sistemas/tareas/repositor_al_devolver_test.gd > test_la_caja_que_recibe_la_unidad_avisa_una_vez_con_el_cuerpo STARTED
  res://test/sistemas/tareas/repositor_al_devolver_test.gd > test_la_caja_que_recibe_la_unidad_avisa_una_vez_con_el_cuerpo PASSED 12ms

  res://test/sistemas/tareas/repositor_al_devolver_test.gd > test_si_la_caja_no_recibe_la_unidad_no_avisa STARTED
  res://test/sistemas/tareas/repositor_al_devolver_test.gd > test_si_la_caja_no_recibe_la_unidad_no_avisa PASSED 14ms

Statistics: 2 test cases | 0 errors | 0 failures | 0 flaky | 0 skipped | 0 orphans | PASSED 46ms


Run Test Suite: res://test/sistemas/tareas/repositor_test.gd
  res://test/sistemas/tareas/repositor_test.gd > test_al_llenar_el_estante_las_tareas_cumplidas_suben_exactamente_en_uno STARTED
  res://test/sistemas/tareas/repositor_test.gd > test_al_llenar_el_estante_las_tareas_cumplidas_suben_exactamente_en_uno PASSED 14ms

  res://test/sistemas/tareas/repositor_test.gd > test_colocar_de_mas_no_vuelve_a_contar_la_tarea STARTED
  res://test/sistemas/tareas/repositor_test.gd > test_colocar_de_mas_no_vuelve_a_contar_la_tarea PASSED 12ms

  res://test/sistemas/tareas/repositor_test.gd > test_llenar_el_estante_no_mueve_el_turno STARTED
  res://test/sistemas/tareas/repositor_test.gd > test_llenar_el_estante_no_mueve_el_turno PASSED 11ms

  res://test/sistemas/tareas/repositor_test.gd > test_llenar_el_estante_con_un_segundo_restante_cumple_reponer STARTED
  res://test/sistemas/tareas/repositor_test.gd > test_llenar_el_estante_con_un_segundo_restante_cumple_reponer PASSED 8ms

  res://test/sistemas/tareas/repositor_test.gd > test_ningun_archivo_de_este_spec_nombra_consumir STARTED
  res://test/sistemas/tareas/repositor_test.gd > test_ningun_archivo_de_este_spec_nombra_consumir PASSED 10ms

  res://test/sistemas/tareas/repositor_test.gd > test_sin_tiempo_para_reponer_la_tarea_no_se_cuenta_ni_descuenta STARTED
  res://test/sistemas/tareas/repositor_test.gd > test_sin_tiempo_para_reponer_la_tarea_no_se_cuenta_ni_descuenta PASSED 9ms

  res://test/sistemas/tareas/repositor_test.gd > test_el_repositor_no_lleva_estado_propio_de_la_tarea STARTED
  res://test/sistemas/tareas/repositor_test.gd > test_el_repositor_no_lleva_estado_propio_de_la_tarea PASSED 9ms

  res://test/sistemas/tareas/repositor_test.gd > test_depositar_desde_la_mano_entrega_el_cuerpo_una_sola_vez STARTED
  res://test/sistemas/tareas/repositor_test.gd > test_depositar_desde_la_mano_entrega_el_cuerpo_una_sola_vez PASSED 7ms

  res://test/sistemas/tareas/repositor_test.gd > test_con_la_mano_llena_no_reserva_otra_unidad STARTED
  res://test/sistemas/tareas/repositor_test.gd > test_con_la_mano_llena_no_reserva_otra_unidad PASSED 8ms

  res://test/sistemas/tareas/repositor_test.gd > test_devolver_saca_la_unidad_de_la_mano_y_la_mete_en_su_caja STARTED
  res://test/sistemas/tareas/repositor_test.gd > test_devolver_saca_la_unidad_de_la_mano_y_la_mete_en_su_caja PASSED 11ms

  res://test/sistemas/tareas/repositor_test.gd > test_si_la_caja_no_la_recibe_la_unidad_sigue_en_la_mano STARTED
  res://test/sistemas/tareas/repositor_test.gd > test_si_la_caja_no_la_recibe_la_unidad_sigue_en_la_mano PASSED 11ms

  res://test/sistemas/tareas/repositor_test.gd > test_devolver_con_otra_cosa_en_la_mano_no_saca_nada STARTED
  res://test/sistemas/tareas/repositor_test.gd > test_devolver_con_otra_cosa_en_la_mano_no_saca_nada PASSED 10ms

  res://test/sistemas/tareas/repositor_test.gd > test_con_la_caja_vacia_no_retira_aunque_la_gondola_tenga_lugar STARTED
  res://test/sistemas/tareas/repositor_test.gd > test_con_la_caja_vacia_no_retira_aunque_la_gondola_tenga_lugar PASSED 12ms

  res://test/sistemas/tareas/repositor_test.gd > test_la_caja_es_la_del_estante_de_la_noche STARTED
  res://test/sistemas/tareas/repositor_test.gd > test_la_caja_es_la_del_estante_de_la_noche PASSED 11ms

  res://test/sistemas/tareas/repositor_test.gd > test_agarrar_de_la_gondola_pone_la_unidad_en_la_mano STARTED
  res://test/sistemas/tareas/repositor_test.gd > test_agarrar_de_la_gondola_pone_la_unidad_en_la_mano PASSED 13ms

  res://test/sistemas/tareas/repositor_test.gd > test_con_algo_en_la_mano_no_se_agarra_de_la_gondola STARTED
  res://test/sistemas/tareas/repositor_test.gd > test_con_algo_en_la_mano_no_se_agarra_de_la_gondola PASSED 12ms

  res://test/sistemas/tareas/repositor_test.gd > test_agarrar_de_la_gondola_descumple_reponer_y_colocarla_la_cumple STARTED
  res://test/sistemas/tareas/repositor_test.gd > test_agarrar_de_la_gondola_descumple_reponer_y_colocarla_la_cumple PASSED 11ms

  res://test/sistemas/tareas/repositor_test.gd > test_la_unidad_se_coloca_en_el_casillero_que_se_pide STARTED
  res://test/sistemas/tareas/repositor_test.gd > test_la_unidad_se_coloca_en_el_casillero_que_se_pide PASSED 13ms

  res://test/sistemas/tareas/repositor_test.gd > test_la_unidad_de_la_gondola_no_entra_en_la_caja_llena STARTED
  res://test/sistemas/tareas/repositor_test.gd > test_la_unidad_de_la_gondola_no_entra_en_la_caja_llena PASSED 12ms

Statistics: 19 test cases | 0 errors | 0 failures | 0 flaky | 0 skipped | 0 orphans | PASSED 330ms


Run Test Suite: res://test/sistemas/tareas/ventanilla_test.gd
  res://test/sistemas/tareas/ventanilla_test.gd > test_solo_el_primer_clic_publica_el_inicio_de_la_conversacion STARTED
  res://test/sistemas/tareas/ventanilla_test.gd > test_solo_el_primer_clic_publica_el_inicio_de_la_conversacion PASSED 13ms

  res://test/sistemas/tareas/ventanilla_test.gd > test_el_reloj_publica_llegada_y_vencimiento_con_la_ventana_cerrada STARTED
  res://test/sistemas/tareas/ventanilla_test.gd > test_el_reloj_publica_llegada_y_vencimiento_con_la_ventana_cerrada PASSED 9ms

  res://test/sistemas/tareas/ventanilla_test.gd > test_publica_compra_solo_al_recibir_el_ultimo_elemento STARTED
  res://test/sistemas/tareas/ventanilla_test.gd > test_publica_compra_solo_al_recibir_el_ultimo_elemento PASSED 14ms

  res://test/sistemas/tareas/ventanilla_test.gd > test_al_despachar_al_ultimo_la_obligatoria_se_cuenta_una_sola_vez STARTED
  res://test/sistemas/tareas/ventanilla_test.gd > test_al_despachar_al_ultimo_la_obligatoria_se_cuenta_una_sola_vez PASSED 10ms

  res://test/sistemas/tareas/ventanilla_test.gd > test_despachar_al_ultimo_cuenta_la_caja_sin_mover_el_turno STARTED
  res://test/sistemas/tareas/ventanilla_test.gd > test_despachar_al_ultimo_cuenta_la_caja_sin_mover_el_turno PASSED 9ms

  res://test/sistemas/tareas/ventanilla_test.gd > test_completar_una_tarea_aparte_no_le_sube_el_contador_al_turno STARTED
  res://test/sistemas/tareas/ventanilla_test.gd > test_completar_una_tarea_aparte_no_le_sube_el_contador_al_turno PASSED 14ms

  res://test/sistemas/tareas/ventanilla_test.gd > test_la_ventanilla_avisa_quien_llego_y_cuando_no_queda_nadie STARTED
  res://test/sistemas/tareas/ventanilla_test.gd > test_la_ventanilla_avisa_quien_llego_y_cuando_no_queda_nadie PASSED 12ms

  res://test/sistemas/tareas/ventanilla_test.gd > test_despachar_sin_vender_avisa_igual_que_cobrar STARTED
  res://test/sistemas/tareas/ventanilla_test.gd > test_despachar_sin_vender_avisa_igual_que_cobrar PASSED 12ms

  res://test/sistemas/tareas/ventanilla_test.gd > test_la_compra_se_avisa_solo_si_hubo_venta STARTED
  res://test/sistemas/tareas/ventanilla_test.gd > test_la_compra_se_avisa_solo_si_hubo_venta PASSED 12ms

  res://test/sistemas/tareas/ventanilla_test.gd > test_el_turno_sigue_corriendo_con_la_ventanilla_abierta STARTED
  res://test/sistemas/tareas/ventanilla_test.gd > test_el_turno_sigue_corriendo_con_la_ventanilla_abierta PASSED 10ms

  res://test/sistemas/tareas/ventanilla_test.gd > test_ningun_archivo_de_este_spec_pausa_el_juego STARTED
  res://test/sistemas/tareas/ventanilla_test.gd > test_ningun_archivo_de_este_spec_pausa_el_juego PASSED 16ms

  res://test/sistemas/tareas/ventanilla_test.gd > test_ningun_archivo_de_este_spec_nombra_consumir STARTED
  res://test/sistemas/tareas/ventanilla_test.gd > test_ningun_archivo_de_este_spec_nombra_consumir PASSED 17ms

  res://test/sistemas/tareas/ventanilla_test.gd > test_ningun_archivo_de_este_spec_mueve_stock_ni_sortea STARTED
  res://test/sistemas/tareas/ventanilla_test.gd > test_ningun_archivo_de_este_spec_mueve_stock_ni_sortea PASSED 16ms

  res://test/sistemas/tareas/ventanilla_test.gd > test_los_seis_archivos_de_dominio_y_sistemas_tienen_su_espejo STARTED
  res://test/sistemas/tareas/ventanilla_test.gd > test_los_seis_archivos_de_dominio_y_sistemas_tienen_su_espejo PASSED 11ms

  res://test/sistemas/tareas/ventanilla_test.gd > test_reabrir_el_panel_sigue_con_el_que_estaba_y_no_llama_al_siguiente STARTED
  res://test/sistemas/tareas/ventanilla_test.gd > test_reabrir_el_panel_sigue_con_el_que_estaba_y_no_llama_al_siguiente PASSED 6ms

  res://test/sistemas/tareas/ventanilla_test.gd > test_la_ventanilla_sin_cablear_no_hace_nada_y_lo_dice STARTED
ERROR: Ventanilla sin cablear: revisar almacen.tscn y almacen.gd
   at: push_error (core/variant/variant_utility.cpp:1023)
   GDScript backtrace (most recent call first):
       [0] _sin_cablear (res://src/sistemas/tareas/ventanilla.gd:165)
       [1] pedir_abrir (res://src/sistemas/tareas/ventanilla.gd:94)
       [2] _execute (res://addons/gdUnit4/src/asserts/GdUnitGodotErrorAssertImpl.gd:17)
       [3] is_push_error (res://addons/gdUnit4/src/asserts/GdUnitGodotErrorAssertImpl.gd:132)
       [4] test_la_ventanilla_sin_cablear_no_hace_nada_y_lo_dice (res://test/sistemas/tareas/ventanilla_test.gd:343)
       [5] _execute_test_case (res://addons/gdUnit4/src/core/_TestCase.gd:79)
       [6] execute (res://addons/gdUnit4/src/core/_TestCase.gd:40)
       [7] _execute (res://addons/gdUnit4/src/core/execution/stages/single/GdUnitTestCaseSingleTestStage.gd:10)
       [8] execute (res://addons/gdUnit4/src/core/execution/stages/IGdUnitExecutionStage.gd:19)
       [9] _execute (res://addons/gdUnit4/src/core/execution/stages/single/GdUnitTestCaseSingleExecutionStage.gd:17)
       [10] execute (res://addons/gdUnit4/src/core/execution/stages/IGdUnitExecutionStage.gd:19)
       [11] _execute (res://addons/gdUnit4/src/core/execution/stages/GdUnitTestCaseExecutionStage.gd:26)
       [12] execute (res://addons/gdUnit4/src/core/execution/stages/IGdUnitExecutionStage.gd:19)
       [13] _execute (res://addons/gdUnit4/src/core/execution/stages/GdUnitTestSuiteExecutionStage.gd:36)
       [14] execute (res://addons/gdUnit4/src/core/execution/stages/IGdUnitExecutionStage.gd:19)
       [15] _execute (res://addons/gdUnit4/src/core/execution/stages/GdUnitTestCaseExecutionStage.gd:35)
       [16] execute (res://addons/gdUnit4/src/core/execution/stages/IGdUnitExecutionStage.gd:19)
       [17] _execute (res://addons/gdUnit4/src/core/execution/stages/single/GdUnitTestCaseSingleExecutionStage.gd:28)
       [18] execute (res://addons/gdUnit4/src/core/execution/stages/IGdUnitExecutionStage.gd:19)
       [19] _execute (res://addons/gdUnit4/src/core/execution/stages/single/GdUnitTestCaseSingleTestStage.gd:10)
       [20] execute (res://addons/gdUnit4/src/core/_TestCase.gd:41)
       [21] test_completed (res://addons/gdUnit4/src/core/_TestCase.gd:86)
ERROR: Ventanilla sin cablear: revisar almacen.tscn y almacen.gd
   at: push_error (core/variant/variant_utility.cpp:1023)
   GDScript backtrace (most recent call first):
       [0] _sin_cablear (res://src/sistemas/tareas/ventanilla.gd:165)
       [1] pedir_atender (res://src/sistemas/tareas/ventanilla.gd:108)
       [2] _execute (res://addons/gdUnit4/src/asserts/GdUnitGodotErrorAssertImpl.gd:17)
       [3] is_push_error (res://addons/gdUnit4/src/asserts/GdUnitGodotErrorAssertImpl.gd:132)
       [4] test_la_ventanilla_sin_cablear_no_hace_nada_y_lo_dice (res://test/sistemas/tareas/ventanilla_test.gd:343)
       [5] _execute_test_case (res://addons/gdUnit4/src/core/_TestCase.gd:79)
       [6] execute (res://addons/gdUnit4/src/core/_TestCase.gd:40)
       [7] _execute (res://addons/gdUnit4/src/core/execution/stages/single/GdUnitTestCaseSingleTestStage.gd:10)
       [8] execute (res://addons/gdUnit4/src/core/execution/stages/IGdUnitExecutionStage.gd:19)
       [9] _execute (res://addons/gdUnit4/src/core/execution/stages/single/GdUnitTestCaseSingleExecutionStage.gd:17)
       [10] execute (res://addons/gdUnit4/src/core/execution/stages/IGdUnitExecutionStage.gd:19)
       [11] _execute (res://addons/gdUnit4/src/core/execution/stages/GdUnitTestCaseExecutionStage.gd:26)
       [12] execute (res://addons/gdUnit4/src/core/execution/stages/IGdUnitExecutionStage.gd:19)
       [13] _execute (res://addons/gdUnit4/src/core/execution/stages/GdUnitTestSuiteExecutionStage.gd:36)
       [14] execute (res://addons/gdUnit4/src/core/execution/stages/IGdUnitExecutionStage.gd:19)
       [15] _execute (res://addons/gdUnit4/src/core/execution/stages/GdUnitTestCaseExecutionStage.gd:35)
       [16] execute (res://addons/gdUnit4/src/core/execution/stages/IGdUnitExecutionStage.gd:19)
       [17] _execute (res://addons/gdUnit4/src/core/execution/stages/single/GdUnitTestCaseSingleExecutionStage.gd:28)
       [18] execute (res://addons/gdUnit4/src/core/execution/stages/IGdUnitExecutionStage.gd:19)
       [19] _execute (res://addons/gdUnit4/src/core/execution/stages/single/GdUnitTestCaseSingleTestStage.gd:10)
       [20] execute (res://addons/gdUnit4/src/core/_TestCase.gd:41)
       [21] test_completed (res://addons/gdUnit4/src/core/_TestCase.gd:86)
ERROR: Ventanilla sin cablear: revisar almacen.tscn y almacen.gd
   at: push_error (core/variant/variant_utility.cpp:1023)
   GDScript backtrace (most recent call first):
       [0] _sin_cablear (res://src/sistemas/tareas/ventanilla.gd:165)
       [1] pedir_cobrar (res://src/sistemas/tareas/ventanilla.gd:122)
       [2] _execute (res://addons/gdUnit4/src/asserts/GdUnitGodotErrorAssertImpl.gd:17)
       [3] is_push_error (res://addons/gdUnit4/src/asserts/GdUnitGodotErrorAssertImpl.gd:132)
       [4] test_la_ventanilla_sin_cablear_no_hace_nada_y_lo_dice (res://test/sistemas/tareas/ventanilla_test.gd:343)
       [5] _execute_test_case (res://addons/gdUnit4/src/core/_TestCase.gd:79)
       [6] execute (res://addons/gdUnit4/src/core/_TestCase.gd:40)
       [7] _execute (res://addons/gdUnit4/src/core/execution/stages/single/GdUnitTestCaseSingleTestStage.gd:10)
       [8] execute (res://addons/gdUnit4/src/core/execution/stages/IGdUnitExecutionStage.gd:19)
       [9] _execute (res://addons/gdUnit4/src/core/execution/stages/single/GdUnitTestCaseSingleExecutionStage.gd:17)
       [10] execute (res://addons/gdUnit4/src/core/execution/stages/IGdUnitExecutionStage.gd:19)
       [11] _execute (res://addons/gdUnit4/src/core/execution/stages/GdUnitTestCaseExecutionStage.gd:26)
       [12] execute (res://addons/gdUnit4/src/core/execution/stages/IGdUnitExecutionStage.gd:19)
       [13] _execute (res://addons/gdUnit4/src/core/execution/stages/GdUnitTestSuiteExecutionStage.gd:36)
       [14] execute (res://addons/gdUnit4/src/core/execution/stages/IGdUnitExecutionStage.gd:19)
       [15] _execute (res://addons/gdUnit4/src/core/execution/stages/GdUnitTestCaseExecutionStage.gd:35)
       [16] execute (res://addons/gdUnit4/src/core/execution/stages/IGdUnitExecutionStage.gd:19)
       [17] _execute (res://addons/gdUnit4/src/core/execution/stages/single/GdUnitTestCaseSingleExecutionStage.gd:28)
       [18] execute (res://addons/gdUnit4/src/core/execution/stages/IGdUnitExecutionStage.gd:19)
       [19] _execute (res://addons/gdUnit4/src/core/execution/stages/single/GdUnitTestCaseSingleTestStage.gd:10)
       [20] execute (res://addons/gdUnit4/src/core/_TestCase.gd:41)
       [21] test_completed (res://addons/gdUnit4/src/core/_TestCase.gd:86)
ERROR: Ventanilla sin cablear: revisar almacen.tscn y almacen.gd
   at: push_error (core/variant/variant_utility.cpp:1023)
   GDScript backtrace (most recent call first):
       [0] _sin_cablear (res://src/sistemas/tareas/ventanilla.gd:165)
       [1] pedir_despachar_sin_vender (res://src/sistemas/tareas/ventanilla.gd:140)
       [2] _execute (res://addons/gdUnit4/src/asserts/GdUnitGodotErrorAssertImpl.gd:17)
       [3] is_push_error (res://addons/gdUnit4/src/asserts/GdUnitGodotErrorAssertImpl.gd:132)
       [4] test_la_ventanilla_sin_cablear_no_hace_nada_y_lo_dice (res://test/sistemas/tareas/ventanilla_test.gd:343)
       [5] _execute_test_case (res://addons/gdUnit4/src/core/_TestCase.gd:79)
       [6] execute (res://addons/gdUnit4/src/core/_TestCase.gd:40)
       [7] _execute (res://addons/gdUnit4/src/core/execution/stages/single/GdUnitTestCaseSingleTestStage.gd:10)
       [8] execute (res://addons/gdUnit4/src/core/execution/stages/IGdUnitExecutionStage.gd:19)
       [9] _execute (res://addons/gdUnit4/src/core/execution/stages/single/GdUnitTestCaseSingleExecutionStage.gd:17)
       [10] execute (res://addons/gdUnit4/src/core/execution/stages/IGdUnitExecutionStage.gd:19)
       [11] _execute (res://addons/gdUnit4/src/core/execution/stages/GdUnitTestCaseExecutionStage.gd:26)
       [12] execute (res://addons/gdUnit4/src/core/execution/stages/IGdUnitExecutionStage.gd:19)
       [13] _execute (res://addons/gdUnit4/src/core/execution/stages/GdUnitTestSuiteExecutionStage.gd:36)
       [14] execute (res://addons/gdUnit4/src/core/execution/stages/IGdUnitExecutionStage.gd:19)
       [15] _execute (res://addons/gdUnit4/src/core/execution/stages/GdUnitTestCaseExecutionStage.gd:35)
       [16] execute (res://addons/gdUnit4/src/core/execution/stages/IGdUnitExecutionStage.gd:19)
       [17] _execute (res://addons/gdUnit4/src/core/execution/stages/single/GdUnitTestCaseSingleExecutionStage.gd:28)
       [18] execute (res://addons/gdUnit4/src/core/execution/stages/IGdUnitExecutionStage.gd:19)
       [19] _execute (res://addons/gdUnit4/src/core/execution/stages/single/GdUnitTestCaseSingleTestStage.gd:10)
       [20] execute (res://addons/gdUnit4/src/core/_TestCase.gd:41)
       [21] test_completed (res://addons/gdUnit4/src/core/_TestCase.gd:86)
  res://test/sistemas/tareas/ventanilla_test.gd > test_la_ventanilla_sin_cablear_no_hace_nada_y_lo_dice PASSED 22ms

  res://test/sistemas/tareas/ventanilla_test.gd > test_cobrar_sin_stock_avisa_lo_que_falta_y_no_despacha STARTED
  res://test/sistemas/tareas/ventanilla_test.gd > test_cobrar_sin_stock_avisa_lo_que_falta_y_no_despacha PASSED 9ms

Statistics: 17 test cases | 0 errors | 0 failures | 0 flaky | 0 skipped | 0 orphans | PASSED 334ms


Run Test Suite: res://test/ui/aristas_del_producto_test.gd
  res://test/ui/aristas_del_producto_test.gd > test_el_cilindro_reduce_las_lineas_verticales_y_conserva_los_aros STARTED
  res://test/ui/aristas_del_producto_test.gd > test_el_cilindro_reduce_las_lineas_verticales_y_conserva_los_aros PASSED 11ms

  res://test/ui/aristas_del_producto_test.gd > test_la_caja_marca_sus_aristas_y_no_las_diagonales_de_las_caras STARTED
  res://test/ui/aristas_del_producto_test.gd > test_la_caja_marca_sus_aristas_y_no_las_diagonales_de_las_caras PASSED 8ms

  res://test/ui/aristas_del_producto_test.gd > test_conserva_la_superficie_la_forma_y_los_uv_del_producto STARTED
  res://test/ui/aristas_del_producto_test.gd > test_conserva_la_superficie_la_forma_y_los_uv_del_producto PASSED 7ms

Statistics: 3 test cases | 0 errors | 0 failures | 0 flaky | 0 skipped | 0 orphans | PASSED 47ms


Run Test Suite: res://test/ui/diegetica/capa_de_dialogo_test.gd
  res://test/ui/diegetica/capa_de_dialogo_test.gd > test_cada_entrada_reemplaza_la_anterior_y_cerrar_vacia_la_linea STARTED
  res://test/ui/diegetica/capa_de_dialogo_test.gd > test_cada_entrada_reemplaza_la_anterior_y_cerrar_vacia_la_linea PASSED 10ms

  res://test/ui/diegetica/capa_de_dialogo_test.gd > test_el_locutor_cableado_muestra_entradas_y_oculta_al_final STARTED
  res://test/ui/diegetica/capa_de_dialogo_test.gd > test_el_locutor_cableado_muestra_entradas_y_oculta_al_final PASSED 8ms

Statistics: 2 test cases | 0 errors | 0 failures | 0 flaky | 0 skipped | 0 orphans | PASSED 34ms


Run Test Suite: res://test/ui/diegetica/compradores_de_la_primera_jornada_test.gd
  res://test/ui/diegetica/compradores_de_la_primera_jornada_test.gd > test_ambas_animaciones_conservan_ocho_png_ordenados_y_exposiciones STARTED
  res://test/ui/diegetica/compradores_de_la_primera_jornada_test.gd > test_ambas_animaciones_conservan_ocho_png_ordenados_y_exposiciones PASSED 27ms

  res://test/ui/diegetica/compradores_de_la_primera_jornada_test.gd > test_muestra_ambos_compradores_dialogo_y_clic_izquierdo_sin_botones STARTED
  res://test/ui/diegetica/compradores_de_la_primera_jornada_test.gd > test_muestra_ambos_compradores_dialogo_y_clic_izquierdo_sin_botones PASSED 173ms

  res://test/ui/diegetica/compradores_de_la_primera_jornada_test.gd > test_animan_los_dos_y_la_pausa_conserva_el_cuadro STARTED
  res://test/ui/diegetica/compradores_de_la_primera_jornada_test.gd > test_animan_los_dos_y_la_pausa_conserva_el_cuadro PASSED 480ms

  res://test/ui/diegetica/compradores_de_la_primera_jornada_test.gd > test_esperan_en_el_mundo_con_la_interfaz_cerrada STARTED
  res://test/ui/diegetica/compradores_de_la_primera_jornada_test.gd > test_esperan_en_el_mundo_con_la_interfaz_cerrada PASSED 257ms

Statistics: 4 test cases | 0 errors | 0 failures | 0 flaky | 0 skipped | 0 orphans | PASSED 974ms


Run Test Suite: res://test/ui/diegetica/nota_encuadrada_test.gd
  res://test/ui/diegetica/nota_encuadrada_test.gd > test_el_corcho_muestra_su_dato_y_cambia_de_hoja STARTED
  res://test/ui/diegetica/nota_encuadrada_test.gd > test_el_corcho_muestra_su_dato_y_cambia_de_hoja PASSED 9ms

  res://test/ui/diegetica/nota_encuadrada_test.gd > test_el_bano_amplia_la_imagen_original_completa STARTED
  res://test/ui/diegetica/nota_encuadrada_test.gd > test_el_bano_amplia_la_imagen_original_completa PASSED 9ms

  res://test/ui/diegetica/nota_encuadrada_test.gd > test_lista_vacia_conserva_el_titulo_y_la_salida STARTED
  res://test/ui/diegetica/nota_encuadrada_test.gd > test_lista_vacia_conserva_el_titulo_y_la_salida PASSED 9ms

Statistics: 3 test cases | 0 errors | 0 failures | 0 flaky | 0 skipped | 0 orphans | PASSED 52ms


Run Test Suite: res://test/ui/diegetica/pantalla_de_computadora_test.gd
  res://test/ui/diegetica/pantalla_de_computadora_test.gd > test_las_opciones_permanecen_visibles_y_el_titulo_indica_la_pantalla STARTED
  res://test/ui/diegetica/pantalla_de_computadora_test.gd > test_las_opciones_permanecen_visibles_y_el_titulo_indica_la_pantalla PASSED 14ms

  res://test/ui/diegetica/pantalla_de_computadora_test.gd > test_la_planilla_muestra_cada_producto_y_sigue_a_los_gestos STARTED
  res://test/ui/diegetica/pantalla_de_computadora_test.gd > test_la_planilla_muestra_cada_producto_y_sigue_a_los_gestos PASSED 36ms

  res://test/ui/diegetica/pantalla_de_computadora_test.gd > test_todas_las_filas_se_alcanzan_con_la_rueda_dentro_de_la_pantalla STARTED
  res://test/ui/diegetica/pantalla_de_computadora_test.gd > test_todas_las_filas_se_alcanzan_con_la_rueda_dentro_de_la_pantalla PASSED 58ms

  res://test/ui/diegetica/pantalla_de_computadora_test.gd > test_anotar_limpia_solo_si_el_cuaderno_acepta_y_muestra_la_nota_nueva STARTED
  res://test/ui/diegetica/pantalla_de_computadora_test.gd > test_anotar_limpia_solo_si_el_cuaderno_acepta_y_muestra_la_nota_nueva PASSED 14ms

  res://test/ui/diegetica/pantalla_de_computadora_test.gd > test_leer_notas_y_cambiar_de_app_conserva_el_borrador STARTED
  res://test/ui/diegetica/pantalla_de_computadora_test.gd > test_leer_notas_y_cambiar_de_app_conserva_el_borrador PASSED 15ms

  res://test/ui/diegetica/pantalla_de_computadora_test.gd > test_cada_click_en_un_boton_de_cualquier_app_emite_boton_pulsado STARTED
  res://test/ui/diegetica/pantalla_de_computadora_test.gd > test_cada_click_en_un_boton_de_cualquier_app_emite_boton_pulsado PASSED 34ms

Statistics: 6 test cases | 0 errors | 0 failures | 0 flaky | 0 skipped | 0 orphans | PASSED 218ms


Run Test Suite: res://test/ui/diegetica/programa_de_tickets_test.gd
  res://test/ui/diegetica/programa_de_tickets_test.gd > test_siempre_presenta_tres_filas_y_repinta_sin_restos STARTED
  res://test/ui/diegetica/programa_de_tickets_test.gd > test_siempre_presenta_tres_filas_y_repinta_sin_restos PASSED 35ms

  res://test/ui/diegetica/programa_de_tickets_test.gd > test_cada_boton_publica_su_pedido_y_un_sonido STARTED
  res://test/ui/diegetica/programa_de_tickets_test.gd > test_cada_boton_publica_su_pedido_y_un_sonido PASSED 21ms

  res://test/ui/diegetica/programa_de_tickets_test.gd > test_el_lienzo_mantiene_los_tres_renglones_y_botones_al_redimensionar STARTED
  res://test/ui/diegetica/programa_de_tickets_test.gd > test_el_lienzo_mantiene_los_tres_renglones_y_botones_al_redimensionar PASSED 21ms

  res://test/ui/diegetica/programa_de_tickets_test.gd > test_los_selectores_manuales_ofrecen_vacio_y_catalogo_ordenado STARTED
  res://test/ui/diegetica/programa_de_tickets_test.gd > test_los_selectores_manuales_ofrecen_vacio_y_catalogo_ordenado PASSED 30ms

  res://test/ui/diegetica/programa_de_tickets_test.gd > test_solo_dos_o_tres_conserva_su_posicion_al_repintar STARTED
  res://test/ui/diegetica/programa_de_tickets_test.gd > test_solo_dos_o_tres_conserva_su_posicion_al_repintar PASSED 60ms

  res://test/ui/diegetica/programa_de_tickets_test.gd > test_seleccionar_publica_el_indice_y_producto_y_vacio_publica_null STARTED
  res://test/ui/diegetica/programa_de_tickets_test.gd > test_seleccionar_publica_el_indice_y_producto_y_vacio_publica_null PASSED 33ms

Statistics: 6 test cases | 0 errors | 0 failures | 0 flaky | 0 skipped | 0 orphans | PASSED 250ms


Run Test Suite: res://test/ui/hud_test.gd
  res://test/ui/hud_test.gd > test_el_hud_no_dibuja_el_veredicto_del_cierre STARTED
  res://test/ui/hud_test.gd > test_el_hud_no_dibuja_el_veredicto_del_cierre PASSED 9ms

  res://test/ui/hud_test.gd > test_el_hud_sigue_pintando_lo_que_si_es_suyo STARTED
  res://test/ui/hud_test.gd > test_el_hud_sigue_pintando_lo_que_si_es_suyo PASSED 8ms

  res://test/ui/hud_test.gd > test_la_hora_se_fue_del_hud_con_todo_lo_que_traia STARTED
  res://test/ui/hud_test.gd > test_la_hora_se_fue_del_hud_con_todo_lo_que_traia PASSED 9ms

  res://test/ui/hud_test.gd > test_la_escena_del_hud_conserva_el_contador_de_tareas STARTED
  res://test/ui/hud_test.gd > test_la_escena_del_hud_conserva_el_contador_de_tareas PASSED 10ms

  res://test/ui/hud_test.gd > test_la_hora_no_vuelve_a_entrar_a_la_pantalla_por_la_ventana STARTED
  res://test/ui/hud_test.gd > test_la_hora_no_vuelve_a_entrar_a_la_pantalla_por_la_ventana PASSED 15ms

  res://test/ui/hud_test.gd > test_ninguna_suite_de_este_spec_carga_la_computadora_del_009 STARTED
  res://test/ui/hud_test.gd > test_ninguna_suite_de_este_spec_carga_la_computadora_del_009 PASSED 15ms

  res://test/ui/hud_test.gd > test_el_subtitulo_usa_el_tema_de_manada_sin_fuente_ni_color_propios STARTED
  res://test/ui/hud_test.gd > test_el_subtitulo_usa_el_tema_de_manada_sin_fuente_ni_color_propios PASSED 12ms

  res://test/ui/hud_test.gd > test_el_subtitulo_se_lee_sobre_el_blanco_con_el_contorno_de_su_variacion STARTED
  res://test/ui/hud_test.gd > test_el_subtitulo_se_lee_sobre_el_blanco_con_el_contorno_de_su_variacion PASSED 13ms

  res://test/ui/hud_test.gd > test_el_hud_pinta_el_subtitulo_que_le_llega_y_lo_vacia STARTED
  res://test/ui/hud_test.gd > test_el_hud_pinta_el_subtitulo_que_le_llega_y_lo_vacia PASSED 13ms

  res://test/ui/hud_test.gd > test_el_hud_no_arma_el_texto_de_la_caja STARTED
  res://test/ui/hud_test.gd > test_el_hud_no_arma_el_texto_de_la_caja PASSED 11ms

Statistics: 10 test cases | 0 errors | 0 failures | 0 flaky | 0 skipped | 0 orphans | PASSED 180ms


Run Test Suite: res://test/ui/interrupciones/menu_de_pausa_test.gd
  res://test/ui/interrupciones/menu_de_pausa_test.gd > test_arranca_oculto_y_corre_solo_en_pausa STARTED
  res://test/ui/interrupciones/menu_de_pausa_test.gd > test_arranca_oculto_y_corre_solo_en_pausa PASSED 11ms

  res://test/ui/interrupciones/menu_de_pausa_test.gd > test_muestra_los_cuatro_botones_en_orden_y_habilita_dos STARTED
  res://test/ui/interrupciones/menu_de_pausa_test.gd > test_muestra_los_cuatro_botones_en_orden_y_habilita_dos PASSED 11ms

  res://test/ui/interrupciones/menu_de_pausa_test.gd > test_no_ofrece_salir STARTED
  res://test/ui/interrupciones/menu_de_pausa_test.gd > test_no_ofrece_salir PASSED 10ms

  res://test/ui/interrupciones/menu_de_pausa_test.gd > test_volver_al_menu_emite_su_pedido STARTED
  res://test/ui/interrupciones/menu_de_pausa_test.gd > test_volver_al_menu_emite_su_pedido PASSED 8ms

  res://test/ui/interrupciones/menu_de_pausa_test.gd > test_con_el_arbol_en_pausa_el_clic_en_reanudar_llega STARTED
  res://test/ui/interrupciones/menu_de_pausa_test.gd > test_con_el_arbol_en_pausa_el_clic_en_reanudar_llega PASSED 23ms

  res://test/ui/interrupciones/menu_de_pausa_test.gd > test_mostrar_deja_el_foco_en_reanudar STARTED
  res://test/ui/interrupciones/menu_de_pausa_test.gd > test_mostrar_deja_el_foco_en_reanudar PASSED 12ms

  res://test/ui/interrupciones/menu_de_pausa_test.gd > test_el_menu_usa_el_tema_y_no_declara_estilos STARTED
  res://test/ui/interrupciones/menu_de_pausa_test.gd > test_el_menu_usa_el_tema_y_no_declara_estilos PASSED 10ms

  res://test/ui/interrupciones/menu_de_pausa_test.gd > test_el_menu_no_decide STARTED
  res://test/ui/interrupciones/menu_de_pausa_test.gd > test_el_menu_no_decide PASSED 10ms

  res://test/ui/interrupciones/menu_de_pausa_test.gd > test_escala_con_el_lienzo_de_manada STARTED
  res://test/ui/interrupciones/menu_de_pausa_test.gd > test_escala_con_el_lienzo_de_manada PASSED 10ms

Statistics: 9 test cases | 0 errors | 0 failures | 0 flaky | 0 skipped | 0 orphans | PASSED 155ms


Run Test Suite: res://test/ui/interrupciones/pantalla_de_cierre_test.gd
  res://test/ui/interrupciones/pantalla_de_cierre_test.gd > test_la_pantalla_arranca_invisible STARTED
  res://test/ui/interrupciones/pantalla_de_cierre_test.gd > test_la_pantalla_arranca_invisible PASSED 10ms

  res://test/ui/interrupciones/pantalla_de_cierre_test.gd > test_mostrar_pinta_el_parte_entero_y_oscurece_lo_de_atras STARTED
  res://test/ui/interrupciones/pantalla_de_cierre_test.gd > test_mostrar_pinta_el_parte_entero_y_oscurece_lo_de_atras PASSED 14ms

  res://test/ui/interrupciones/pantalla_de_cierre_test.gd > test_mostrar_dos_veces_no_acumula_las_lineas_de_la_jornada_anterior STARTED
  res://test/ui/interrupciones/pantalla_de_cierre_test.gd > test_mostrar_dos_veces_no_acumula_las_lineas_de_la_jornada_anterior PASSED 11ms

  res://test/ui/interrupciones/pantalla_de_cierre_test.gd > test_mostrar_deja_el_boton_con_el_foco_para_alcanzarlo_sin_el_mouse STARTED
  res://test/ui/interrupciones/pantalla_de_cierre_test.gd > test_mostrar_deja_el_boton_con_el_foco_para_alcanzarlo_sin_el_mouse PASSED 13ms

  res://test/ui/interrupciones/pantalla_de_cierre_test.gd > test_el_boton_de_continuar_despacha_el_cierre STARTED
  res://test/ui/interrupciones/pantalla_de_cierre_test.gd > test_el_boton_de_continuar_despacha_el_cierre PASSED 10ms

  res://test/ui/interrupciones/pantalla_de_cierre_test.gd > test_con_la_partida_en_curso_la_placa_ofrece_seguir_y_volver_al_menu STARTED
  res://test/ui/interrupciones/pantalla_de_cierre_test.gd > test_con_la_partida_en_curso_la_placa_ofrece_seguir_y_volver_al_menu PASSED 12ms

  res://test/ui/interrupciones/pantalla_de_cierre_test.gd > test_con_la_partida_que_termino_la_placa_ofrece_solo_volver_al_menu STARTED
  res://test/ui/interrupciones/pantalla_de_cierre_test.gd > test_con_la_partida_que_termino_la_placa_ofrece_solo_volver_al_menu PASSED 9ms

  res://test/ui/interrupciones/pantalla_de_cierre_test.gd > test_volver_al_menu_despacha_su_opcion STARTED
  res://test/ui/interrupciones/pantalla_de_cierre_test.gd > test_volver_al_menu_despacha_su_opcion PASSED 11ms

  res://test/ui/interrupciones/pantalla_de_cierre_test.gd > test_la_placa_usa_el_tema_de_manada_sin_estilos_propios STARTED
  res://test/ui/interrupciones/pantalla_de_cierre_test.gd > test_la_placa_usa_el_tema_de_manada_sin_estilos_propios PASSED 8ms

  res://test/ui/interrupciones/pantalla_de_cierre_test.gd > test_la_placa_escala_con_el_lienzo_de_manada STARTED
  res://test/ui/interrupciones/pantalla_de_cierre_test.gd > test_la_placa_escala_con_el_lienzo_de_manada PASSED 11ms

  res://test/ui/interrupciones/pantalla_de_cierre_test.gd > test_la_pantalla_no_decide_como_cerro_la_noche STARTED
  res://test/ui/interrupciones/pantalla_de_cierre_test.gd > test_la_pantalla_no_decide_como_cerro_la_noche PASSED 10ms

  res://test/ui/interrupciones/pantalla_de_cierre_test.gd > test_nadie_mira_la_pantalla_desde_abajo STARTED
  res://test/ui/interrupciones/pantalla_de_cierre_test.gd > test_nadie_mira_la_pantalla_desde_abajo PASSED 44ms

Statistics: 12 test cases | 0 errors | 0 failures | 0 flaky | 0 skipped | 0 orphans | PASSED 234ms


Run Test Suite: res://test/ui/mira_test.gd
  res://test/ui/mira_test.gd > test_la_mira_permanece_en_el_centro_al_cambiar_la_resolucion STARTED
  res://test/ui/mira_test.gd > test_la_mira_permanece_en_el_centro_al_cambiar_la_resolucion PASSED 15ms

  res://test/ui/mira_test.gd > test_el_hud_expone_el_foco_y_cambia_el_color_sin_ocultar_la_mira STARTED
  res://test/ui/mira_test.gd > test_el_hud_expone_el_foco_y_cambia_el_color_sin_ocultar_la_mira PASSED 15ms

Statistics: 2 test cases | 0 errors | 0 failures | 0 flaky | 0 skipped | 0 orphans | PASSED 52ms


Run Test Suite: res://test/ui/pila_de_notificaciones_test.gd
  res://test/ui/pila_de_notificaciones_test.gd > test_la_salida_tiene_el_texto_y_simbolo_de_figma_y_respeta_pausa STARTED
  res://test/ui/pila_de_notificaciones_test.gd > test_la_salida_tiene_el_texto_y_simbolo_de_figma_y_respeta_pausa PASSED 15ms

  res://test/ui/pila_de_notificaciones_test.gd > test_los_textos_se_pintan_en_el_orden_del_dominio STARTED
  res://test/ui/pila_de_notificaciones_test.gd > test_los_textos_se_pintan_en_el_orden_del_dominio PASSED 13ms

  res://test/ui/pila_de_notificaciones_test.gd > test_los_dos_carteles_entran_en_la_esquina_en_dos_resoluciones STARTED
  res://test/ui/pila_de_notificaciones_test.gd > test_los_dos_carteles_entran_en_la_esquina_en_dos_resoluciones PASSED 27ms

  res://test/ui/pila_de_notificaciones_test.gd > test_vaciar_retira_los_carteles_del_arbol STARTED
  res://test/ui/pila_de_notificaciones_test.gd > test_vaciar_retira_los_carteles_del_arbol PASSED 9ms

  res://test/ui/pila_de_notificaciones_test.gd > test_pausar_suspende_el_procesamiento_sin_borrar_el_aviso STARTED
  res://test/ui/pila_de_notificaciones_test.gd > test_pausar_suspende_el_procesamiento_sin_borrar_el_aviso PASSED 9ms

  res://test/ui/pila_de_notificaciones_test.gd > test_ningun_control_de_la_pila_intercepta_el_mouse STARTED
  res://test/ui/pila_de_notificaciones_test.gd > test_ningun_control_de_la_pila_intercepta_el_mouse PASSED 10ms

  res://test/ui/pila_de_notificaciones_test.gd > test_el_clic_sobre_el_cartel_llega_al_boton_de_notas STARTED
  res://test/ui/pila_de_notificaciones_test.gd > test_el_clic_sobre_el_cartel_llega_al_boton_de_notas PASSED 55ms

  res://test/ui/pila_de_notificaciones_test.gd > test_todos_los_avisos_usan_una_linea_y_el_ancho_de_su_contenido STARTED
  res://test/ui/pila_de_notificaciones_test.gd > test_todos_los_avisos_usan_una_linea_y_el_ancho_de_su_contenido PASSED 26ms

Statistics: 8 test cases | 0 errors | 0 failures | 0 flaky | 0 skipped | 0 orphans | PASSED 218ms


Overall Summary: 1740 test cases | 0 errors | 0 failures | 0 flaky | 0 skipped | 0 orphans |
Executed test suites: (225/225)
Executed test cases : (1740/1740)
Total execution time: 11min 57s 172ms
 Open XML Report at: file://C:/Users/fede_/orca/workspaces/nosefia/comber/reports/report_1/results.xml
Open HTML Report at: file://C:/Users/fede_/orca/workspaces/nosefia/comber/reports/report_1/index.html
Exit code: 0
Run dispose test resources
