verify	Set up job	﻿2026-10-09T08:44:46.6237042Z Current runner version: '2.337.0'
verify	Set up job	2026-10-09T08:44:46.6281104Z ##[group]Runner Image Provisioner
verify	Set up job	2026-10-09T08:44:46.6281761Z Hosted Compute Agent
verify	Set up job	2026-10-09T08:44:46.6282161Z Version: 20261002.596
verify	Set up job	2026-10-09T08:44:46.6282602Z Commit: c3d12f3313a95f25162a1503be624f3b0617f8c0
verify	Set up job	2026-10-09T08:44:46.6283286Z Build Date: 2026-10-02T22:28:27Z
verify	Set up job	2026-10-09T08:44:46.6283712Z Worker ID: {a6194acb-fb59-4f8d-afa0-eadf0d57d70a}
verify	Set up job	2026-10-09T08:44:46.6284198Z Region: centralus
verify	Set up job	2026-10-09T08:44:46.6284572Z Cloud: Azure
verify	Set up job	2026-10-09T08:44:46.6284897Z ##[endgroup]
verify	Set up job	2026-10-09T08:44:46.6285807Z ##[group]Operating System
verify	Set up job	2026-10-09T08:44:46.6286177Z Ubuntu
verify	Set up job	2026-10-09T08:44:46.6286532Z 24.04.5
verify	Set up job	2026-10-09T08:44:46.6286897Z LTS
verify	Set up job	2026-10-09T08:44:46.6287218Z ##[endgroup]
verify	Set up job	2026-10-09T08:44:46.6287620Z ##[group]Runner Image
verify	Set up job	2026-10-09T08:44:46.6288001Z Image: ubuntu-24.04
verify	Set up job	2026-10-09T08:44:46.6288379Z Version: 20261004.327.1
verify	Set up job	2026-10-09T08:44:46.6289045Z Included Software: https://github.com/actions/runner-images/blob/ubuntu24/20261004.327/images/ubuntu/Ubuntu2404-Readme.md
verify	Set up job	2026-10-09T08:44:46.6290130Z Image Release: https://github.com/actions/runner-images/releases/tag/ubuntu24%2F20261004.327
verify	Set up job	2026-10-09T08:44:46.6290692Z ##[endgroup]
verify	Set up job	2026-10-09T08:44:46.6291387Z ##[group]GITHUB_TOKEN Permissions
verify	Set up job	2026-10-09T08:44:46.6292822Z Contents: read
verify	Set up job	2026-10-09T08:44:46.6293535Z Metadata: read
verify	Set up job	2026-10-09T08:44:46.6293891Z ##[endgroup]
verify	Set up job	2026-10-09T08:44:46.6295339Z Secret source: Actions
verify	Set up job	2026-10-09T08:44:46.6295998Z Cache mode: write
verify	Set up job	2026-10-09T08:44:46.6296433Z Prepare workflow directory
verify	Set up job	2026-10-09T08:44:46.6514316Z Prepare all required actions
verify	Set up job	2026-10-09T08:44:46.6546482Z Getting action download info
verify	Set up job	2026-10-09T08:44:46.9285630Z Download action repository 'actions/checkout@v5' (SHA:fbc6f3992d24b796d5a048ff273f7fcc4a7b6c09)
verify	Set up job	2026-10-09T08:44:47.0132999Z Download action repository 'actions/setup-python@v5' (SHA:a26af69be951a213d495a4c3e4e4022e16d87065)
verify	Set up job	2026-10-09T08:44:47.0994741Z Download action repository 'actions/upload-artifact@v4' (SHA:ea165f8d65b6e75b540449e92b4886f43607fa02)
verify	Set up job	2026-10-09T08:44:47.2989216Z Complete job name: verify
verify	Run actions/checkout@v5	﻿2026-10-09T08:44:47.3498257Z ##[group]Run actions/checkout@v5
verify	Run actions/checkout@v5	2026-10-09T08:44:47.3498720Z with:
verify	Run actions/checkout@v5	2026-10-09T08:44:47.3498972Z   repository: federicohermo/nosefia
verify	Run actions/checkout@v5	2026-10-09T08:44:47.3501135Z   token: ***
verify	Run actions/checkout@v5	2026-10-09T08:44:47.3501374Z   ssh-strict: true
verify	Run actions/checkout@v5	2026-10-09T08:44:47.3501617Z   ssh-user: git
verify	Run actions/checkout@v5	2026-10-09T08:44:47.3501869Z   persist-credentials: true
verify	Run actions/checkout@v5	2026-10-09T08:44:47.3502141Z   clean: true
verify	Run actions/checkout@v5	2026-10-09T08:44:47.3502390Z   sparse-checkout-cone-mode: true
verify	Run actions/checkout@v5	2026-10-09T08:44:47.3502677Z   fetch-depth: 1
verify	Run actions/checkout@v5	2026-10-09T08:44:47.3502923Z   fetch-tags: false
verify	Run actions/checkout@v5	2026-10-09T08:44:47.3503302Z   show-progress: true
verify	Run actions/checkout@v5	2026-10-09T08:44:47.3503551Z   lfs: false
verify	Run actions/checkout@v5	2026-10-09T08:44:47.3503781Z   submodules: false
verify	Run actions/checkout@v5	2026-10-09T08:44:47.3504029Z   set-safe-directory: true
verify	Run actions/checkout@v5	2026-10-09T08:44:47.3504312Z   allow-unsafe-pr-checkout: false
verify	Run actions/checkout@v5	2026-10-09T08:44:47.3504682Z ##[endgroup]
verify	Run actions/checkout@v5	2026-10-09T08:44:47.4176551Z Syncing repository: federicohermo/nosefia
verify	Run actions/checkout@v5	2026-10-09T08:44:47.4178345Z ##[group]Getting Git version info
verify	Run actions/checkout@v5	2026-10-09T08:44:47.4178954Z Working directory is '/home/runner/work/nosefia/nosefia'
verify	Run actions/checkout@v5	2026-10-09T08:44:47.4179934Z [command]/usr/bin/git version
verify	Run actions/checkout@v5	2026-10-09T08:44:47.4219682Z git version 2.55.0
verify	Run actions/checkout@v5	2026-10-09T08:44:47.4232977Z ##[endgroup]
verify	Run actions/checkout@v5	2026-10-09T08:44:47.4243278Z Temporarily overriding HOME='/home/runner/work/_temp/95d3db13-3e7b-4e77-be59-d816fc1c1d16' before making global git config changes
verify	Run actions/checkout@v5	2026-10-09T08:44:47.4244587Z Adding repository directory to the temporary git global config as a safe directory
verify	Run actions/checkout@v5	2026-10-09T08:44:47.4246874Z [command]/usr/bin/git config --global --add safe.directory /home/runner/work/nosefia/nosefia
verify	Run actions/checkout@v5	2026-10-09T08:44:47.4292918Z Deleting the contents of '/home/runner/work/nosefia/nosefia'
verify	Run actions/checkout@v5	2026-10-09T08:44:47.4297337Z ##[group]Initializing the repository
verify	Run actions/checkout@v5	2026-10-09T08:44:47.4300685Z [command]/usr/bin/git init /home/runner/work/nosefia/nosefia
verify	Run actions/checkout@v5	2026-10-09T08:44:47.4386490Z hint: Using 'master' as the name for the initial branch. This default branch name
verify	Run actions/checkout@v5	2026-10-09T08:44:47.4390401Z hint: will change to "main" in Git 3.0. To configure the initial branch name
verify	Run actions/checkout@v5	2026-10-09T08:44:47.4391292Z hint: to use in all of your new repositories, which will suppress this warning,
verify	Run actions/checkout@v5	2026-10-09T08:44:47.4391932Z hint: call:
verify	Run actions/checkout@v5	2026-10-09T08:44:47.4392272Z hint:
verify	Run actions/checkout@v5	2026-10-09T08:44:47.4392729Z hint: 	git config --global init.defaultBranch <name>
verify	Run actions/checkout@v5	2026-10-09T08:44:47.4393430Z hint:
verify	Run actions/checkout@v5	2026-10-09T08:44:47.4393939Z hint: Names commonly chosen instead of 'master' are 'main', 'trunk' and
verify	Run actions/checkout@v5	2026-10-09T08:44:47.4394818Z hint: 'development'. The just-created branch can be renamed via this command:
verify	Run actions/checkout@v5	2026-10-09T08:44:47.4395467Z hint:
verify	Run actions/checkout@v5	2026-10-09T08:44:47.4395829Z hint: 	git branch -m <name>
verify	Run actions/checkout@v5	2026-10-09T08:44:47.4396238Z hint:
verify	Run actions/checkout@v5	2026-10-09T08:44:47.4396762Z hint: Disable this message with "git config set advice.defaultBranchName false"
verify	Run actions/checkout@v5	2026-10-09T08:44:47.4397637Z Initialized empty Git repository in /home/runner/work/nosefia/nosefia/.git/
verify	Run actions/checkout@v5	2026-10-09T08:44:47.4399254Z [command]/usr/bin/git remote add origin https://github.com/federicohermo/nosefia
verify	Run actions/checkout@v5	2026-10-09T08:44:47.4445982Z ##[endgroup]
verify	Run actions/checkout@v5	2026-10-09T08:44:47.4446716Z ##[group]Disabling automatic garbage collection
verify	Run actions/checkout@v5	2026-10-09T08:44:47.4449480Z [command]/usr/bin/git config --local gc.auto 0
verify	Run actions/checkout@v5	2026-10-09T08:44:47.4479081Z ##[endgroup]
verify	Run actions/checkout@v5	2026-10-09T08:44:47.4479740Z ##[group]Setting up auth
verify	Run actions/checkout@v5	2026-10-09T08:44:47.4486103Z [command]/usr/bin/git config --local --name-only --get-regexp core\.sshCommand
verify	Run actions/checkout@v5	2026-10-09T08:44:47.4527564Z [command]/usr/bin/git submodule foreach --recursive sh -c "git config --local --name-only --get-regexp 'core\.sshCommand' && git config --local --unset-all 'core.sshCommand' || :"
verify	Run actions/checkout@v5	2026-10-09T08:44:47.4813333Z [command]/usr/bin/git config --local --name-only --get-regexp http\.https\:\/\/github\.com\/\.extraheader
verify	Run actions/checkout@v5	2026-10-09T08:44:47.4844534Z [command]/usr/bin/git submodule foreach --recursive sh -c "git config --local --name-only --get-regexp 'http\.https\:\/\/github\.com\/\.extraheader' && git config --local --unset-all 'http.https://github.com/.extraheader' || :"
verify	Run actions/checkout@v5	2026-10-09T08:44:47.5032184Z [command]/usr/bin/git config --local --name-only --get-regexp ^includeIf\.gitdir:
verify	Run actions/checkout@v5	2026-10-09T08:44:47.5062506Z [command]/usr/bin/git submodule foreach --recursive git config --local --show-origin --name-only --get-regexp remote.origin.url
verify	Run actions/checkout@v5	2026-10-09T08:44:47.5242388Z [command]/usr/bin/git config --local http.https://github.com/.extraheader AUTHORIZATION: basic ***
verify	Run actions/checkout@v5	2026-10-09T08:44:47.5280939Z ##[endgroup]
verify	Run actions/checkout@v5	2026-10-09T08:44:47.5281719Z ##[group]Fetching the repository
verify	Run actions/checkout@v5	2026-10-09T08:44:47.5289099Z [command]/usr/bin/git -c protocol.version=2 fetch --no-tags --prune --no-recurse-submodules --depth=1 origin +420bc6842be9dd1a635668c47b3687290a2d0c7d:refs/remotes/pull/354/merge
verify	Run actions/checkout@v5	2026-10-09T08:44:57.4451386Z From https://github.com/federicohermo/nosefia
verify	Run actions/checkout@v5	2026-10-09T08:44:57.4452301Z  * [new ref]         420bc6842be9dd1a635668c47b3687290a2d0c7d -> pull/354/merge
verify	Run actions/checkout@v5	2026-10-09T08:44:57.4454650Z ##[endgroup]
verify	Run actions/checkout@v5	2026-10-09T08:44:57.4455446Z ##[group]Determining the checkout info
verify	Run actions/checkout@v5	2026-10-09T08:44:57.4456944Z ##[endgroup]
verify	Run actions/checkout@v5	2026-10-09T08:44:57.4467733Z [command]/usr/bin/git sparse-checkout disable
verify	Run actions/checkout@v5	2026-10-09T08:44:57.4548581Z [command]/usr/bin/git config --local --unset-all extensions.worktreeConfig
verify	Run actions/checkout@v5	2026-10-09T08:44:57.4581974Z ##[group]Checking out the ref
verify	Run actions/checkout@v5	2026-10-09T08:44:57.4584934Z [command]/usr/bin/git checkout --progress --force refs/remotes/pull/354/merge
verify	Run actions/checkout@v5	2026-10-09T08:44:58.4902828Z Updating files:  58% (1614/2761)
verify	Run actions/checkout@v5	2026-10-09T08:44:58.5064595Z Updating files:  59% (1629/2761)
verify	Run actions/checkout@v5	2026-10-09T08:44:58.5145306Z Updating files:  60% (1657/2761)
verify	Run actions/checkout@v5	2026-10-09T08:44:58.5168300Z Updating files:  61% (1685/2761)
verify	Run actions/checkout@v5	2026-10-09T08:44:58.5189720Z Updating files:  62% (1712/2761)
verify	Run actions/checkout@v5	2026-10-09T08:44:58.5249684Z Updating files:  63% (1740/2761)
verify	Run actions/checkout@v5	2026-10-09T08:44:58.5475318Z Updating files:  64% (1768/2761)
verify	Run actions/checkout@v5	2026-10-09T08:44:58.5605617Z Updating files:  65% (1795/2761)
verify	Run actions/checkout@v5	2026-10-09T08:44:58.5654445Z Updating files:  66% (1823/2761)
verify	Run actions/checkout@v5	2026-10-09T08:44:58.5689804Z Updating files:  67% (1850/2761)
verify	Run actions/checkout@v5	2026-10-09T08:44:58.5711431Z Updating files:  68% (1878/2761)
verify	Run actions/checkout@v5	2026-10-09T08:44:58.5719372Z Updating files:  69% (1906/2761)
verify	Run actions/checkout@v5	2026-10-09T08:44:58.5727914Z Updating files:  70% (1933/2761)
verify	Run actions/checkout@v5	2026-10-09T08:44:58.5735996Z Updating files:  71% (1961/2761)
verify	Run actions/checkout@v5	2026-10-09T08:44:58.5744732Z Updating files:  72% (1988/2761)
verify	Run actions/checkout@v5	2026-10-09T08:44:58.5752393Z Updating files:  73% (2016/2761)
verify	Run actions/checkout@v5	2026-10-09T08:44:58.5759787Z Updating files:  74% (2044/2761)
verify	Run actions/checkout@v5	2026-10-09T08:44:58.5982079Z Updating files:  75% (2071/2761)
verify	Run actions/checkout@v5	2026-10-09T08:44:58.5988925Z Updating files:  76% (2099/2761)
verify	Run actions/checkout@v5	2026-10-09T08:44:58.5998798Z Updating files:  77% (2126/2761)
verify	Run actions/checkout@v5	2026-10-09T08:44:58.6009845Z Updating files:  78% (2154/2761)
verify	Run actions/checkout@v5	2026-10-09T08:44:58.6020081Z Updating files:  79% (2182/2761)
verify	Run actions/checkout@v5	2026-10-09T08:44:58.6030257Z Updating files:  80% (2209/2761)
verify	Run actions/checkout@v5	2026-10-09T08:44:58.6039867Z Updating files:  81% (2237/2761)
verify	Run actions/checkout@v5	2026-10-09T08:44:58.6049250Z Updating files:  82% (2265/2761)
verify	Run actions/checkout@v5	2026-10-09T08:44:58.6115405Z Updating files:  83% (2292/2761)
verify	Run actions/checkout@v5	2026-10-09T08:44:58.6116302Z Updating files:  84% (2320/2761)
verify	Run actions/checkout@v5	2026-10-09T08:44:58.6117064Z Updating files:  85% (2347/2761)
verify	Run actions/checkout@v5	2026-10-09T08:44:58.6117749Z Updating files:  86% (2375/2761)
verify	Run actions/checkout@v5	2026-10-09T08:44:58.6118227Z Updating files:  87% (2403/2761)
verify	Run actions/checkout@v5	2026-10-09T08:44:58.6118565Z Updating files:  88% (2430/2761)
verify	Run actions/checkout@v5	2026-10-09T08:44:58.6118861Z Updating files:  89% (2458/2761)
verify	Run actions/checkout@v5	2026-10-09T08:44:58.6124184Z Updating files:  90% (2485/2761)
verify	Run actions/checkout@v5	2026-10-09T08:44:58.6137238Z Updating files:  91% (2513/2761)
verify	Run actions/checkout@v5	2026-10-09T08:44:58.6148051Z Updating files:  92% (2541/2761)
verify	Run actions/checkout@v5	2026-10-09T08:44:58.6157665Z Updating files:  93% (2568/2761)
verify	Run actions/checkout@v5	2026-10-09T08:44:58.6169469Z Updating files:  94% (2596/2761)
verify	Run actions/checkout@v5	2026-10-09T08:44:58.6181658Z Updating files:  95% (2623/2761)
verify	Run actions/checkout@v5	2026-10-09T08:44:58.6190626Z Updating files:  96% (2651/2761)
verify	Run actions/checkout@v5	2026-10-09T08:44:58.6200683Z Updating files:  97% (2679/2761)
verify	Run actions/checkout@v5	2026-10-09T08:44:58.6210203Z Updating files:  98% (2706/2761)
verify	Run actions/checkout@v5	2026-10-09T08:44:58.6219799Z Updating files:  99% (2734/2761)
verify	Run actions/checkout@v5	2026-10-09T08:44:58.6220092Z Updating files: 100% (2761/2761)
verify	Run actions/checkout@v5	2026-10-09T08:44:58.6220395Z Updating files: 100% (2761/2761), done.
verify	Run actions/checkout@v5	2026-10-09T08:44:58.6243290Z Note: switching to 'refs/remotes/pull/354/merge'.
verify	Run actions/checkout@v5	2026-10-09T08:44:58.6243845Z 
verify	Run actions/checkout@v5	2026-10-09T08:44:58.6244086Z You are in 'detached HEAD' state. You can look around, make experimental
verify	Run actions/checkout@v5	2026-10-09T08:44:58.6244414Z changes and commit them, and you can discard any commits you make in this
verify	Run actions/checkout@v5	2026-10-09T08:44:58.6244735Z state without impacting any branches by switching back to a branch.
verify	Run actions/checkout@v5	2026-10-09T08:44:58.6244907Z 
verify	Run actions/checkout@v5	2026-10-09T08:44:58.6245049Z If you want to create a new branch to retain commits you create, you may
verify	Run actions/checkout@v5	2026-10-09T08:44:58.6245352Z do so (now or later) by using -c with the switch command. Example:
verify	Run actions/checkout@v5	2026-10-09T08:44:58.6245513Z 
verify	Run actions/checkout@v5	2026-10-09T08:44:58.6245608Z   git switch -c <new-branch-name>
verify	Run actions/checkout@v5	2026-10-09T08:44:58.6245731Z 
verify	Run actions/checkout@v5	2026-10-09T08:44:58.6245817Z Or undo this operation with:
verify	Run actions/checkout@v5	2026-10-09T08:44:58.6245928Z 
verify	Run actions/checkout@v5	2026-10-09T08:44:58.6246000Z   git switch -
verify	Run actions/checkout@v5	2026-10-09T08:44:58.6246093Z 
verify	Run actions/checkout@v5	2026-10-09T08:44:58.6246249Z Turn off this advice by setting config variable advice.detachedHead to false
verify	Run actions/checkout@v5	2026-10-09T08:44:58.6246448Z 
verify	Run actions/checkout@v5	2026-10-09T08:44:58.6246741Z HEAD is now at 420bc68 Merge fe620b92a38b556f27fff721d162c466c1e784fb into 41f30b0040aa843f45a89c7cee02fbfa08ad8929
verify	Run actions/checkout@v5	2026-10-09T08:44:58.6381610Z ##[endgroup]
verify	Run actions/checkout@v5	2026-10-09T08:44:58.6384306Z [command]/usr/bin/git log -1 --format=%H
verify	Run actions/checkout@v5	2026-10-09T08:44:58.6417183Z 420bc6842be9dd1a635668c47b3687290a2d0c7d
verify	La versión del motor, leída de `.godot-version`	﻿2026-10-09T08:44:58.6616000Z ##[group]Run set -euo pipefail
verify	La versión del motor, leída de `.godot-version`	2026-10-09T08:44:58.6616381Z ^[[36;1mset -euo pipefail^[[0m
verify	La versión del motor, leída de `.godot-version`	2026-10-09T08:44:58.6616605Z ^[[36;1mversion="$(tr -d '[:space:]' < .godot-version)"^[[0m
verify	La versión del motor, leída de `.godot-version`	2026-10-09T08:44:58.6616836Z ^[[36;1mif [ -z "$version" ]; then^[[0m
verify	La versión del motor, leída de `.godot-version`	2026-10-09T08:44:58.6617263Z ^[[36;1m  echo '::error::falta .godot-version o está vacío: es el único lugar donde vive la versión del motor y los dos workflows la leen de ahí.'^[[0m
verify	La versión del motor, leída de `.godot-version`	2026-10-09T08:44:58.6617667Z ^[[36;1m  exit 1^[[0m
verify	La versión del motor, leída de `.godot-version`	2026-10-09T08:44:58.6617822Z ^[[36;1mfi^[[0m
verify	La versión del motor, leída de `.godot-version`	2026-10-09T08:44:58.6618003Z ^[[36;1mecho "GODOT_VERSION=$version" >> "$GITHUB_ENV"^[[0m
verify	La versión del motor, leída de `.godot-version`	2026-10-09T08:44:58.6831421Z shell: /usr/bin/bash -e {0}
verify	La versión del motor, leída de `.godot-version`	2026-10-09T08:44:58.6831800Z ##[endgroup]
verify	Run actions/setup-python@v5	﻿2026-10-09T08:44:58.7031930Z ##[group]Run actions/setup-python@v5
verify	Run actions/setup-python@v5	2026-10-09T08:44:58.7032216Z with:
verify	Run actions/setup-python@v5	2026-10-09T08:44:58.7032373Z   python-version: 3.13
verify	Run actions/setup-python@v5	2026-10-09T08:44:58.7032536Z   check-latest: false
verify	Run actions/setup-python@v5	2026-10-09T08:44:58.7034253Z   token: ***
verify	Run actions/setup-python@v5	2026-10-09T08:44:58.7034415Z   update-environment: true
verify	Run actions/setup-python@v5	2026-10-09T08:44:58.7034593Z   allow-prereleases: false
verify	Run actions/setup-python@v5	2026-10-09T08:44:58.7034765Z   freethreaded: false
verify	Run actions/setup-python@v5	2026-10-09T08:44:58.7034927Z env:
verify	Run actions/setup-python@v5	2026-10-09T08:44:58.7035078Z   GODOT_VERSION: 4.7.2-stable
verify	Run actions/setup-python@v5	2026-10-09T08:44:58.7035251Z ##[endgroup]
verify	Run actions/setup-python@v5	2026-10-09T08:44:58.8049003Z ##[group]Installed versions
verify	Run actions/setup-python@v5	2026-10-09T08:44:58.8120779Z (node:2088) [DEP0040] DeprecationWarning: The `punycode` module is deprecated. Please use a userland alternative instead.
verify	Run actions/setup-python@v5	2026-10-09T08:44:58.8121719Z (Use `node --trace-deprecation ...` to show where the warning was created)
verify	Run actions/setup-python@v5	2026-10-09T08:44:58.8122148Z Successfully set up CPython (3.13.16)
verify	Run actions/setup-python@v5	2026-10-09T08:44:58.8135846Z ##[endgroup]
verify	Run pip install "gdtoolkit==4.*"	﻿2026-10-09T08:44:58.8257202Z ##[group]Run pip install "gdtoolkit==4.*"
verify	Run pip install "gdtoolkit==4.*"	2026-10-09T08:44:58.8257641Z ^[[36;1mpip install "gdtoolkit==4.*"^[[0m
verify	Run pip install "gdtoolkit==4.*"	2026-10-09T08:44:58.8339177Z shell: /usr/bin/bash -e {0}
verify	Run pip install "gdtoolkit==4.*"	2026-10-09T08:44:58.8339568Z env:
verify	Run pip install "gdtoolkit==4.*"	2026-10-09T08:44:58.8339846Z   GODOT_VERSION: 4.7.2-stable
verify	Run pip install "gdtoolkit==4.*"	2026-10-09T08:44:58.8340212Z   pythonLocation: /opt/hostedtoolcache/Python/3.13.16/x64
verify	Run pip install "gdtoolkit==4.*"	2026-10-09T08:44:58.8340738Z   PKG_CONFIG_PATH: /opt/hostedtoolcache/Python/3.13.16/x64/lib/pkgconfig
verify	Run pip install "gdtoolkit==4.*"	2026-10-09T08:44:58.8341357Z   Python_ROOT_DIR: /opt/hostedtoolcache/Python/3.13.16/x64
verify	Run pip install "gdtoolkit==4.*"	2026-10-09T08:44:58.8341870Z   Python2_ROOT_DIR: /opt/hostedtoolcache/Python/3.13.16/x64
verify	Run pip install "gdtoolkit==4.*"	2026-10-09T08:44:58.8342458Z   Python3_ROOT_DIR: /opt/hostedtoolcache/Python/3.13.16/x64
verify	Run pip install "gdtoolkit==4.*"	2026-10-09T08:44:58.8343345Z   LD_LIBRARY_PATH: /opt/hostedtoolcache/Python/3.13.16/x64/lib
verify	Run pip install "gdtoolkit==4.*"	2026-10-09T08:44:58.8343774Z ##[endgroup]
verify	Run pip install "gdtoolkit==4.*"	2026-10-09T08:44:59.5767096Z Collecting gdtoolkit==4.*
verify	Run pip install "gdtoolkit==4.*"	2026-10-09T08:44:59.6690555Z   Downloading gdtoolkit-4.5.0-py3-none-any.whl.metadata (6.7 kB)
verify	Run pip install "gdtoolkit==4.*"	2026-10-09T08:44:59.6939916Z Collecting lark==1.2.2 (from lark[regex]==1.2.2->gdtoolkit==4.*)
verify	Run pip install "gdtoolkit==4.*"	2026-10-09T08:44:59.7092362Z   Downloading lark-1.2.2-py3-none-any.whl.metadata (1.8 kB)
verify	Run pip install "gdtoolkit==4.*"	2026-10-09T08:44:59.7316758Z Collecting docopt-ng==0.9.0 (from gdtoolkit==4.*)
verify	Run pip install "gdtoolkit==4.*"	2026-10-09T08:44:59.7483280Z   Downloading docopt_ng-0.9.0-py3-none-any.whl.metadata (13 kB)
verify	Run pip install "gdtoolkit==4.*"	2026-10-09T08:44:59.8032859Z Collecting pyyaml>=5.1 (from gdtoolkit==4.*)
verify	Run pip install "gdtoolkit==4.*"	2026-10-09T08:44:59.8190449Z   Downloading pyyaml-6.0.3-cp313-cp313-manylinux2014_x86_64.manylinux_2_17_x86_64.manylinux_2_28_x86_64.whl.metadata (2.4 kB)
verify	Run pip install "gdtoolkit==4.*"	2026-10-09T08:44:59.8441284Z Collecting radon==6.0.1 (from gdtoolkit==4.*)
verify	Run pip install "gdtoolkit==4.*"	2026-10-09T08:44:59.8593230Z   Downloading radon-6.0.1-py2.py3-none-any.whl.metadata (8.2 kB)
verify	Run pip install "gdtoolkit==4.*"	2026-10-09T08:44:59.9513956Z Collecting setuptools (from gdtoolkit==4.*)
verify	Run pip install "gdtoolkit==4.*"	2026-10-09T08:44:59.9669438Z   Downloading setuptools-84.0.0-py3-none-any.whl.metadata (6.6 kB)
verify	Run pip install "gdtoolkit==4.*"	2026-10-09T08:45:00.2197715Z Collecting regex (from lark[regex]==1.2.2->gdtoolkit==4.*)
verify	Run pip install "gdtoolkit==4.*"	2026-10-09T08:45:00.2354420Z   Downloading regex-2026.9.29-cp313-cp313-manylinux2014_x86_64.manylinux_2_17_x86_64.manylinux_2_28_x86_64.whl.metadata (40 kB)
verify	Run pip install "gdtoolkit==4.*"	2026-10-09T08:45:00.2675983Z Collecting mando<0.8,>=0.6 (from radon==6.0.1->gdtoolkit==4.*)
verify	Run pip install "gdtoolkit==4.*"	2026-10-09T08:45:00.2828031Z   Downloading mando-0.7.1-py2.py3-none-any.whl.metadata (7.4 kB)
verify	Run pip install "gdtoolkit==4.*"	2026-10-09T08:45:00.3062373Z Collecting colorama>=0.4.1 (from radon==6.0.1->gdtoolkit==4.*)
verify	Run pip install "gdtoolkit==4.*"	2026-10-09T08:45:00.3214405Z   Downloading colorama-0.4.6-py2.py3-none-any.whl.metadata (17 kB)
verify	Run pip install "gdtoolkit==4.*"	2026-10-09T08:45:00.3447321Z Collecting six (from mando<0.8,>=0.6->radon==6.0.1->gdtoolkit==4.*)
verify	Run pip install "gdtoolkit==4.*"	2026-10-09T08:45:00.3600044Z   Downloading six-1.17.0-py2.py3-none-any.whl.metadata (1.7 kB)
verify	Run pip install "gdtoolkit==4.*"	2026-10-09T08:45:00.3805240Z Downloading gdtoolkit-4.5.0-py3-none-any.whl (62 kB)
verify	Run pip install "gdtoolkit==4.*"	2026-10-09T08:45:00.4014006Z Downloading docopt_ng-0.9.0-py3-none-any.whl (16 kB)
verify	Run pip install "gdtoolkit==4.*"	2026-10-09T08:45:00.4182464Z Downloading lark-1.2.2-py3-none-any.whl (111 kB)
verify	Run pip install "gdtoolkit==4.*"	2026-10-09T08:45:00.4477485Z Downloading radon-6.0.1-py2.py3-none-any.whl (52 kB)
verify	Run pip install "gdtoolkit==4.*"	2026-10-09T08:45:00.4647401Z Downloading mando-0.7.1-py2.py3-none-any.whl (28 kB)
verify	Run pip install "gdtoolkit==4.*"	2026-10-09T08:45:00.4817119Z Downloading colorama-0.4.6-py2.py3-none-any.whl (25 kB)
verify	Run pip install "gdtoolkit==4.*"	2026-10-09T08:45:00.4990632Z Downloading pyyaml-6.0.3-cp313-cp313-manylinux2014_x86_64.manylinux_2_17_x86_64.manylinux_2_28_x86_64.whl (801 kB)
verify	Run pip install "gdtoolkit==4.*"	2026-10-09T08:45:00.5446076Z    ━━━━━━━━━━━━━━━━━━━━━━━━━━━━━━━━━━━━━━━━ 801.6/801.6 kB 19.2 MB/s  0:00:00
verify	Run pip install "gdtoolkit==4.*"	2026-10-09T08:45:00.5602004Z Downloading regex-2026.9.29-cp313-cp313-manylinux2014_x86_64.manylinux_2_17_x86_64.manylinux_2_28_x86_64.whl (807 kB)
verify	Run pip install "gdtoolkit==4.*"	2026-10-09T08:45:00.5784148Z    ━━━━━━━━━━━━━━━━━━━━━━━━━━━━━━━━━━━━━━━━ 807.9/807.9 kB 34.5 MB/s  0:00:00
verify	Run pip install "gdtoolkit==4.*"	2026-10-09T08:45:00.5953210Z Downloading setuptools-84.0.0-py3-none-any.whl (818 kB)
verify	Run pip install "gdtoolkit==4.*"	2026-10-09T08:45:00.6021669Z    ━━━━━━━━━━━━━━━━━━━━━━━━━━━━━━━━━━━━━━━━ 818.2/818.2 kB 113.3 MB/s  0:00:00
verify	Run pip install "gdtoolkit==4.*"	2026-10-09T08:45:00.6173283Z Downloading six-1.17.0-py2.py3-none-any.whl (11 kB)
verify	Run pip install "gdtoolkit==4.*"	2026-10-09T08:45:00.6671170Z Installing collected packages: six, setuptools, regex, pyyaml, lark, docopt-ng, colorama, mando, radon, gdtoolkit
verify	Run pip install "gdtoolkit==4.*"	2026-10-09T08:45:01.3436684Z 
verify	Run pip install "gdtoolkit==4.*"	2026-10-09T08:45:01.3449550Z Successfully installed colorama-0.4.6 docopt-ng-0.9.0 gdtoolkit-4.5.0 lark-1.2.2 mando-0.7.1 pyyaml-6.0.3 radon-6.0.1 regex-2026.9.29 setuptools-84.0.0 six-1.17.0
verify	Bajar Godot 4.7.2-stable	﻿2026-10-09T08:45:01.4540154Z ##[group]Run set -euo pipefail
verify	Bajar Godot 4.7.2-stable	2026-10-09T08:45:01.4540390Z ^[[36;1mset -euo pipefail^[[0m
verify	Bajar Godot 4.7.2-stable	2026-10-09T08:45:01.4540729Z ^[[36;1murl="https://github.com/godotengine/godot/releases/download/${GODOT_VERSION}/Godot_v${GODOT_VERSION}_linux.x86_64.zip"^[[0m
verify	Bajar Godot 4.7.2-stable	2026-10-09T08:45:01.4541071Z ^[[36;1mcurl -fsSL -o godot.zip "$url"^[[0m
verify	Bajar Godot 4.7.2-stable	2026-10-09T08:45:01.4541255Z ^[[36;1munzip -q godot.zip -d "$HOME/godot"^[[0m
verify	Bajar Godot 4.7.2-stable	2026-10-09T08:45:01.4541498Z ^[[36;1mbin="$(find "$HOME/godot" -maxdepth 1 -type f -name 'Godot_v*' | head -1)"^[[0m
verify	Bajar Godot 4.7.2-stable	2026-10-09T08:45:01.4541748Z ^[[36;1mchmod +x "$bin"^[[0m
verify	Bajar Godot 4.7.2-stable	2026-10-09T08:45:01.4541900Z ^[[36;1mecho "GODOT_BIN=$bin" >> "$GITHUB_ENV"^[[0m
verify	Bajar Godot 4.7.2-stable	2026-10-09T08:45:01.4602332Z shell: /usr/bin/bash -e {0}
verify	Bajar Godot 4.7.2-stable	2026-10-09T08:45:01.4602501Z env:
verify	Bajar Godot 4.7.2-stable	2026-10-09T08:45:01.4602633Z   GODOT_VERSION: 4.7.2-stable
verify	Bajar Godot 4.7.2-stable	2026-10-09T08:45:01.4602821Z   pythonLocation: /opt/hostedtoolcache/Python/3.13.16/x64
verify	Bajar Godot 4.7.2-stable	2026-10-09T08:45:01.4603159Z   PKG_CONFIG_PATH: /opt/hostedtoolcache/Python/3.13.16/x64/lib/pkgconfig
verify	Bajar Godot 4.7.2-stable	2026-10-09T08:45:01.4603407Z   Python_ROOT_DIR: /opt/hostedtoolcache/Python/3.13.16/x64
verify	Bajar Godot 4.7.2-stable	2026-10-09T08:45:01.4603681Z   Python2_ROOT_DIR: /opt/hostedtoolcache/Python/3.13.16/x64
verify	Bajar Godot 4.7.2-stable	2026-10-09T08:45:01.4603908Z   Python3_ROOT_DIR: /opt/hostedtoolcache/Python/3.13.16/x64
verify	Bajar Godot 4.7.2-stable	2026-10-09T08:45:01.4604133Z   LD_LIBRARY_PATH: /opt/hostedtoolcache/Python/3.13.16/x64/lib
verify	Bajar Godot 4.7.2-stable	2026-10-09T08:45:01.4604325Z ##[endgroup]
verify	Importar los recursos del proyecto	﻿2026-10-09T08:45:02.7539373Z ##[group]Run $GODOT_BIN --headless --path . --import || true
verify	Importar los recursos del proyecto	2026-10-09T08:45:02.7539678Z ^[[36;1m$GODOT_BIN --headless --path . --import || true^[[0m
verify	Importar los recursos del proyecto	2026-10-09T08:45:02.7596281Z shell: /usr/bin/bash -e {0}
verify	Importar los recursos del proyecto	2026-10-09T08:45:02.7596442Z env:
verify	Importar los recursos del proyecto	2026-10-09T08:45:02.7596578Z   GODOT_VERSION: 4.7.2-stable
verify	Importar los recursos del proyecto	2026-10-09T08:45:02.7596767Z   pythonLocation: /opt/hostedtoolcache/Python/3.13.16/x64
verify	Importar los recursos del proyecto	2026-10-09T08:45:02.7597019Z   PKG_CONFIG_PATH: /opt/hostedtoolcache/Python/3.13.16/x64/lib/pkgconfig
verify	Importar los recursos del proyecto	2026-10-09T08:45:02.7597269Z   Python_ROOT_DIR: /opt/hostedtoolcache/Python/3.13.16/x64
verify	Importar los recursos del proyecto	2026-10-09T08:45:02.7597492Z   Python2_ROOT_DIR: /opt/hostedtoolcache/Python/3.13.16/x64
verify	Importar los recursos del proyecto	2026-10-09T08:45:02.7597720Z   Python3_ROOT_DIR: /opt/hostedtoolcache/Python/3.13.16/x64
verify	Importar los recursos del proyecto	2026-10-09T08:45:02.7597946Z   LD_LIBRARY_PATH: /opt/hostedtoolcache/Python/3.13.16/x64/lib
verify	Importar los recursos del proyecto	2026-10-09T08:45:02.7598177Z   GODOT_BIN: /home/runner/godot/Godot_v4.7.2-stable_linux.x86_64
verify	Importar los recursos del proyecto	2026-10-09T08:45:02.7598372Z ##[endgroup]
verify	Importar los recursos del proyecto	2026-10-09T08:45:02.8027891Z Godot Engine v4.7.2.stable.official.ed1daf0bf - https://godotengine.org
verify	Importar los recursos del proyecto	2026-10-09T08:45:02.8344383Z 
verify	Importar los recursos del proyecto	2026-10-09T08:45:05.5749447Z [   0% ] ^[[90m^[[1mfirst_scan_filesystem^[[22m | Started Project initialization (5 steps)^[[39m^[[0m
verify	Importar los recursos del proyecto	2026-10-09T08:45:05.5750356Z [   0% ] ^[[90m^[[1mfirst_scan_filesystem^[[22m | Scanning file structure...^[[39m^[[0m
verify	Importar los recursos del proyecto	2026-10-09T08:45:05.5834907Z [  16% ] ^[[90m^[[1mfirst_scan_filesystem^[[22m | Loading global class names...^[[39m^[[0m
verify	Importar los recursos del proyecto	2026-10-09T08:45:05.6561923Z [  33% ] ^[[90m^[[1mfirst_scan_filesystem^[[22m | Verifying GDExtensions...^[[39m^[[0m
verify	Importar los recursos del proyecto	2026-10-09T08:45:05.6562544Z [  50% ] ^[[90m^[[1mfirst_scan_filesystem^[[22m | Creating autoload scripts...^[[39m^[[0m
verify	Importar los recursos del proyecto	2026-10-09T08:45:05.7814135Z [  66% ] ^[[90m^[[1mfirst_scan_filesystem^[[22m | Initializing plugins...^[[39m^[[0m
verify	Importar los recursos del proyecto	2026-10-09T08:45:06.2584925Z ^[[38;2;218;165;32mIt was recognized that GdUnit4 is running in a test environment, therefore the GdUnit4 plugin will not be executed!^[[0m
verify	Importar los recursos del proyecto	2026-10-09T08:45:06.5614657Z [MCP] Connecting to ports 6505-6514
verify	Importar los recursos del proyecto	2026-10-09T08:45:06.5615149Z [MCP] Godot MCP Pro v1.16.0 started (ports 6505-6514)
verify	Importar los recursos del proyecto	2026-10-09T08:45:06.5618558Z [MCP] Registered 177 commands
verify	Importar los recursos del proyecto	2026-10-09T08:45:06.5619252Z [  83% ] ^[[90m^[[1mfirst_scan_filesystem^[[22m | Starting file scan...^[[39m^[[0m
verify	Importar los recursos del proyecto	2026-10-09T08:45:06.5619692Z ^[[92m[ DONE ]^[[39m ^[[1mfirst_scan_filesystem^[[22m
verify	Importar los recursos del proyecto	2026-10-09T08:45:06.5619872Z ^[[0m
verify	Importar los recursos del proyecto	2026-10-09T08:45:07.1460733Z [   0% ] ^[[90m^[[1mupdate_scripts_classes^[[22m | Started Registering global classes... (646 steps)^[[39m^[[0m
verify	Importar los recursos del proyecto	2026-10-09T08:45:07.1461435Z [   0% ] ^[[90m^[[1mupdate_scripts_classes^[[22m | ^[[39m^[[0m
verify	Importar los recursos del proyecto	2026-10-09T08:45:07.1461831Z [   0% ] ^[[90m^[[1mupdate_scripts_classes^[[22m | ^[[39m^[[0m
verify	Importar los recursos del proyecto	2026-10-09T08:45:07.1462271Z [   0% ] ^[[90m^[[1mupdate_scripts_classes^[[22m | CallBackValueProvider^[[39m^[[0m
verify	Importar los recursos del proyecto	2026-10-09T08:45:07.1462774Z [   0% ] ^[[90m^[[1mupdate_scripts_classes^[[22m | DefaultValueProvider^[[39m^[[0m
verify	Importar los recursos del proyecto	2026-10-09T08:45:07.1463485Z [   0% ] ^[[90m^[[1mupdate_scripts_classes^[[22m | GdAssertMessages^[[39m^[[0m
verify	Importar los recursos del proyecto	2026-10-09T08:45:07.1481378Z [   0% ] ^[[90m^[[1mupdate_scripts_classes^[[22m | GdAssertReports^[[39m^[[0m
verify	Importar los recursos del proyecto	2026-10-09T08:45:07.1482013Z [   0% ] ^[[90m^[[1mupdate_scripts_classes^[[22m | GdUnitArrayAssertImpl^[[39m^[[0m
verify	Importar los recursos del proyecto	2026-10-09T08:45:07.1482509Z [   1% ] ^[[90m^[[1mupdate_scripts_classes^[[22m | GdUnitAssertImpl^[[39m^[[0m
verify	Importar los recursos del proyecto	2026-10-09T08:45:07.1482924Z [   1% ] ^[[90m^[[1mupdate_scripts_classes^[[22m | GdUnitAssertions^[[39m^[[0m
verify	Importar los recursos del proyecto	2026-10-09T08:45:07.1483505Z [   1% ] ^[[90m^[[1mupdate_scripts_classes^[[22m | ^[[39m^[[0m
verify	Importar los recursos del proyecto	2026-10-09T08:45:07.1483905Z [   1% ] ^[[90m^[[1mupdate_scripts_classes^[[22m | ^[[39m^[[0m
verify	Importar los recursos del proyecto	2026-10-09T08:45:07.1484292Z [   1% ] ^[[90m^[[1mupdate_scripts_classes^[[22m | ^[[39m^[[0m
verify	Importar los recursos del proyecto	2026-10-09T08:45:07.1484689Z [   1% ] ^[[90m^[[1mupdate_scripts_classes^[[22m | ^[[39m^[[0m
verify	Importar los recursos del proyecto	2026-10-09T08:45:07.1485062Z [   2% ] ^[[90m^[[1mupdate_scripts_classes^[[22m | ^[[39m^[[0m
verify	Importar los recursos del proyecto	2026-10-09T08:45:07.1485429Z [   2% ] ^[[90m^[[1mupdate_scripts_classes^[[22m | ^[[39m^[[0m
verify	Importar los recursos del proyecto	2026-10-09T08:45:07.1485792Z [   2% ] ^[[90m^[[1mupdate_scripts_classes^[[22m | ^[[39m^[[0m
verify	Importar los recursos del proyecto	2026-10-09T08:45:07.1486180Z [   2% ] ^[[90m^[[1mupdate_scripts_classes^[[22m | ^[[39m^[[0m
verify	Importar los recursos del proyecto	2026-10-09T08:45:07.1487163Z [   2% ] ^[[90m^[[1mupdate_scripts_classes^[[22m | ^[[39m^[[0m
verify	Importar los recursos del proyecto	2026-10-09T08:45:07.1487542Z [   2% ] ^[[90m^[[1mupdate_scripts_classes^[[22m | ^[[39m^[[0m
verify	Importar los recursos del proyecto	2026-10-09T08:45:07.1487914Z [   2% ] ^[[90m^[[1mupdate_scripts_classes^[[22m | ^[[39m^[[0m
verify	Importar los recursos del proyecto	2026-10-09T08:45:07.1488278Z [   3% ] ^[[90m^[[1mupdate_scripts_classes^[[22m | ^[[39m^[[0m
verify	Importar los recursos del proyecto	2026-10-09T08:45:07.1488657Z [   3% ] ^[[90m^[[1mupdate_scripts_classes^[[22m | ^[[39m^[[0m
verify	Importar los recursos del proyecto	2026-10-09T08:45:07.1489090Z [   3% ] ^[[90m^[[1mupdate_scripts_classes^[[22m | ValueProvider^[[39m^[[0m
verify	Importar los recursos del proyecto	2026-10-09T08:45:07.1489576Z [   3% ] ^[[90m^[[1mupdate_scripts_classes^[[22m | CmdArgumentParser^[[39m^[[0m
verify	Importar los recursos del proyecto	2026-10-09T08:45:07.1490059Z [   3% ] ^[[90m^[[1mupdate_scripts_classes^[[22m | CmdCommand^[[39m^[[0m
verify	Importar los recursos del proyecto	2026-10-09T08:45:07.1490536Z [   3% ] ^[[90m^[[1mupdate_scripts_classes^[[22m | CmdCommandHandler^[[39m^[[0m
verify	Importar los recursos del proyecto	2026-10-09T08:45:07.1490975Z [   4% ] ^[[90m^[[1mupdate_scripts_classes^[[22m | CmdOption^[[39m^[[0m
verify	Importar los recursos del proyecto	2026-10-09T08:45:07.1491406Z [   4% ] ^[[90m^[[1mupdate_scripts_classes^[[22m | CmdOptions^[[39m^[[0m
verify	Importar los recursos del proyecto	2026-10-09T08:45:07.1491857Z [   4% ] ^[[90m^[[1mupdate_scripts_classes^[[22m | TestCaseAttribute^[[39m^[[0m
verify	Importar los recursos del proyecto	2026-10-09T08:45:07.1492347Z [   4% ] ^[[90m^[[1mupdate_scripts_classes^[[22m | GdUnitBaseCommand^[[39m^[[0m
verify	Importar los recursos del proyecto	2026-10-09T08:45:07.1492999Z [   4% ] ^[[90m^[[1mupdate_scripts_classes^[[22m | GdUnitCommandFileSystem^[[39m^[[0m
verify	Importar los recursos del proyecto	2026-10-09T08:45:07.1493705Z [   4% ] ^[[90m^[[1mupdate_scripts_classes^[[22m | GdUnitCommandFileSystemDebugTests^[[39m^[[0m
verify	Importar los recursos del proyecto	2026-10-09T08:45:07.1494311Z [   4% ] ^[[90m^[[1mupdate_scripts_classes^[[22m | GdUnitCommandFileSystemRunTests^[[39m^[[0m
verify	Importar los recursos del proyecto	2026-10-09T08:45:07.1494888Z [   5% ] ^[[90m^[[1mupdate_scripts_classes^[[22m | GdUnitCommandHandler^[[39m^[[0m
verify	Importar los recursos del proyecto	2026-10-09T08:45:07.1495445Z [   5% ] ^[[90m^[[1mupdate_scripts_classes^[[22m | GdUnitCommandInspectorDebugTests^[[39m^[[0m
verify	Importar los recursos del proyecto	2026-10-09T08:45:07.1496109Z [   5% ] ^[[90m^[[1mupdate_scripts_classes^[[22m | GdUnitCommandInspectorRerunTestsUntilFailure^[[39m^[[0m
verify	Importar los recursos del proyecto	2026-10-09T08:45:07.1496788Z [   5% ] ^[[90m^[[1mupdate_scripts_classes^[[22m | GdUnitCommandInspectorRunTests^[[39m^[[0m
verify	Importar los recursos del proyecto	2026-10-09T08:45:07.1497391Z [   5% ] ^[[90m^[[1mupdate_scripts_classes^[[22m | GdUnitCommandInspectorTreeCollapse^[[39m^[[0m
verify	Importar los recursos del proyecto	2026-10-09T08:45:07.1498001Z [   5% ] ^[[90m^[[1mupdate_scripts_classes^[[22m | GdUnitCommandInspectorTreeExpand^[[39m^[[0m
verify	Importar los recursos del proyecto	2026-10-09T08:45:07.1498608Z [   6% ] ^[[90m^[[1mupdate_scripts_classes^[[22m | GdUnitCommandRunTestsOverall^[[39m^[[0m
verify	Importar los recursos del proyecto	2026-10-09T08:45:07.1499252Z [   6% ] ^[[90m^[[1mupdate_scripts_classes^[[22m | GdUnitCommandScriptEditor^[[39m^[[0m
verify	Importar los recursos del proyecto	2026-10-09T08:45:07.1499870Z [   6% ] ^[[90m^[[1mupdate_scripts_classes^[[22m | GdUnitCommandScriptEditorCreateTest^[[39m^[[0m
verify	Importar los recursos del proyecto	2026-10-09T08:45:07.1500534Z [   6% ] ^[[90m^[[1mupdate_scripts_classes^[[22m | GdUnitCommandScriptEditorDebugTests^[[39m^[[0m
verify	Importar los recursos del proyecto	2026-10-09T08:45:07.1501191Z [   6% ] ^[[90m^[[1mupdate_scripts_classes^[[22m | GdUnitCommandScriptEditorRunTests^[[39m^[[0m
verify	Importar los recursos del proyecto	2026-10-09T08:45:07.1501733Z [   6% ] ^[[90m^[[1mupdate_scripts_classes^[[22m | GdUnitCommandStopTestSession^[[39m^[[0m
verify	Importar los recursos del proyecto	2026-10-09T08:45:07.1502264Z [   6% ] ^[[90m^[[1mupdate_scripts_classes^[[22m | GdUnitCommandTestSession^[[39m^[[0m
verify	Importar los recursos del proyecto	2026-10-09T08:45:07.1502747Z [   7% ] ^[[90m^[[1mupdate_scripts_classes^[[22m | GdUnitShortcut^[[39m^[[0m
verify	Importar los recursos del proyecto	2026-10-09T08:45:07.1503315Z [   7% ] ^[[90m^[[1mupdate_scripts_classes^[[22m | GdUnitGUID^[[39m^[[0m
verify	Importar los recursos del proyecto	2026-10-09T08:45:07.1503721Z [   7% ] ^[[90m^[[1mupdate_scripts_classes^[[22m | GdUnitTestCase^[[39m^[[0m
verify	Importar los recursos del proyecto	2026-10-09T08:45:07.1504197Z [   7% ] ^[[90m^[[1mupdate_scripts_classes^[[22m | GdUnitTestDiscoverer^[[39m^[[0m
verify	Importar los recursos del proyecto	2026-10-09T08:45:07.1504585Z [   7% ] ^[[90m^[[1mupdate_scripts_classes^[[22m | GdUnitTestDiscoverGuard^[[39m^[[0m
verify	Importar los recursos del proyecto	2026-10-09T08:45:07.1505048Z [   7% ] ^[[90m^[[1mupdate_scripts_classes^[[22m | GdUnitTestDiscoverSink^[[39m^[[0m
verify	Importar los recursos del proyecto	2026-10-09T08:45:07.1505478Z [   8% ] ^[[90m^[[1mupdate_scripts_classes^[[22m | GdUnitEvent^[[39m^[[0m
verify	Importar los recursos del proyecto	2026-10-09T08:45:07.1505875Z [   8% ] ^[[90m^[[1mupdate_scripts_classes^[[22m | GdUnitInit^[[39m^[[0m
verify	Importar los recursos del proyecto	2026-10-09T08:45:07.1506321Z [   8% ] ^[[90m^[[1mupdate_scripts_classes^[[22m | GdUnitStop^[[39m^[[0m
verify	Importar los recursos del proyecto	2026-10-09T08:45:07.1507243Z [   8% ] ^[[90m^[[1mupdate_scripts_classes^[[22m | GdUnitEventTestDiscoverEnd^[[39m^[[0m
verify	Importar los recursos del proyecto	2026-10-09T08:45:07.1507820Z [   8% ] ^[[90m^[[1mupdate_scripts_classes^[[22m | GdUnitEventTestDiscoverStart^[[39m^[[0m
verify	Importar los recursos del proyecto	2026-10-09T08:45:07.1508324Z [   8% ] ^[[90m^[[1mupdate_scripts_classes^[[22m | GdUnitSessionClose^[[39m^[[0m
verify	Importar los recursos del proyecto	2026-10-09T08:45:07.1508656Z [   8% ] ^[[90m^[[1mupdate_scripts_classes^[[22m | GdUnitSessionStart^[[39m^[[0m
verify	Importar los recursos del proyecto	2026-10-09T08:45:07.1509024Z [   9% ] ^[[90m^[[1mupdate_scripts_classes^[[22m | GdUnitTestCaseFuzzedExecutionStage^[[39m^[[0m
verify	Importar los recursos del proyecto	2026-10-09T08:45:07.1509433Z [   9% ] ^[[90m^[[1mupdate_scripts_classes^[[22m | GdUnitTestCaseFuzzedTestStage^[[39m^[[0m
verify	Importar los recursos del proyecto	2026-10-09T08:45:07.1509840Z [   9% ] ^[[90m^[[1mupdate_scripts_classes^[[22m | GdUnitTestCaseSingleExecutionStage^[[39m^[[0m
verify	Importar los recursos del proyecto	2026-10-09T08:45:07.1510243Z [   9% ] ^[[90m^[[1mupdate_scripts_classes^[[22m | GdUnitTestCaseSingleTestStage^[[39m^[[0m
verify	Importar los recursos del proyecto	2026-10-09T08:45:07.1510630Z [   9% ] ^[[90m^[[1mupdate_scripts_classes^[[22m | GdUnitTestCaseAfterStage^[[39m^[[0m
verify	Importar los recursos del proyecto	2026-10-09T08:45:07.1511005Z [   9% ] ^[[90m^[[1mupdate_scripts_classes^[[22m | GdUnitTestCaseBeforeStage^[[39m^[[0m
verify	Importar los recursos del proyecto	2026-10-09T08:45:07.1511381Z [  10% ] ^[[90m^[[1mupdate_scripts_classes^[[22m | GdUnitTestCaseExecutionStage^[[39m^[[0m
verify	Importar los recursos del proyecto	2026-10-09T08:45:07.1511769Z [  10% ] ^[[90m^[[1mupdate_scripts_classes^[[22m | GdUnitTestSuiteAfterStage^[[39m^[[0m
verify	Importar los recursos del proyecto	2026-10-09T08:45:07.1512260Z [  10% ] ^[[90m^[[1mupdate_scripts_classes^[[22m | GdUnitTestSuiteBeforeStage^[[39m^[[0m
verify	Importar los recursos del proyecto	2026-10-09T08:45:07.1512641Z [  10% ] ^[[90m^[[1mupdate_scripts_classes^[[22m | GdUnitTestSuiteExecutionStage^[[39m^[[0m
verify	Importar los recursos del proyecto	2026-10-09T08:45:07.1513026Z [  10% ] ^[[90m^[[1mupdate_scripts_classes^[[22m | IGdUnitExecutionStage^[[39m^[[0m
verify	Importar los recursos del proyecto	2026-10-09T08:45:07.1513586Z [  10% ] ^[[90m^[[1mupdate_scripts_classes^[[22m | GdUnitExecutionContext^[[39m^[[0m
verify	Importar los recursos del proyecto	2026-10-09T08:45:07.1513967Z [  10% ] ^[[90m^[[1mupdate_scripts_classes^[[22m | GdUnitMemoryObserver^[[39m^[[0m
verify	Importar los recursos del proyecto	2026-10-09T08:45:07.1514545Z [  11% ] ^[[90m^[[1mupdate_scripts_classes^[[22m | GdUnitProjectSettingsSnapshot^[[39m^[[0m
verify	Importar los recursos del proyecto	2026-10-09T08:45:07.1515177Z [  11% ] ^[[90m^[[1mupdate_scripts_classes^[[22m | GdUnitTestReportCollector^[[39m^[[0m
verify	Importar los recursos del proyecto	2026-10-09T08:45:07.1515749Z [  11% ] ^[[90m^[[1mupdate_scripts_classes^[[22m | GdUnitTestSuiteExecutor^[[39m^[[0m
verify	Importar los recursos del proyecto	2026-10-09T08:45:07.1516360Z [  11% ] ^[[90m^[[1mupdate_scripts_classes^[[22m | GdUnitBaseReporterTestSessionHook^[[39m^[[0m
verify	Importar los recursos del proyecto	2026-10-09T08:45:07.1517019Z [  11% ] ^[[90m^[[1mupdate_scripts_classes^[[22m | GdUnitHtmlReporterTestSessionHook^[[39m^[[0m
verify	Importar los recursos del proyecto	2026-10-09T08:45:07.1517616Z [  11% ] ^[[90m^[[1mupdate_scripts_classes^[[22m | GdUnitTestSessionHook^[[39m^[[0m
verify	Importar los recursos del proyecto	2026-10-09T08:45:07.1518174Z [  12% ] ^[[90m^[[1mupdate_scripts_classes^[[22m | GdUnitTestSessionHookService^[[39m^[[0m
verify	Importar los recursos del proyecto	2026-10-09T08:45:07.1518760Z [  12% ] ^[[90m^[[1mupdate_scripts_classes^[[22m | GdUnitXMLReporterTestSessionHook^[[39m^[[0m
verify	Importar los recursos del proyecto	2026-10-09T08:45:07.1519335Z [  12% ] ^[[90m^[[1mupdate_scripts_classes^[[22m | GdBuiltinConstants^[[39m^[[0m
verify	Importar los recursos del proyecto	2026-10-09T08:45:07.1519915Z [  12% ] ^[[90m^[[1mupdate_scripts_classes^[[22m | GdCallableParameterSetResolver^[[39m^[[0m
verify	Importar los recursos del proyecto	2026-10-09T08:45:07.1520522Z [  12% ] ^[[90m^[[1mupdate_scripts_classes^[[22m | GdInlineParameterSetResolver^[[39m^[[0m
verify	Importar los recursos del proyecto	2026-10-09T08:45:07.1521127Z [  12% ] ^[[90m^[[1mupdate_scripts_classes^[[22m | GdParameterSetResolver^[[39m^[[0m
verify	Importar los recursos del proyecto	2026-10-09T08:45:07.1521718Z [  12% ] ^[[90m^[[1mupdate_scripts_classes^[[22m | GdParameterSetResolverFactory^[[39m^[[0m
verify	Importar los recursos del proyecto	2026-10-09T08:45:07.1522323Z [  13% ] ^[[90m^[[1mupdate_scripts_classes^[[22m | GdPropertyParameterSetResolver^[[39m^[[0m
verify	Importar los recursos del proyecto	2026-10-09T08:45:07.1522915Z [  13% ] ^[[90m^[[1mupdate_scripts_classes^[[22m | GdClassDescriptor^[[39m^[[0m
verify	Importar los recursos del proyecto	2026-10-09T08:45:07.1523582Z [  13% ] ^[[90m^[[1mupdate_scripts_classes^[[22m | GdDefaultValueDecoder^[[39m^[[0m
verify	Importar los recursos del proyecto	2026-10-09T08:45:07.1524142Z [  13% ] ^[[90m^[[1mupdate_scripts_classes^[[22m | GdFunctionArgument^[[39m^[[0m
verify	Importar los recursos del proyecto	2026-10-09T08:45:07.1524642Z [  13% ] ^[[90m^[[1mupdate_scripts_classes^[[22m | GdFunctionDescriptor^[[39m^[[0m
verify	Importar los recursos del proyecto	2026-10-09T08:45:07.1525151Z [  13% ] ^[[90m^[[1mupdate_scripts_classes^[[22m | GdScriptParser^[[39m^[[0m
verify	Importar los recursos del proyecto	2026-10-09T08:45:07.1525681Z [  14% ] ^[[90m^[[1mupdate_scripts_classes^[[22m | GdUnitExpressionRunner^[[39m^[[0m
verify	Importar los recursos del proyecto	2026-10-09T08:45:07.1526420Z [  14% ] ^[[90m^[[1mupdate_scripts_classes^[[22m | GdUnitError^[[39m^[[0m
verify	Importar los recursos del proyecto	2026-10-09T08:45:07.1526902Z [  14% ] ^[[90m^[[1mupdate_scripts_classes^[[22m | GdUnitReport^[[39m^[[0m
verify	Importar los recursos del proyecto	2026-10-09T08:45:07.1527479Z [  14% ] ^[[90m^[[1mupdate_scripts_classes^[[22m | GdUnitScriptErrorCollector^[[39m^[[0m
verify	Importar los recursos del proyecto	2026-10-09T08:45:07.1528098Z [  14% ] ^[[90m^[[1mupdate_scripts_classes^[[22m | GdUnitTestCIRunner^[[39m^[[0m
verify	Importar los recursos del proyecto	2026-10-09T08:45:07.1528561Z [  14% ] ^[[90m^[[1mupdate_scripts_classes^[[22m | ^[[39m^[[0m
verify	Importar los recursos del proyecto	2026-10-09T08:45:07.1529038Z [  14% ] ^[[90m^[[1mupdate_scripts_classes^[[22m | GdUnitTestSession^[[39m^[[0m
verify	Importar los recursos del proyecto	2026-10-09T08:45:07.1529538Z [  15% ] ^[[90m^[[1mupdate_scripts_classes^[[22m | ^[[39m^[[0m
verify	Importar los recursos del proyecto	2026-10-09T08:45:07.1530081Z [  15% ] ^[[90m^[[1mupdate_scripts_classes^[[22m | GdUnitTestSuiteDefaultTemplate^[[39m^[[0m
verify	Importar los recursos del proyecto	2026-10-09T08:45:07.1530716Z [  15% ] ^[[90m^[[1mupdate_scripts_classes^[[22m | GdUnitTestSuiteTemplate^[[39m^[[0m
verify	Importar los recursos del proyecto	2026-10-09T08:45:07.1531365Z [  15% ] ^[[90m^[[1mupdate_scripts_classes^[[22m | GdUnitThreadContext^[[39m^[[0m
verify	Importar los recursos del proyecto	2026-10-09T08:45:07.1531964Z [  15% ] ^[[90m^[[1mupdate_scripts_classes^[[22m | GdUnitThreadManager^[[39m^[[0m
verify	Importar los recursos del proyecto	2026-10-09T08:45:07.1532569Z [  15% ] ^[[90m^[[1mupdate_scripts_classes^[[22m | GdUnitCSIMessageWriter^[[39m^[[0m
verify	Importar los recursos del proyecto	2026-10-09T08:45:07.1533426Z [  16% ] ^[[90m^[[1mupdate_scripts_classes^[[22m | GdUnitMessageWriter^[[39m^[[0m
verify	Importar los recursos del proyecto	2026-10-09T08:45:07.1534025Z [  16% ] ^[[90m^[[1mupdate_scripts_classes^[[22m | GdUnitRichTextMessageWriter^[[39m^[[0m
verify	Importar los recursos del proyecto	2026-10-09T08:45:07.1534605Z [  16% ] ^[[90m^[[1mupdate_scripts_classes^[[22m | _TestCase^[[39m^[[0m
verify	Importar los recursos del proyecto	2026-10-09T08:45:07.1535128Z [  16% ] ^[[90m^[[1mupdate_scripts_classes^[[22m | GdArrayTools^[[39m^[[0m
verify	Importar los recursos del proyecto	2026-10-09T08:45:07.1535695Z [  16% ] ^[[90m^[[1mupdate_scripts_classes^[[22m | GdDiffTool^[[39m^[[0m
verify	Importar los recursos del proyecto	2026-10-09T08:45:07.1536227Z [  16% ] ^[[90m^[[1mupdate_scripts_classes^[[22m | GdObjects^[[39m^[[0m
verify	Importar los recursos del proyecto	2026-10-09T08:45:07.1536812Z [  17% ] ^[[90m^[[1mupdate_scripts_classes^[[22m | GdUnit4Version^[[39m^[[0m
verify	Importar los recursos del proyecto	2026-10-09T08:45:07.1537416Z [  17% ] ^[[90m^[[1mupdate_scripts_classes^[[22m | GdUnitFileAccess^[[39m^[[0m
verify	Importar los recursos del proyecto	2026-10-09T08:45:07.1537954Z [  17% ] ^[[90m^[[1mupdate_scripts_classes^[[22m | GdUnitProperty^[[39m^[[0m
verify	Importar los recursos del proyecto	2026-10-09T08:45:07.1538440Z [  17% ] ^[[90m^[[1mupdate_scripts_classes^[[22m | GdUnitResult^[[39m^[[0m
verify	Importar los recursos del proyecto	2026-10-09T08:45:07.1538936Z [  17% ] ^[[90m^[[1mupdate_scripts_classes^[[22m | GdUnitRunnerConfig^[[39m^[[0m
verify	Importar los recursos del proyecto	2026-10-09T08:45:07.1539465Z [  17% ] ^[[90m^[[1mupdate_scripts_classes^[[22m | GdUnitSceneRunnerImpl^[[39m^[[0m
verify	Importar los recursos del proyecto	2026-10-09T08:45:07.1539974Z [  17% ] ^[[90m^[[1mupdate_scripts_classes^[[22m | GdUnitSettings^[[39m^[[0m
verify	Importar los recursos del proyecto	2026-10-09T08:45:07.1540475Z [  18% ] ^[[90m^[[1mupdate_scripts_classes^[[22m | GdUnitSignalAwaiter^[[39m^[[0m
verify	Importar los recursos del proyecto	2026-10-09T08:45:07.1541007Z [  18% ] ^[[90m^[[1mupdate_scripts_classes^[[22m | GdUnitSignalCollector^[[39m^[[0m
verify	Importar los recursos del proyecto	2026-10-09T08:45:07.1541498Z [  18% ] ^[[90m^[[1mupdate_scripts_classes^[[22m | GdUnitSignals^[[39m^[[0m
verify	Importar los recursos del proyecto	2026-10-09T08:45:07.1541964Z [  18% ] ^[[90m^[[1mupdate_scripts_classes^[[22m | GdUnitSingleton^[[39m^[[0m
verify	Importar los recursos del proyecto	2026-10-09T08:45:07.1542488Z [  18% ] ^[[90m^[[1mupdate_scripts_classes^[[22m | GdUnitStackTrace^[[39m^[[0m
verify	Importar los recursos del proyecto	2026-10-09T08:45:07.1543024Z [  18% ] ^[[90m^[[1mupdate_scripts_classes^[[22m | GdUnitStackTraceElement^[[39m^[[0m
verify	Importar los recursos del proyecto	2026-10-09T08:45:07.1543683Z [  19% ] ^[[90m^[[1mupdate_scripts_classes^[[22m | GdUnitTestResourceLoader^[[39m^[[0m
verify	Importar los recursos del proyecto	2026-10-09T08:45:07.1544249Z [  19% ] ^[[90m^[[1mupdate_scripts_classes^[[22m | GdUnitTestSuiteBuilder^[[39m^[[0m
verify	Importar los recursos del proyecto	2026-10-09T08:45:07.1544801Z [  19% ] ^[[90m^[[1mupdate_scripts_classes^[[22m | GdUnitTestSuiteScanner^[[39m^[[0m
verify	Importar los recursos del proyecto	2026-10-09T08:45:07.1545263Z [  19% ] ^[[90m^[[1mupdate_scripts_classes^[[22m | ^[[39m^[[0m
verify	Importar los recursos del proyecto	2026-10-09T08:45:07.1545698Z [  19% ] ^[[90m^[[1mupdate_scripts_classes^[[22m | GodotVersionFixures^[[39m^[[0m
verify	Importar los recursos del proyecto	2026-10-09T08:45:07.1546174Z [  19% ] ^[[90m^[[1mupdate_scripts_classes^[[22m | LocalTime^[[39m^[[0m
verify	Importar los recursos del proyecto	2026-10-09T08:45:07.1546665Z [  19% ] ^[[90m^[[1mupdate_scripts_classes^[[22m | GdUnit4CSharpApiLoader^[[39m^[[0m
verify	Importar los recursos del proyecto	2026-10-09T08:45:07.1547161Z [  20% ] ^[[90m^[[1mupdate_scripts_classes^[[22m | CallableDoubler^[[39m^[[0m
verify	Importar los recursos del proyecto	2026-10-09T08:45:07.1547639Z [  20% ] ^[[90m^[[1mupdate_scripts_classes^[[22m | GdFunctionDoubler^[[39m^[[0m
verify	Importar los recursos del proyecto	2026-10-09T08:45:07.1548320Z [  20% ] ^[[90m^[[1mupdate_scripts_classes^[[22m | GdUnitClassDoubler^[[39m^[[0m
verify	Importar los recursos del proyecto	2026-10-09T08:45:07.1548859Z [  20% ] ^[[90m^[[1mupdate_scripts_classes^[[22m | GdUnitFunctionDoublerBuilder^[[39m^[[0m
verify	Importar los recursos del proyecto	2026-10-09T08:45:07.1549450Z [  20% ] ^[[90m^[[1mupdate_scripts_classes^[[22m | GdUnitMockFunctionDoubler^[[39m^[[0m
verify	Importar los recursos del proyecto	2026-10-09T08:45:07.1550029Z [  20% ] ^[[90m^[[1mupdate_scripts_classes^[[22m | GdUnitObjectInteractions^[[39m^[[0m
verify	Importar los recursos del proyecto	2026-10-09T08:45:07.1550642Z [  21% ] ^[[90m^[[1mupdate_scripts_classes^[[22m | GdUnitObjectInteractionsVerifier^[[39m^[[0m
verify	Importar los recursos del proyecto	2026-10-09T08:45:07.1551235Z [  21% ] ^[[90m^[[1mupdate_scripts_classes^[[22m | GdUnitSpyFunctionDoubler^[[39m^[[0m
verify	Importar los recursos del proyecto	2026-10-09T08:45:07.1551768Z [  21% ] ^[[90m^[[1mupdate_scripts_classes^[[22m | GdUnitFuncValueExtractor^[[39m^[[0m
verify	Importar los recursos del proyecto	2026-10-09T08:45:07.1552243Z [  21% ] ^[[90m^[[1mupdate_scripts_classes^[[22m | BoolFuzzer^[[39m^[[0m
verify	Importar los recursos del proyecto	2026-10-09T08:45:07.1552673Z [  21% ] ^[[90m^[[1mupdate_scripts_classes^[[22m | FloatFuzzer^[[39m^[[0m
verify	Importar los recursos del proyecto	2026-10-09T08:45:07.1553195Z [  21% ] ^[[90m^[[1mupdate_scripts_classes^[[22m | Fuzzer^[[39m^[[0m
verify	Importar los recursos del proyecto	2026-10-09T08:45:07.1553616Z [  21% ] ^[[90m^[[1mupdate_scripts_classes^[[22m | IntFuzzer^[[39m^[[0m
verify	Importar los recursos del proyecto	2026-10-09T08:45:07.1554040Z [  22% ] ^[[90m^[[1mupdate_scripts_classes^[[22m | StringFuzzer^[[39m^[[0m
verify	Importar los recursos del proyecto	2026-10-09T08:45:07.1554618Z [  22% ] ^[[90m^[[1mupdate_scripts_classes^[[22m | Vector2Fuzzer^[[39m^[[0m
verify	Importar los recursos del proyecto	2026-10-09T08:45:07.1555070Z [  22% ] ^[[90m^[[1mupdate_scripts_classes^[[22m | Vector3Fuzzer^[[39m^[[0m
verify	Importar los recursos del proyecto	2026-10-09T08:45:07.1555537Z [  22% ] ^[[90m^[[1mupdate_scripts_classes^[[22m | AnyArgumentMatcher^[[39m^[[0m
verify	Importar los recursos del proyecto	2026-10-09T08:45:07.1556096Z [  22% ] ^[[90m^[[1mupdate_scripts_classes^[[22m | AnyBuildInTypeArgumentMatcher^[[39m^[[0m
verify	Importar los recursos del proyecto	2026-10-09T08:45:07.1556668Z [  22% ] ^[[90m^[[1mupdate_scripts_classes^[[22m | AnyClazzArgumentMatcher^[[39m^[[0m
verify	Importar los recursos del proyecto	2026-10-09T08:45:07.1557202Z [  23% ] ^[[90m^[[1mupdate_scripts_classes^[[22m | ChainedArgumentMatcher^[[39m^[[0m
verify	Importar los recursos del proyecto	2026-10-09T08:45:07.1557726Z [  23% ] ^[[90m^[[1mupdate_scripts_classes^[[22m | EqualsArgumentMatcher^[[39m^[[0m
verify	Importar los recursos del proyecto	2026-10-09T08:45:07.1558250Z [  23% ] ^[[90m^[[1mupdate_scripts_classes^[[22m | GdUnitArgumentMatcher^[[39m^[[0m
verify	Importar los recursos del proyecto	2026-10-09T08:45:07.1558786Z [  23% ] ^[[90m^[[1mupdate_scripts_classes^[[22m | GdUnitArgumentMatchers^[[39m^[[0m
verify	Importar los recursos del proyecto	2026-10-09T08:45:07.1559276Z [  23% ] ^[[90m^[[1mupdate_scripts_classes^[[22m | GdUnitMock^[[39m^[[0m
verify	Importar los recursos del proyecto	2026-10-09T08:45:07.1559744Z [  23% ] ^[[90m^[[1mupdate_scripts_classes^[[22m | GdUnitMockBuilder^[[39m^[[0m
verify	Importar los recursos del proyecto	2026-10-09T08:45:07.1560302Z [  23% ] ^[[90m^[[1mupdate_scripts_classes^[[22m | DoubledMockClassSourceClassName^[[39m^[[0m
verify	Importar los recursos del proyecto	2026-10-09T08:45:07.1560835Z [  24% ] ^[[90m^[[1mupdate_scripts_classes^[[22m | ErrorLogEntry^[[39m^[[0m
verify	Importar los recursos del proyecto	2026-10-09T08:45:07.1561295Z [  24% ] ^[[90m^[[1mupdate_scripts_classes^[[22m | GdUnitMonitor^[[39m^[[0m
verify	Importar los recursos del proyecto	2026-10-09T08:45:07.1561794Z [  24% ] ^[[90m^[[1mupdate_scripts_classes^[[22m | GdUnitOrphanNodeInfo^[[39m^[[0m
verify	Importar los recursos del proyecto	2026-10-09T08:45:07.1562340Z [  24% ] ^[[90m^[[1mupdate_scripts_classes^[[22m | GdUnitOrphanNodesMonitor^[[39m^[[0m
verify	Importar los recursos del proyecto	2026-10-09T08:45:07.1562877Z [  24% ] ^[[90m^[[1mupdate_scripts_classes^[[22m | GodotGdErrorMonitor^[[39m^[[0m
verify	Importar los recursos del proyecto	2026-10-09T08:45:07.1563425Z [  24% ] ^[[90m^[[1mupdate_scripts_classes^[[22m | RPC^[[39m^[[0m
verify	Importar los recursos del proyecto	2026-10-09T08:45:07.1563968Z [  25% ] ^[[90m^[[1mupdate_scripts_classes^[[22m | RPCClientConnect^[[39m^[[0m
verify	Importar los recursos del proyecto	2026-10-09T08:45:07.1564469Z [  25% ] ^[[90m^[[1mupdate_scripts_classes^[[22m | RPCClientDisconnect^[[39m^[[0m
verify	Importar los recursos del proyecto	2026-10-09T08:45:07.1564946Z [  25% ] ^[[90m^[[1mupdate_scripts_classes^[[22m | RPCGdUnitEvent^[[39m^[[0m
verify	Importar los recursos del proyecto	2026-10-09T08:45:07.1565381Z [  25% ] ^[[90m^[[1mupdate_scripts_classes^[[22m | RPCMessage^[[39m^[[0m
verify	Importar los recursos del proyecto	2026-10-09T08:45:07.1565773Z [  25% ] ^[[90m^[[1mupdate_scripts_classes^[[22m | ^[[39m^[[0m
verify	Importar los recursos del proyecto	2026-10-09T08:45:07.1566203Z [  25% ] ^[[90m^[[1mupdate_scripts_classes^[[22m | GdUnitServerConstants^[[39m^[[0m
verify	Importar los recursos del proyecto	2026-10-09T08:45:07.1566678Z [  25% ] ^[[90m^[[1mupdate_scripts_classes^[[22m | GdUnitTask^[[39m^[[0m
verify	Importar los recursos del proyecto	2026-10-09T08:45:07.1567143Z [  26% ] ^[[90m^[[1mupdate_scripts_classes^[[22m | GdUnitTcpClient^[[39m^[[0m
verify	Importar los recursos del proyecto	2026-10-09T08:45:07.1567600Z [  26% ] ^[[90m^[[1mupdate_scripts_classes^[[22m | GdUnitTcpNode^[[39m^[[0m
verify	Importar los recursos del proyecto	2026-10-09T08:45:07.1568190Z [  26% ] ^[[90m^[[1mupdate_scripts_classes^[[22m | GdUnitTcpServer^[[39m^[[0m
verify	Importar los recursos del proyecto	2026-10-09T08:45:07.1568686Z [  26% ] ^[[90m^[[1mupdate_scripts_classes^[[22m | GdUnitConsoleTestReporter^[[39m^[[0m
verify	Importar los recursos del proyecto	2026-10-09T08:45:07.1569199Z [  26% ] ^[[90m^[[1mupdate_scripts_classes^[[22m | GdUnitByPathReport^[[39m^[[0m
verify	Importar los recursos del proyecto	2026-10-09T08:45:07.1569669Z [  26% ] ^[[90m^[[1mupdate_scripts_classes^[[22m | GdUnitHtmlEncoder^[[39m^[[0m
verify	Importar los recursos del proyecto	2026-10-09T08:45:07.1570150Z [  27% ] ^[[90m^[[1mupdate_scripts_classes^[[22m | GdUnitHtmlPatterns^[[39m^[[0m
verify	Importar los recursos del proyecto	2026-10-09T08:45:07.1570642Z [  27% ] ^[[90m^[[1mupdate_scripts_classes^[[22m | GdUnitHtmlReportWriter^[[39m^[[0m
verify	Importar los recursos del proyecto	2026-10-09T08:45:07.1571148Z [  27% ] ^[[90m^[[1mupdate_scripts_classes^[[22m | JUnitXmlReportWriter^[[39m^[[0m
verify	Importar los recursos del proyecto	2026-10-09T08:45:07.1571608Z [  27% ] ^[[90m^[[1mupdate_scripts_classes^[[22m | XmlElement^[[39m^[[0m
verify	Importar los recursos del proyecto	2026-10-09T08:45:07.1572057Z [  27% ] ^[[90m^[[1mupdate_scripts_classes^[[22m | GdUnitReportSummary^[[39m^[[0m
verify	Importar los recursos del proyecto	2026-10-09T08:45:07.1572533Z [  27% ] ^[[90m^[[1mupdate_scripts_classes^[[22m | GdUnitReportWriter^[[39m^[[0m
verify	Importar los recursos del proyecto	2026-10-09T08:45:07.1573019Z [  27% ] ^[[90m^[[1mupdate_scripts_classes^[[22m | GdUnitTestCaseReport^[[39m^[[0m
verify	Importar los recursos del proyecto	2026-10-09T08:45:07.1573599Z [  28% ] ^[[90m^[[1mupdate_scripts_classes^[[22m | GdUnitTestReporter^[[39m^[[0m
verify	Importar los recursos del proyecto	2026-10-09T08:45:07.1574199Z [  28% ] ^[[90m^[[1mupdate_scripts_classes^[[22m | GdUnitTestSuiteReport^[[39m^[[0m
verify	Importar los recursos del proyecto	2026-10-09T08:45:07.1574678Z [  28% ] ^[[90m^[[1mupdate_scripts_classes^[[22m | GdUnitSpyBuilder^[[39m^[[0m
verify	Importar los recursos del proyecto	2026-10-09T08:45:07.1575207Z [  28% ] ^[[90m^[[1mupdate_scripts_classes^[[22m | DoubledSpyClassSourceClassName^[[39m^[[0m
verify	Importar los recursos del proyecto	2026-10-09T08:45:07.1575743Z [  28% ] ^[[90m^[[1mupdate_scripts_classes^[[22m | GdUnitContextMenuItem^[[39m^[[0m
verify	Importar los recursos del proyecto	2026-10-09T08:45:07.1576171Z [  28% ] ^[[90m^[[1mupdate_scripts_classes^[[22m | ^[[39m^[[0m
verify	Importar los recursos del proyecto	2026-10-09T08:45:07.1576632Z [  29% ] ^[[90m^[[1mupdate_scripts_classes^[[22m | GdUnitInspectorContextMenu^[[39m^[[0m
verify	Importar los recursos del proyecto	2026-10-09T08:45:07.1577084Z [  29% ] ^[[90m^[[1mupdate_scripts_classes^[[22m | ^[[39m^[[0m
verify	Importar los recursos del proyecto	2026-10-09T08:45:07.1577451Z [  29% ] ^[[90m^[[1mupdate_scripts_classes^[[22m | ^[[39m^[[0m
verify	Importar los recursos del proyecto	2026-10-09T08:45:07.1577813Z [  29% ] ^[[90m^[[1mupdate_scripts_classes^[[22m | ^[[39m^[[0m
verify	Importar los recursos del proyecto	2026-10-09T08:45:07.1578168Z [  29% ] ^[[90m^[[1mupdate_scripts_classes^[[22m | ^[[39m^[[0m
verify	Importar los recursos del proyecto	2026-10-09T08:45:07.1578528Z [  29% ] ^[[90m^[[1mupdate_scripts_classes^[[22m | ^[[39m^[[0m
verify	Importar los recursos del proyecto	2026-10-09T08:45:07.1578950Z [  29% ] ^[[90m^[[1mupdate_scripts_classes^[[22m | GdUnitReportPanel^[[39m^[[0m
verify	Importar los recursos del proyecto	2026-10-09T08:45:07.1579422Z [  30% ] ^[[90m^[[1mupdate_scripts_classes^[[22m | GdUnitInputCapture^[[39m^[[0m
verify	Importar los recursos del proyecto	2026-10-09T08:45:07.1579831Z [  30% ] ^[[90m^[[1mupdate_scripts_classes^[[22m | ^[[39m^[[0m
verify	Importar los recursos del proyecto	2026-10-09T08:45:07.1580182Z [  30% ] ^[[90m^[[1mupdate_scripts_classes^[[22m | ^[[39m^[[0m
verify	Importar los recursos del proyecto	2026-10-09T08:45:07.1580534Z [  30% ] ^[[90m^[[1mupdate_scripts_classes^[[22m | ^[[39m^[[0m
verify	Importar los recursos del proyecto	2026-10-09T08:45:07.1580966Z [  30% ] ^[[90m^[[1mupdate_scripts_classes^[[22m | GdUnitEditorColorTheme^[[39m^[[0m
verify	Importar los recursos del proyecto	2026-10-09T08:45:07.1581399Z [  30% ] ^[[90m^[[1mupdate_scripts_classes^[[22m | ^[[39m^[[0m
verify	Importar los recursos del proyecto	2026-10-09T08:45:07.1581788Z [  31% ] ^[[90m^[[1mupdate_scripts_classes^[[22m | GdUnitFonts^[[39m^[[0m
verify	Importar los recursos del proyecto	2026-10-09T08:45:07.1582222Z [  31% ] ^[[90m^[[1mupdate_scripts_classes^[[22m | GdUnitInspecor^[[39m^[[0m
verify	Importar los recursos del proyecto	2026-10-09T08:45:07.1582714Z [  31% ] ^[[90m^[[1mupdate_scripts_classes^[[22m | GdUnitInspectorTreeConstants^[[39m^[[0m
verify	Importar los recursos del proyecto	2026-10-09T08:45:07.1583358Z [  31% ] ^[[90m^[[1mupdate_scripts_classes^[[22m | GdUnitScriptEditorControls^[[39m^[[0m
verify	Importar los recursos del proyecto	2026-10-09T08:45:07.1583841Z [  31% ] ^[[90m^[[1mupdate_scripts_classes^[[22m | GdUnitUiTools^[[39m^[[0m
verify	Importar los recursos del proyecto	2026-10-09T08:45:07.1584231Z [  31% ] ^[[90m^[[1mupdate_scripts_classes^[[22m | ^[[39m^[[0m
verify	Importar los recursos del proyecto	2026-10-09T08:45:07.1584616Z [  31% ] ^[[90m^[[1mupdate_scripts_classes^[[22m | GdUnitPatch^[[39m^[[0m
verify	Importar los recursos del proyecto	2026-10-09T08:45:07.1585044Z [  32% ] ^[[90m^[[1mupdate_scripts_classes^[[22m | GdUnitPatcher^[[39m^[[0m
verify	Importar los recursos del proyecto	2026-10-09T08:45:07.1585437Z [  32% ] ^[[90m^[[1mupdate_scripts_classes^[[22m | ^[[39m^[[0m
verify	Importar los recursos del proyecto	2026-10-09T08:45:07.1585789Z [  32% ] ^[[90m^[[1mupdate_scripts_classes^[[22m | ^[[39m^[[0m
verify	Importar los recursos del proyecto	2026-10-09T08:45:07.1586143Z [  32% ] ^[[90m^[[1mupdate_scripts_classes^[[22m | ^[[39m^[[0m
verify	Importar los recursos del proyecto	2026-10-09T08:45:07.1586650Z [  32% ] ^[[90m^[[1mupdate_scripts_classes^[[22m | Comparator^[[39m^[[0m
verify	Importar los recursos del proyecto	2026-10-09T08:45:07.1587054Z [  32% ] ^[[90m^[[1mupdate_scripts_classes^[[22m | Fuzzers^[[39m^[[0m
verify	Importar los recursos del proyecto	2026-10-09T08:45:07.1587485Z [  33% ] ^[[90m^[[1mupdate_scripts_classes^[[22m | GdUnitArrayAssert^[[39m^[[0m
verify	Importar los recursos del proyecto	2026-10-09T08:45:07.1587935Z [  33% ] ^[[90m^[[1mupdate_scripts_classes^[[22m | GdUnitAssert^[[39m^[[0m
verify	Importar los recursos del proyecto	2026-10-09T08:45:07.1588366Z [  33% ] ^[[90m^[[1mupdate_scripts_classes^[[22m | GdUnitAwaiter^[[39m^[[0m
verify	Importar los recursos del proyecto	2026-10-09T08:45:07.1588808Z [  33% ] ^[[90m^[[1mupdate_scripts_classes^[[22m | GdUnitBoolAssert^[[39m^[[0m
verify	Importar los recursos del proyecto	2026-10-09T08:45:07.1589260Z [  33% ] ^[[90m^[[1mupdate_scripts_classes^[[22m | GdUnitConstants^[[39m^[[0m
verify	Importar los recursos del proyecto	2026-10-09T08:45:07.1589738Z [  33% ] ^[[90m^[[1mupdate_scripts_classes^[[22m | GdUnitDictionaryAssert^[[39m^[[0m
verify	Importar los recursos del proyecto	2026-10-09T08:45:07.1590230Z [  34% ] ^[[90m^[[1mupdate_scripts_classes^[[22m | GdUnitFailureAssert^[[39m^[[0m
verify	Importar los recursos del proyecto	2026-10-09T08:45:07.1590695Z [  34% ] ^[[90m^[[1mupdate_scripts_classes^[[22m | GdUnitFileAssert^[[39m^[[0m
verify	Importar los recursos del proyecto	2026-10-09T08:45:07.1591157Z [  34% ] ^[[90m^[[1mupdate_scripts_classes^[[22m | GdUnitFloatAssert^[[39m^[[0m
verify	Importar los recursos del proyecto	2026-10-09T08:45:07.1591512Z [  34% ] ^[[90m^[[1mupdate_scripts_classes^[[22m | GdUnitFuncAssert^[[39m^[[0m
verify	Importar los recursos del proyecto	2026-10-09T08:45:07.1591805Z [  34% ] ^[[90m^[[1mupdate_scripts_classes^[[22m | GdUnitGodotErrorAssert^[[39m^[[0m
verify	Importar los recursos del proyecto	2026-10-09T08:45:07.1592195Z [  34% ] ^[[90m^[[1mupdate_scripts_classes^[[22m | GdUnitIntAssert^[[39m^[[0m
verify	Importar los recursos del proyecto	2026-10-09T08:45:07.1592480Z [  34% ] ^[[90m^[[1mupdate_scripts_classes^[[22m | GdUnitObjectAssert^[[39m^[[0m
verify	Importar los recursos del proyecto	2026-10-09T08:45:07.1592773Z [  35% ] ^[[90m^[[1mupdate_scripts_classes^[[22m | GdUnitResultAssert^[[39m^[[0m
verify	Importar los recursos del proyecto	2026-10-09T08:45:07.1593164Z [  35% ] ^[[90m^[[1mupdate_scripts_classes^[[22m | GdUnitSceneRunner^[[39m^[[0m
verify	Importar los recursos del proyecto	2026-10-09T08:45:07.1593449Z [  35% ] ^[[90m^[[1mupdate_scripts_classes^[[22m | GdUnitSignalAssert^[[39m^[[0m
verify	Importar los recursos del proyecto	2026-10-09T08:45:07.1593736Z [  35% ] ^[[90m^[[1mupdate_scripts_classes^[[22m | GdUnitStringAssert^[[39m^[[0m
verify	Importar los recursos del proyecto	2026-10-09T08:45:07.1594020Z [  35% ] ^[[90m^[[1mupdate_scripts_classes^[[22m | GdUnitTestSuite^[[39m^[[0m
verify	Importar los recursos del proyecto	2026-10-09T08:45:07.1594293Z [  35% ] ^[[90m^[[1mupdate_scripts_classes^[[22m | GdUnitTuple^[[39m^[[0m
verify	Importar los recursos del proyecto	2026-10-09T08:45:07.1594575Z [  36% ] ^[[90m^[[1mupdate_scripts_classes^[[22m | GdUnitValueExtractor^[[39m^[[0m
verify	Importar los recursos del proyecto	2026-10-09T08:45:07.1594873Z [  36% ] ^[[90m^[[1mupdate_scripts_classes^[[22m | GdUnitVectorAssert^[[39m^[[0m
verify	Importar los recursos del proyecto	2026-10-09T08:45:07.1595131Z [  36% ] ^[[90m^[[1mupdate_scripts_classes^[[22m | ^[[39m^[[0m
verify	Importar los recursos del proyecto	2026-10-09T08:45:07.1595352Z [  36% ] ^[[90m^[[1mupdate_scripts_classes^[[22m | ^[[39m^[[0m
verify	Importar los recursos del proyecto	2026-10-09T08:45:07.1595590Z [  36% ] ^[[90m^[[1mupdate_scripts_classes^[[22m | ^[[39m^[[0m
verify	Importar los recursos del proyecto	2026-10-09T08:45:07.1595811Z [  36% ] ^[[90m^[[1mupdate_scripts_classes^[[22m | ^[[39m^[[0m
verify	Importar los recursos del proyecto	2026-10-09T08:45:07.1596030Z [  36% ] ^[[90m^[[1mupdate_scripts_classes^[[22m | ^[[39m^[[0m
verify	Importar los recursos del proyecto	2026-10-09T08:45:07.1596248Z [  37% ] ^[[90m^[[1mupdate_scripts_classes^[[22m | ^[[39m^[[0m
verify	Importar los recursos del proyecto	2026-10-09T08:45:07.1596465Z [  37% ] ^[[90m^[[1mupdate_scripts_classes^[[22m | ^[[39m^[[0m
verify	Importar los recursos del proyecto	2026-10-09T08:45:07.1596683Z [  37% ] ^[[90m^[[1mupdate_scripts_classes^[[22m | ^[[39m^[[0m
verify	Importar los recursos del proyecto	2026-10-09T08:45:07.1596903Z [  37% ] ^[[90m^[[1mupdate_scripts_classes^[[22m | ^[[39m^[[0m
verify	Importar los recursos del proyecto	2026-10-09T08:45:07.1597123Z [  37% ] ^[[90m^[[1mupdate_scripts_classes^[[22m | ^[[39m^[[0m
verify	Importar los recursos del proyecto	2026-10-09T08:45:07.1597342Z [  37% ] ^[[90m^[[1mupdate_scripts_classes^[[22m | ^[[39m^[[0m
verify	Importar los recursos del proyecto	2026-10-09T08:45:07.1597565Z [  38% ] ^[[90m^[[1mupdate_scripts_classes^[[22m | ^[[39m^[[0m
verify	Importar los recursos del proyecto	2026-10-09T08:45:07.1597784Z [  38% ] ^[[90m^[[1mupdate_scripts_classes^[[22m | ^[[39m^[[0m
verify	Importar los recursos del proyecto	2026-10-09T08:45:07.1598002Z [  38% ] ^[[90m^[[1mupdate_scripts_classes^[[22m | ^[[39m^[[0m
verify	Importar los recursos del proyecto	2026-10-09T08:45:07.1598220Z [  38% ] ^[[90m^[[1mupdate_scripts_classes^[[22m | ^[[39m^[[0m
verify	Importar los recursos del proyecto	2026-10-09T08:45:07.1598440Z [  38% ] ^[[90m^[[1mupdate_scripts_classes^[[22m | ^[[39m^[[0m
verify	Importar los recursos del proyecto	2026-10-09T08:45:07.1598656Z [  38% ] ^[[90m^[[1mupdate_scripts_classes^[[22m | ^[[39m^[[0m
verify	Importar los recursos del proyecto	2026-10-09T08:45:07.1598874Z [  38% ] ^[[90m^[[1mupdate_scripts_classes^[[22m | ^[[39m^[[0m
verify	Importar los recursos del proyecto	2026-10-09T08:45:07.1599097Z [  39% ] ^[[90m^[[1mupdate_scripts_classes^[[22m | ^[[39m^[[0m
verify	Importar los recursos del proyecto	2026-10-09T08:45:07.1599314Z [  39% ] ^[[90m^[[1mupdate_scripts_classes^[[22m | ^[[39m^[[0m
verify	Importar los recursos del proyecto	2026-10-09T08:45:07.1599638Z [  39% ] ^[[90m^[[1mupdate_scripts_classes^[[22m | ^[[39m^[[0m
verify	Importar los recursos del proyecto	2026-10-09T08:45:07.1599860Z [  39% ] ^[[90m^[[1mupdate_scripts_classes^[[22m | ^[[39m^[[0m
verify	Importar los recursos del proyecto	2026-10-09T08:45:07.1600080Z [  39% ] ^[[90m^[[1mupdate_scripts_classes^[[22m | ^[[39m^[[0m
verify	Importar los recursos del proyecto	2026-10-09T08:45:07.1600308Z [  39% ] ^[[90m^[[1mupdate_scripts_classes^[[22m | ^[[39m^[[0m
verify	Importar los recursos del proyecto	2026-10-09T08:45:07.1600526Z [  40% ] ^[[90m^[[1mupdate_scripts_classes^[[22m | ^[[39m^[[0m
verify	Importar los recursos del proyecto	2026-10-09T08:45:07.1600772Z [  40% ] ^[[90m^[[1mupdate_scripts_classes^[[22m | ^[[39m^[[0m
verify	Importar los recursos del proyecto	2026-10-09T08:45:07.1600989Z [  40% ] ^[[90m^[[1mupdate_scripts_classes^[[22m | ^[[39m^[[0m
verify	Importar los recursos del proyecto	2026-10-09T08:45:07.1601210Z [  40% ] ^[[90m^[[1mupdate_scripts_classes^[[22m | ^[[39m^[[0m
verify	Importar los recursos del proyecto	2026-10-09T08:45:07.1601426Z [  40% ] ^[[90m^[[1mupdate_scripts_classes^[[22m | ^[[39m^[[0m
verify	Importar los recursos del proyecto	2026-10-09T08:45:07.1601644Z [  40% ] ^[[90m^[[1mupdate_scripts_classes^[[22m | ^[[39m^[[0m
verify	Importar los recursos del proyecto	2026-10-09T08:45:07.1601863Z [  40% ] ^[[90m^[[1mupdate_scripts_classes^[[22m | ^[[39m^[[0m
verify	Importar los recursos del proyecto	2026-10-09T08:45:07.1602081Z [  41% ] ^[[90m^[[1mupdate_scripts_classes^[[22m | ^[[39m^[[0m
verify	Importar los recursos del proyecto	2026-10-09T08:45:07.1602304Z [  41% ] ^[[90m^[[1mupdate_scripts_classes^[[22m | ^[[39m^[[0m
verify	Importar los recursos del proyecto	2026-10-09T08:45:07.1602523Z [  41% ] ^[[90m^[[1mupdate_scripts_classes^[[22m | ^[[39m^[[0m
verify	Importar los recursos del proyecto	2026-10-09T08:45:07.1602834Z [  41% ] ^[[90m^[[1mupdate_scripts_classes^[[22m | ^[[39m^[[0m
verify	Importar los recursos del proyecto	2026-10-09T08:45:07.1603138Z [  41% ] ^[[90m^[[1mupdate_scripts_classes^[[22m | ^[[39m^[[0m
verify	Importar los recursos del proyecto	2026-10-09T08:45:07.1603356Z [  41% ] ^[[90m^[[1mupdate_scripts_classes^[[22m | ^[[39m^[[0m
verify	Importar los recursos del proyecto	2026-10-09T08:45:07.1603576Z [  42% ] ^[[90m^[[1mupdate_scripts_classes^[[22m | ^[[39m^[[0m
verify	Importar los recursos del proyecto	2026-10-09T08:45:07.1603795Z [  42% ] ^[[90m^[[1mupdate_scripts_classes^[[22m | ^[[39m^[[0m
verify	Importar los recursos del proyecto	2026-10-09T08:45:07.1604014Z [  42% ] ^[[90m^[[1mupdate_scripts_classes^[[22m | ^[[39m^[[0m
verify	Importar los recursos del proyecto	2026-10-09T08:45:07.1604232Z [  42% ] ^[[90m^[[1mupdate_scripts_classes^[[22m | ^[[39m^[[0m
verify	Importar los recursos del proyecto	2026-10-09T08:45:07.1604456Z [  42% ] ^[[90m^[[1mupdate_scripts_classes^[[22m | ^[[39m^[[0m
verify	Importar los recursos del proyecto	2026-10-09T08:45:07.1604694Z [  42% ] ^[[90m^[[1mupdate_scripts_classes^[[22m | Atencion^[[39m^[[0m
verify	Importar los recursos del proyecto	2026-10-09T08:45:07.1604946Z [  42% ] ^[[90m^[[1mupdate_scripts_classes^[[22m | Balde^[[39m^[[0m
verify	Importar los recursos del proyecto	2026-10-09T08:45:07.1605196Z [  43% ] ^[[90m^[[1mupdate_scripts_classes^[[22m | Catalogo^[[39m^[[0m
verify	Importar los recursos del proyecto	2026-10-09T08:45:07.1605450Z [  43% ] ^[[90m^[[1mupdate_scripts_classes^[[22m | Comprador^[[39m^[[0m
verify	Importar los recursos del proyecto	2026-10-09T08:45:07.1605713Z [  43% ] ^[[90m^[[1mupdate_scripts_classes^[[22m | Compradores^[[39m^[[0m
verify	Importar los recursos del proyecto	2026-10-09T08:45:07.1605991Z [  43% ] ^[[90m^[[1mupdate_scripts_classes^[[22m | ContenidoDeLaCaja^[[39m^[[0m
verify	Importar los recursos del proyecto	2026-10-09T08:45:07.1606263Z [  43% ] ^[[90m^[[1mupdate_scripts_classes^[[22m | Estante^[[39m^[[0m
verify	Importar los recursos del proyecto	2026-10-09T08:45:07.1606534Z [  43% ] ^[[90m^[[1mupdate_scripts_classes^[[22m | GeneradorDeTickets^[[39m^[[0m
verify	Importar los recursos del proyecto	2026-10-09T08:45:07.1606809Z [  44% ] ^[[90m^[[1mupdate_scripts_classes^[[22m | Inventario^[[39m^[[0m
verify	Importar los recursos del proyecto	2026-10-09T08:45:07.1607058Z [  44% ] ^[[90m^[[1mupdate_scripts_classes^[[22m | Mancha^[[39m^[[0m
verify	Importar los recursos del proyecto	2026-10-09T08:45:07.1607303Z [  44% ] ^[[90m^[[1mupdate_scripts_classes^[[22m | Manos^[[39m^[[0m
verify	Importar los recursos del proyecto	2026-10-09T08:45:07.1607545Z [  44% ] ^[[90m^[[1mupdate_scripts_classes^[[22m | Mopa^[[39m^[[0m
verify	Importar los recursos del proyecto	2026-10-09T08:45:07.1607798Z [  44% ] ^[[90m^[[1mupdate_scripts_classes^[[22m | NotaPegada^[[39m^[[0m
verify	Importar los recursos del proyecto	2026-10-09T08:45:07.1608067Z [  44% ] ^[[90m^[[1mupdate_scripts_classes^[[22m | ObjetoDelAlmacen^[[39m^[[0m
verify	Importar los recursos del proyecto	2026-10-09T08:45:07.1608348Z [  44% ] ^[[90m^[[1mupdate_scripts_classes^[[22m | PisoDelLocal^[[39m^[[0m
verify	Importar los recursos del proyecto	2026-10-09T08:45:07.1608607Z [  45% ] ^[[90m^[[1mupdate_scripts_classes^[[22m | Producto^[[39m^[[0m
verify	Importar los recursos del proyecto	2026-10-09T08:45:07.1608860Z [  45% ] ^[[90m^[[1mupdate_scripts_classes^[[22m | Puerta^[[39m^[[0m
verify	Importar los recursos del proyecto	2026-10-09T08:45:07.1609129Z [  45% ] ^[[90m^[[1mupdate_scripts_classes^[[22m | RegistroDeVentas^[[39m^[[0m
verify	Importar los recursos del proyecto	2026-10-09T08:45:07.1609412Z [  45% ] ^[[90m^[[1mupdate_scripts_classes^[[22m | ReglasDelEstante^[[39m^[[0m
verify	Importar los recursos del proyecto	2026-10-09T08:45:07.1609693Z [  45% ] ^[[90m^[[1mupdate_scripts_classes^[[22m | ReglasDeLaBasura^[[39m^[[0m
verify	Importar los recursos del proyecto	2026-10-09T08:45:07.1609980Z [  45% ] ^[[90m^[[1mupdate_scripts_classes^[[22m | ReglasDeLaLimpieza^[[39m^[[0m
verify	Importar los recursos del proyecto	2026-10-09T08:45:07.1610278Z [  46% ] ^[[90m^[[1mupdate_scripts_classes^[[22m | ReglasDeLaVentanilla^[[39m^[[0m
verify	Importar los recursos del proyecto	2026-10-09T08:45:07.1610677Z [  46% ] ^[[90m^[[1mupdate_scripts_classes^[[22m | ReglasDeLosObjetos^[[39m^[[0m
verify	Importar los recursos del proyecto	2026-10-09T08:45:07.1610945Z [  46% ] ^[[90m^[[1mupdate_scripts_classes^[[22m | Rescate^[[39m^[[0m
verify	Importar los recursos del proyecto	2026-10-09T08:45:07.1611214Z [  46% ] ^[[90m^[[1mupdate_scripts_classes^[[22m | TapaDelContenedor^[[39m^[[0m
verify	Importar los recursos del proyecto	2026-10-09T08:45:07.1611500Z [  46% ] ^[[90m^[[1mupdate_scripts_classes^[[22m | TareaDeAtender^[[39m^[[0m
verify	Importar los recursos del proyecto	2026-10-09T08:45:07.1611774Z [  46% ] ^[[90m^[[1mupdate_scripts_classes^[[22m | TareaDeLaBasura^[[39m^[[0m
verify	Importar los recursos del proyecto	2026-10-09T08:45:07.1612037Z [  46% ] ^[[90m^[[1mupdate_scripts_classes^[[22m | Ticket^[[39m^[[0m
verify	Importar los recursos del proyecto	2026-10-09T08:45:07.1612283Z [  47% ] ^[[90m^[[1mupdate_scripts_classes^[[22m | Trayecto^[[39m^[[0m
verify	Importar los recursos del proyecto	2026-10-09T08:45:07.1612548Z [  47% ] ^[[90m^[[1mupdate_scripts_classes^[[22m | UnidadDeProducto^[[39m^[[0m
verify	Importar los recursos del proyecto	2026-10-09T08:45:07.1612811Z [  47% ] ^[[90m^[[1mupdate_scripts_classes^[[22m | Uso^[[39m^[[0m
verify	Importar los recursos del proyecto	2026-10-09T08:45:07.1613137Z [  47% ] ^[[90m^[[1mupdate_scripts_classes^[[22m | Venta^[[39m^[[0m
verify	Importar los recursos del proyecto	2026-10-09T08:45:07.1613432Z [  47% ] ^[[90m^[[1mupdate_scripts_classes^[[22m | ApagadoPorObstaculos^[[39m^[[0m
verify	Importar los recursos del proyecto	2026-10-09T08:45:07.1613730Z [  47% ] ^[[90m^[[1mupdate_scripts_classes^[[22m | ContadorDeGolpes^[[39m^[[0m
verify	Importar los recursos del proyecto	2026-10-09T08:45:07.1614020Z [  48% ] ^[[90m^[[1mupdate_scripts_classes^[[22m | EleccionDeVariante^[[39m^[[0m
verify	Importar los recursos del proyecto	2026-10-09T08:45:07.1614405Z [  48% ] ^[[90m^[[1mupdate_scripts_classes^[[22m | EmisoresDelAmbiente^[[39m^[[0m
verify	Importar los recursos del proyecto	2026-10-09T08:45:07.1614690Z [  48% ] ^[[90m^[[1mupdate_scripts_classes^[[22m | EntradaSonora^[[39m^[[0m
verify	Importar los recursos del proyecto	2026-10-09T08:45:07.1614969Z [  48% ] ^[[90m^[[1mupdate_scripts_classes^[[22m | IndicacionDelFoco^[[39m^[[0m
verify	Importar los recursos del proyecto	2026-10-09T08:45:07.1615255Z [  48% ] ^[[90m^[[1mupdate_scripts_classes^[[22m | Notificaciones^[[39m^[[0m
verify	Importar los recursos del proyecto	2026-10-09T08:45:07.1615524Z [  48% ] ^[[90m^[[1mupdate_scripts_classes^[[22m | RondaDeVoces^[[39m^[[0m
verify	Importar los recursos del proyecto	2026-10-09T08:45:07.1615801Z [  48% ] ^[[90m^[[1mupdate_scripts_classes^[[22m | TablaDeSonidos^[[39m^[[0m
verify	Importar los recursos del proyecto	2026-10-09T08:45:07.1616091Z [  49% ] ^[[90m^[[1mupdate_scripts_classes^[[22m | CatalogoDeReacciones^[[39m^[[0m
verify	Importar los recursos del proyecto	2026-10-09T08:45:07.1616377Z [  49% ] ^[[90m^[[1mupdate_scripts_classes^[[22m | Consecuencias^[[39m^[[0m
verify	Importar los recursos del proyecto	2026-10-09T08:45:07.1616656Z [  49% ] ^[[90m^[[1mupdate_scripts_classes^[[22m | EsperaDeLaCarga^[[39m^[[0m
verify	Importar los recursos del proyecto	2026-10-09T08:45:07.1616920Z [  49% ] ^[[90m^[[1mupdate_scripts_classes^[[22m | Legajo^[[39m^[[0m
verify	Importar los recursos del proyecto	2026-10-09T08:45:07.1617181Z [  49% ] ^[[90m^[[1mupdate_scripts_classes^[[22m | MenuDeInicio^[[39m^[[0m
verify	Importar los recursos del proyecto	2026-10-09T08:45:07.1617449Z [  49% ] ^[[90m^[[1mupdate_scripts_classes^[[22m | ParteDeCierre^[[39m^[[0m
verify	Importar los recursos del proyecto	2026-10-09T08:45:07.1617709Z [  50% ] ^[[90m^[[1mupdate_scripts_classes^[[22m | Partida^[[39m^[[0m
verify	Importar los recursos del proyecto	2026-10-09T08:45:07.1617985Z [  50% ] ^[[90m^[[1mupdate_scripts_classes^[[22m | PartidaSerializada^[[39m^[[0m
verify	Importar los recursos del proyecto	2026-10-09T08:45:07.1618275Z [  50% ] ^[[90m^[[1mupdate_scripts_classes^[[22m | PoliticaDeGuardado^[[39m^[[0m
verify	Importar los recursos del proyecto	2026-10-09T08:45:07.1618545Z [  50% ] ^[[90m^[[1mupdate_scripts_classes^[[22m | Reaccion^[[39m^[[0m
verify	Importar los recursos del proyecto	2026-10-09T08:45:07.1618816Z [  50% ] ^[[90m^[[1mupdate_scripts_classes^[[22m | ReglasDeLaPartida^[[39m^[[0m
verify	Importar los recursos del proyecto	2026-10-09T08:45:07.1619083Z [  50% ] ^[[90m^[[1mupdate_scripts_classes^[[22m | Bandeja^[[39m^[[0m
verify	Importar los recursos del proyecto	2026-10-09T08:45:07.1619340Z [  51% ] ^[[90m^[[1mupdate_scripts_classes^[[22m | Computadora^[[39m^[[0m
verify	Importar los recursos del proyecto	2026-10-09T08:45:07.1619602Z [  51% ] ^[[90m^[[1mupdate_scripts_classes^[[22m | Conversacion^[[39m^[[0m
verify	Importar los recursos del proyecto	2026-10-09T08:45:07.1619862Z [  51% ] ^[[90m^[[1mupdate_scripts_classes^[[22m | Cuaderno^[[39m^[[0m
verify	Importar los recursos del proyecto	2026-10-09T08:45:07.1620116Z [  51% ] ^[[90m^[[1mupdate_scripts_classes^[[22m | Hallazgos^[[39m^[[0m
verify	Importar los recursos del proyecto	2026-10-09T08:45:07.1620367Z [  51% ] ^[[90m^[[1mupdate_scripts_classes^[[22m | Mensaje^[[39m^[[0m
verify	Importar los recursos del proyecto	2026-10-09T08:45:07.1620610Z [  51% ] ^[[90m^[[1mupdate_scripts_classes^[[22m | Nota^[[39m^[[0m
verify	Importar los recursos del proyecto	2026-10-09T08:45:07.1620861Z [  51% ] ^[[90m^[[1mupdate_scripts_classes^[[22m | Revelacion^[[39m^[[0m
verify	Importar los recursos del proyecto	2026-10-09T08:45:07.1621111Z [  52% ] ^[[90m^[[1mupdate_scripts_classes^[[22m | Apertura^[[39m^[[0m
verify	Importar los recursos del proyecto	2026-10-09T08:45:07.1621358Z [  52% ] ^[[90m^[[1mupdate_scripts_classes^[[22m | Marcador^[[39m^[[0m
verify	Importar los recursos del proyecto	2026-10-09T08:45:07.1621603Z [  52% ] ^[[90m^[[1mupdate_scripts_classes^[[22m | Pausa^[[39m^[[0m
verify	Importar los recursos del proyecto	2026-10-09T08:45:07.1621856Z [  52% ] ^[[90m^[[1mupdate_scripts_classes^[[22m | RelojDeMesa^[[39m^[[0m
verify	Importar los recursos del proyecto	2026-10-09T08:45:07.1622244Z [  52% ] ^[[90m^[[1mupdate_scripts_classes^[[22m | Ritmo^[[39m^[[0m
verify	Importar los recursos del proyecto	2026-10-09T08:45:07.1622487Z [  52% ] ^[[90m^[[1mupdate_scripts_classes^[[22m | Tarea^[[39m^[[0m
verify	Importar los recursos del proyecto	2026-10-09T08:45:07.1622733Z [  53% ] ^[[90m^[[1mupdate_scripts_classes^[[22m | Turno^[[39m^[[0m
verify	Importar los recursos del proyecto	2026-10-09T08:45:07.1622998Z [  53% ] ^[[90m^[[1mupdate_scripts_classes^[[22m | CadenciaDePasos^[[39m^[[0m
verify	Importar los recursos del proyecto	2026-10-09T08:45:07.1623343Z [  53% ] ^[[90m^[[1mupdate_scripts_classes^[[22m | Caminata^[[39m^[[0m
verify	Importar los recursos del proyecto	2026-10-09T08:45:07.1623615Z [  53% ] ^[[90m^[[1mupdate_scripts_classes^[[22m | CampoDeInteraccion^[[39m^[[0m
verify	Importar los recursos del proyecto	2026-10-09T08:45:07.1623903Z [  53% ] ^[[90m^[[1mupdate_scripts_classes^[[22m | ControlDelJugador^[[39m^[[0m
verify	Importar los recursos del proyecto	2026-10-09T08:45:07.1624203Z [  53% ] ^[[90m^[[1mupdate_scripts_classes^[[22m | EncuadreDeLaVentanilla^[[39m^[[0m
verify	Importar los recursos del proyecto	2026-10-09T08:45:07.1624479Z [  53% ] ^[[90m^[[1mupdate_scripts_classes^[[22m | Foco^[[39m^[[0m
verify	Importar los recursos del proyecto	2026-10-09T08:45:07.1624724Z [  54% ] ^[[90m^[[1mupdate_scripts_classes^[[22m | Mirada^[[39m^[[0m
verify	Importar los recursos del proyecto	2026-10-09T08:45:07.1624992Z [  54% ] ^[[90m^[[1mupdate_scripts_classes^[[22m | ReglasDelJugador^[[39m^[[0m
verify	Importar los recursos del proyecto	2026-10-09T08:45:07.1625275Z [  54% ] ^[[90m^[[1mupdate_scripts_classes^[[22m | RetornoDeLaMano^[[39m^[[0m
verify	Importar los recursos del proyecto	2026-10-09T08:45:07.1625641Z [  54% ] ^[[90m^[[1mupdate_scripts_classes^[[22m | SuavizadoDelGiro^[[39m^[[0m
verify	Importar los recursos del proyecto	2026-10-09T08:45:07.1625905Z [  54% ] ^[[90m^[[1mupdate_scripts_classes^[[22m | Dialogo^[[39m^[[0m
verify	Importar los recursos del proyecto	2026-10-09T08:45:07.1626153Z [  54% ] ^[[90m^[[1mupdate_scripts_classes^[[22m | Reglas^[[39m^[[0m
verify	Importar los recursos del proyecto	2026-10-09T08:45:07.1626388Z [  55% ] ^[[90m^[[1mupdate_scripts_classes^[[22m | ^[[39m^[[0m
verify	Importar los recursos del proyecto	2026-10-09T08:45:07.1626615Z [  55% ] ^[[90m^[[1mupdate_scripts_classes^[[22m | ^[[39m^[[0m
verify	Importar los recursos del proyecto	2026-10-09T08:45:07.1626838Z [  55% ] ^[[90m^[[1mupdate_scripts_classes^[[22m | ^[[39m^[[0m
verify	Importar los recursos del proyecto	2026-10-09T08:45:07.1627060Z [  55% ] ^[[90m^[[1mupdate_scripts_classes^[[22m | ^[[39m^[[0m
verify	Importar los recursos del proyecto	2026-10-09T08:45:07.1627279Z [  55% ] ^[[90m^[[1mupdate_scripts_classes^[[22m | ^[[39m^[[0m
verify	Importar los recursos del proyecto	2026-10-09T08:45:07.1627499Z [  55% ] ^[[90m^[[1mupdate_scripts_classes^[[22m | ^[[39m^[[0m
verify	Importar los recursos del proyecto	2026-10-09T08:45:07.1627720Z [  55% ] ^[[90m^[[1mupdate_scripts_classes^[[22m | ^[[39m^[[0m
verify	Importar los recursos del proyecto	2026-10-09T08:45:07.1627939Z [  56% ] ^[[90m^[[1mupdate_scripts_classes^[[22m | ^[[39m^[[0m
verify	Importar los recursos del proyecto	2026-10-09T08:45:07.1628189Z [  56% ] ^[[90m^[[1mupdate_scripts_classes^[[22m | ObjetoAgarrable^[[39m^[[0m
verify	Importar los recursos del proyecto	2026-10-09T08:45:07.1628441Z [  56% ] ^[[90m^[[1mupdate_scripts_classes^[[22m | ^[[39m^[[0m
verify	Importar los recursos del proyecto	2026-10-09T08:45:07.1628662Z [  56% ] ^[[90m^[[1mupdate_scripts_classes^[[22m | ^[[39m^[[0m
verify	Importar los recursos del proyecto	2026-10-09T08:45:07.1628924Z [  56% ] ^[[90m^[[1mupdate_scripts_classes^[[22m | ^[[39m^[[0m
verify	Importar los recursos del proyecto	2026-10-09T08:45:07.1629275Z [  56% ] ^[[90m^[[1mupdate_scripts_classes^[[22m | ^[[39m^[[0m
verify	Importar los recursos del proyecto	2026-10-09T08:45:07.1629625Z [  57% ] ^[[90m^[[1mupdate_scripts_classes^[[22m | ^[[39m^[[0m
verify	Importar los recursos del proyecto	2026-10-09T08:45:07.1629969Z [  57% ] ^[[90m^[[1mupdate_scripts_classes^[[22m | ^[[39m^[[0m
verify	Importar los recursos del proyecto	2026-10-09T08:45:07.1630188Z [  57% ] ^[[90m^[[1mupdate_scripts_classes^[[22m | ^[[39m^[[0m
verify	Importar los recursos del proyecto	2026-10-09T08:45:07.1630406Z [  57% ] ^[[90m^[[1mupdate_scripts_classes^[[22m | ^[[39m^[[0m
verify	Importar los recursos del proyecto	2026-10-09T08:45:07.1630626Z [  57% ] ^[[90m^[[1mupdate_scripts_classes^[[22m | ^[[39m^[[0m
verify	Importar los recursos del proyecto	2026-10-09T08:45:07.1630994Z [  57% ] ^[[90m^[[1mupdate_scripts_classes^[[22m | ^[[39m^[[0m
verify	Importar los recursos del proyecto	2026-10-09T08:45:07.1631348Z [  57% ] ^[[90m^[[1mupdate_scripts_classes^[[22m | ^[[39m^[[0m
verify	Importar los recursos del proyecto	2026-10-09T08:45:07.1631702Z [  58% ] ^[[90m^[[1mupdate_scripts_classes^[[22m | DisposicionDeLaGondola^[[39m^[[0m
verify	Importar los recursos del proyecto	2026-10-09T08:45:07.1632033Z [  58% ] ^[[90m^[[1mupdate_scripts_classes^[[22m | ^[[39m^[[0m
verify	Importar los recursos del proyecto	2026-10-09T08:45:07.1632383Z [  58% ] ^[[90m^[[1mupdate_scripts_classes^[[22m | ^[[39m^[[0m
verify	Importar los recursos del proyecto	2026-10-09T08:45:07.1632731Z [  58% ] ^[[90m^[[1mupdate_scripts_classes^[[22m | ^[[39m^[[0m
verify	Importar los recursos del proyecto	2026-10-09T08:45:07.1632989Z [  58% ] ^[[90m^[[1mupdate_scripts_classes^[[22m | ^[[39m^[[0m
verify	Importar los recursos del proyecto	2026-10-09T08:45:07.1633438Z [  58% ] ^[[90m^[[1mupdate_scripts_classes^[[22m | ^[[39m^[[0m
verify	Importar los recursos del proyecto	2026-10-09T08:45:07.1633789Z [  59% ] ^[[90m^[[1mupdate_scripts_classes^[[22m | ^[[39m^[[0m
verify	Importar los recursos del proyecto	2026-10-09T08:45:07.1634103Z [  59% ] ^[[90m^[[1mupdate_scripts_classes^[[22m | ^[[39m^[[0m
verify	Importar los recursos del proyecto	2026-10-09T08:45:07.1634328Z [  59% ] ^[[90m^[[1mupdate_scripts_classes^[[22m | ^[[39m^[[0m
verify	Importar los recursos del proyecto	2026-10-09T08:45:07.1634809Z [  59% ] ^[[90m^[[1mupdate_scripts_classes^[[22m | ^[[39m^[[0m
verify	Importar los recursos del proyecto	2026-10-09T08:45:07.1635159Z [  59% ] ^[[90m^[[1mupdate_scripts_classes^[[22m | ^[[39m^[[0m
verify	Importar los recursos del proyecto	2026-10-09T08:45:07.1635419Z [  59% ] ^[[90m^[[1mupdate_scripts_classes^[[22m | ^[[39m^[[0m
verify	Importar los recursos del proyecto	2026-10-09T08:45:07.1635727Z [  59% ] ^[[90m^[[1mupdate_scripts_classes^[[22m | ^[[39m^[[0m
verify	Importar los recursos del proyecto	2026-10-09T08:45:07.1636078Z [  60% ] ^[[90m^[[1mupdate_scripts_classes^[[22m | ^[[39m^[[0m
verify	Importar los recursos del proyecto	2026-10-09T08:45:07.1636428Z [  60% ] ^[[90m^[[1mupdate_scripts_classes^[[22m | ^[[39m^[[0m
verify	Importar los recursos del proyecto	2026-10-09T08:45:07.1636649Z [  60% ] ^[[90m^[[1mupdate_scripts_classes^[[22m | ^[[39m^[[0m
verify	Importar los recursos del proyecto	2026-10-09T08:45:07.1636999Z [  60% ] ^[[90m^[[1mupdate_scripts_classes^[[22m | ^[[39m^[[0m
verify	Importar los recursos del proyecto	2026-10-09T08:45:07.1637352Z [  60% ] ^[[90m^[[1mupdate_scripts_classes^[[22m | ^[[39m^[[0m
verify	Importar los recursos del proyecto	2026-10-09T08:45:07.1637715Z [  60% ] ^[[90m^[[1mupdate_scripts_classes^[[22m | ComputadoraDeEscritorio^[[39m^[[0m
verify	Importar los recursos del proyecto	2026-10-09T08:45:07.1638102Z [  61% ] ^[[90m^[[1mupdate_scripts_classes^[[22m | Examen^[[39m^[[0m
verify	Importar los recursos del proyecto	2026-10-09T08:45:07.1638492Z [  61% ] ^[[90m^[[1mupdate_scripts_classes^[[22m | Agarre^[[39m^[[0m
verify	Importar los recursos del proyecto	2026-10-09T08:45:07.1638872Z [  61% ] ^[[90m^[[1mupdate_scripts_classes^[[22m | CalentamientoDeShaders^[[39m^[[0m
verify	Importar los recursos del proyecto	2026-10-09T08:45:07.1639257Z [  61% ] ^[[90m^[[1mupdate_scripts_classes^[[22m | CargaEnSegundoPlano^[[39m^[[0m
verify	Importar los recursos del proyecto	2026-10-09T08:45:07.1639831Z [  61% ] ^[[90m^[[1mupdate_scripts_classes^[[22m | CicloDeJornadas^[[39m^[[0m
verify	Importar los recursos del proyecto	2026-10-09T08:45:07.1640232Z [  61% ] ^[[90m^[[1mupdate_scripts_classes^[[22m | ControlDePausa^[[39m^[[0m
verify	Importar los recursos del proyecto	2026-10-09T08:45:07.1640668Z [  61% ] ^[[90m^[[1mupdate_scripts_classes^[[22m | EnlaceDeAudio^[[39m^[[0m
verify	Importar los recursos del proyecto	2026-10-09T08:45:07.1641077Z [  62% ] ^[[90m^[[1mupdate_scripts_classes^[[22m | EnlaceDeGuardado^[[39m^[[0m
verify	Importar los recursos del proyecto	2026-10-09T08:45:07.1641530Z [  62% ] ^[[90m^[[1mupdate_scripts_classes^[[22m | Guardado^[[39m^[[0m
verify	Importar los recursos del proyecto	2026-10-09T08:45:07.1641929Z [  62% ] ^[[90m^[[1mupdate_scripts_classes^[[22m | Locutor^[[39m^[[0m
verify	Importar los recursos del proyecto	2026-10-09T08:45:07.1642312Z [  62% ] ^[[90m^[[1mupdate_scripts_classes^[[22m | LugaresDelPiso^[[39m^[[0m
verify	Importar los recursos del proyecto	2026-10-09T08:45:07.1642759Z [  62% ] ^[[90m^[[1mupdate_scripts_classes^[[22m | MarcoDelObjetivo^[[39m^[[0m
verify	Importar los recursos del proyecto	2026-10-09T08:45:07.1643293Z [  62% ] ^[[90m^[[1mupdate_scripts_classes^[[22m | PedidosDelMenu^[[39m^[[0m
verify	Importar los recursos del proyecto	2026-10-09T08:45:07.1643732Z [  63% ] ^[[90m^[[1mupdate_scripts_classes^[[22m | RedDeSeguridad^[[39m^[[0m
verify	Importar los recursos del proyecto	2026-10-09T08:45:07.1644094Z [  63% ] ^[[90m^[[1mupdate_scripts_classes^[[22m | RelojDelTurno^[[39m^[[0m
verify	Importar los recursos del proyecto	2026-10-09T08:45:07.1644531Z [  63% ] ^[[90m^[[1mupdate_scripts_classes^[[22m | ReproductorDeSonidos^[[39m^[[0m
verify	Importar los recursos del proyecto	2026-10-09T08:45:07.1645003Z [  63% ] ^[[90m^[[1mupdate_scripts_classes^[[22m | CajaRegistradora^[[39m^[[0m
verify	Importar los recursos del proyecto	2026-10-09T08:45:07.1645389Z [  63% ] ^[[90m^[[1mupdate_scripts_classes^[[22m | Limpiador^[[39m^[[0m
verify	Importar los recursos del proyecto	2026-10-09T08:45:07.1645830Z [  63% ] ^[[90m^[[1mupdate_scripts_classes^[[22m | RecolectorDeBasura^[[39m^[[0m
verify	Importar los recursos del proyecto	2026-10-09T08:45:07.1646232Z [  63% ] ^[[90m^[[1mupdate_scripts_classes^[[22m | Repositor^[[39m^[[0m
verify	Importar los recursos del proyecto	2026-10-09T08:45:07.1646642Z [  64% ] ^[[90m^[[1mupdate_scripts_classes^[[22m | Ventanilla^[[39m^[[0m
verify	Importar los recursos del proyecto	2026-10-09T08:45:07.1647051Z [  64% ] ^[[90m^[[1mupdate_scripts_classes^[[22m | AppCaja^[[39m^[[0m
verify	Importar los recursos del proyecto	2026-10-09T08:45:07.1647428Z [  64% ] ^[[90m^[[1mupdate_scripts_classes^[[22m | AppChats^[[39m^[[0m
verify	Importar los recursos del proyecto	2026-10-09T08:45:07.1647824Z [  64% ] ^[[90m^[[1mupdate_scripts_classes^[[22m | AppNotas^[[39m^[[0m
verify	Importar los recursos del proyecto	2026-10-09T08:45:07.1648211Z [  64% ] ^[[90m^[[1mupdate_scripts_classes^[[22m | CapaDeDialogo^[[39m^[[0m
verify	Importar los recursos del proyecto	2026-10-09T08:45:07.1648646Z [  64% ] ^[[90m^[[1mupdate_scripts_classes^[[22m | LienzoDeManada^[[39m^[[0m
verify	Importar los recursos del proyecto	2026-10-09T08:45:07.1649049Z [  65% ] ^[[90m^[[1mupdate_scripts_classes^[[22m | NotaEncuadrada^[[39m^[[0m
verify	Importar los recursos del proyecto	2026-10-09T08:45:07.1649511Z [  65% ] ^[[90m^[[1mupdate_scripts_classes^[[22m | PanelDeLaVentanilla^[[39m^[[0m
verify	Importar los recursos del proyecto	2026-10-09T08:45:07.1649993Z [  65% ] ^[[90m^[[1mupdate_scripts_classes^[[22m | PantallaDeComputadora^[[39m^[[0m
verify	Importar los recursos del proyecto	2026-10-09T08:45:07.1650455Z [  65% ] ^[[90m^[[1mupdate_scripts_classes^[[22m | ProgramaDeTickets^[[39m^[[0m
verify	Importar los recursos del proyecto	2026-10-09T08:45:07.1650896Z [  65% ] ^[[90m^[[1mupdate_scripts_classes^[[22m | MenuDePausa^[[39m^[[0m
verify	Importar los recursos del proyecto	2026-10-09T08:45:07.1651303Z [  65% ] ^[[90m^[[1mupdate_scripts_classes^[[22m | PantallaDeCarga^[[39m^[[0m
verify	Importar los recursos del proyecto	2026-10-09T08:45:07.1651872Z [  65% ] ^[[90m^[[1mupdate_scripts_classes^[[22m | PantallaDeCierre^[[39m^[[0m
verify	Importar los recursos del proyecto	2026-10-09T08:45:07.1652302Z [  66% ] ^[[90m^[[1mupdate_scripts_classes^[[22m | AristasDelProducto^[[39m^[[0m
verify	Importar los recursos del proyecto	2026-10-09T08:45:07.1652723Z [  66% ] ^[[90m^[[1mupdate_scripts_classes^[[22m | Hud^[[39m^[[0m
verify	Importar los recursos del proyecto	2026-10-09T08:45:07.1653240Z [  66% ] ^[[90m^[[1mupdate_scripts_classes^[[22m | PilaDeNotificaciones^[[39m^[[0m
verify	Importar los recursos del proyecto	2026-10-09T08:45:07.1653664Z [  66% ] ^[[90m^[[1mupdate_scripts_classes^[[22m | ^[[39m^[[0m
verify	Importar los recursos del proyecto	2026-10-09T08:45:07.1654016Z [  66% ] ^[[90m^[[1mupdate_scripts_classes^[[22m | ^[[39m^[[0m
verify	Importar los recursos del proyecto	2026-10-09T08:45:07.1654343Z [  66% ] ^[[90m^[[1mupdate_scripts_classes^[[22m | ^[[39m^[[0m
verify	Importar los recursos del proyecto	2026-10-09T08:45:07.1654691Z [  67% ] ^[[90m^[[1mupdate_scripts_classes^[[22m | ^[[39m^[[0m
verify	Importar los recursos del proyecto	2026-10-09T08:45:07.1655029Z [  67% ] ^[[90m^[[1mupdate_scripts_classes^[[22m | ^[[39m^[[0m
verify	Importar los recursos del proyecto	2026-10-09T08:45:07.1655403Z [  67% ] ^[[90m^[[1mupdate_scripts_classes^[[22m | ^[[39m^[[0m
verify	Importar los recursos del proyecto	2026-10-09T08:45:07.1655751Z [  67% ] ^[[90m^[[1mupdate_scripts_classes^[[22m | ^[[39m^[[0m
verify	Importar los recursos del proyecto	2026-10-09T08:45:07.1656102Z [  67% ] ^[[90m^[[1mupdate_scripts_classes^[[22m | ^[[39m^[[0m
verify	Importar los recursos del proyecto	2026-10-09T08:45:07.1656451Z [  67% ] ^[[90m^[[1mupdate_scripts_classes^[[22m | ^[[39m^[[0m
verify	Importar los recursos del proyecto	2026-10-09T08:45:07.1656800Z [  68% ] ^[[90m^[[1mupdate_scripts_classes^[[22m | ^[[39m^[[0m
verify	Importar los recursos del proyecto	2026-10-09T08:45:07.1657270Z [  68% ] ^[[90m^[[1mupdate_scripts_classes^[[22m | ^[[39m^[[0m
verify	Importar los recursos del proyecto	2026-10-09T08:45:07.1657617Z [  68% ] ^[[90m^[[1mupdate_scripts_classes^[[22m | ^[[39m^[[0m
verify	Importar los recursos del proyecto	2026-10-09T08:45:07.1657949Z [  68% ] ^[[90m^[[1mupdate_scripts_classes^[[22m | ^[[39m^[[0m
verify	Importar los recursos del proyecto	2026-10-09T08:45:07.1658302Z [  68% ] ^[[90m^[[1mupdate_scripts_classes^[[22m | ^[[39m^[[0m
verify	Importar los recursos del proyecto	2026-10-09T08:45:07.1658649Z [  68% ] ^[[90m^[[1mupdate_scripts_classes^[[22m | ^[[39m^[[0m
verify	Importar los recursos del proyecto	2026-10-09T08:45:07.1659004Z [  68% ] ^[[90m^[[1mupdate_scripts_classes^[[22m | ^[[39m^[[0m
verify	Importar los recursos del proyecto	2026-10-09T08:45:07.1659354Z [  69% ] ^[[90m^[[1mupdate_scripts_classes^[[22m | ^[[39m^[[0m
verify	Importar los recursos del proyecto	2026-10-09T08:45:07.1659709Z [  69% ] ^[[90m^[[1mupdate_scripts_classes^[[22m | ^[[39m^[[0m
verify	Importar los recursos del proyecto	2026-10-09T08:45:07.1660046Z [  69% ] ^[[90m^[[1mupdate_scripts_classes^[[22m | ^[[39m^[[0m
verify	Importar los recursos del proyecto	2026-10-09T08:45:07.1660401Z [  69% ] ^[[90m^[[1mupdate_scripts_classes^[[22m | ^[[39m^[[0m
verify	Importar los recursos del proyecto	2026-10-09T08:45:07.1660725Z [  69% ] ^[[90m^[[1mupdate_scripts_classes^[[22m | ^[[39m^[[0m
verify	Importar los recursos del proyecto	2026-10-09T08:45:07.1661090Z [  69% ] ^[[90m^[[1mupdate_scripts_classes^[[22m | ^[[39m^[[0m
verify	Importar los recursos del proyecto	2026-10-09T08:45:07.1661442Z [  70% ] ^[[90m^[[1mupdate_scripts_classes^[[22m | ^[[39m^[[0m
verify	Importar los recursos del proyecto	2026-10-09T08:45:07.1661779Z [  70% ] ^[[90m^[[1mupdate_scripts_classes^[[22m | ^[[39m^[[0m
verify	Importar los recursos del proyecto	2026-10-09T08:45:07.1662127Z [  70% ] ^[[90m^[[1mupdate_scripts_classes^[[22m | ^[[39m^[[0m
verify	Importar los recursos del proyecto	2026-10-09T08:45:07.1662476Z [  70% ] ^[[90m^[[1mupdate_scripts_classes^[[22m | ^[[39m^[[0m
verify	Importar los recursos del proyecto	2026-10-09T08:45:07.1662789Z [  70% ] ^[[90m^[[1mupdate_scripts_classes^[[22m | ^[[39m^[[0m
verify	Importar los recursos del proyecto	2026-10-09T08:45:07.1663257Z [  70% ] ^[[90m^[[1mupdate_scripts_classes^[[22m | ^[[39m^[[0m
verify	Importar los recursos del proyecto	2026-10-09T08:45:07.1663609Z [  70% ] ^[[90m^[[1mupdate_scripts_classes^[[22m | ^[[39m^[[0m
verify	Importar los recursos del proyecto	2026-10-09T08:45:07.1663924Z [  71% ] ^[[90m^[[1mupdate_scripts_classes^[[22m | ^[[39m^[[0m
verify	Importar los recursos del proyecto	2026-10-09T08:45:07.1664280Z [  71% ] ^[[90m^[[1mupdate_scripts_classes^[[22m | ^[[39m^[[0m
verify	Importar los recursos del proyecto	2026-10-09T08:45:07.1664632Z [  71% ] ^[[90m^[[1mupdate_scripts_classes^[[22m | ^[[39m^[[0m
verify	Importar los recursos del proyecto	2026-10-09T08:45:07.1664950Z [  71% ] ^[[90m^[[1mupdate_scripts_classes^[[22m | ^[[39m^[[0m
verify	Importar los recursos del proyecto	2026-10-09T08:45:07.1665299Z [  71% ] ^[[90m^[[1mupdate_scripts_classes^[[22m | ^[[39m^[[0m
verify	Importar los recursos del proyecto	2026-10-09T08:45:07.1665651Z [  71% ] ^[[90m^[[1mupdate_scripts_classes^[[22m | ^[[39m^[[0m
verify	Importar los recursos del proyecto	2026-10-09T08:45:07.1665976Z [  72% ] ^[[90m^[[1mupdate_scripts_classes^[[22m | ^[[39m^[[0m
verify	Importar los recursos del proyecto	2026-10-09T08:45:07.1666326Z [  72% ] ^[[90m^[[1mupdate_scripts_classes^[[22m | ^[[39m^[[0m
verify	Importar los recursos del proyecto	2026-10-09T08:45:07.1666674Z [  72% ] ^[[90m^[[1mupdate_scripts_classes^[[22m | ^[[39m^[[0m
verify	Importar los recursos del proyecto	2026-10-09T08:45:07.1666993Z [  72% ] ^[[90m^[[1mupdate_scripts_classes^[[22m | ^[[39m^[[0m
verify	Importar los recursos del proyecto	2026-10-09T08:45:07.1667342Z [  72% ] ^[[90m^[[1mupdate_scripts_classes^[[22m | ^[[39m^[[0m
verify	Importar los recursos del proyecto	2026-10-09T08:45:07.1667689Z [  72% ] ^[[90m^[[1mupdate_scripts_classes^[[22m | ^[[39m^[[0m
verify	Importar los recursos del proyecto	2026-10-09T08:45:07.1668033Z [  72% ] ^[[90m^[[1mupdate_scripts_classes^[[22m | ^[[39m^[[0m
verify	Importar los recursos del proyecto	2026-10-09T08:45:07.1668379Z [  73% ] ^[[90m^[[1mupdate_scripts_classes^[[22m | ^[[39m^[[0m
verify	Importar los recursos del proyecto	2026-10-09T08:45:07.1668814Z [  73% ] ^[[90m^[[1mupdate_scripts_classes^[[22m | ^[[39m^[[0m
verify	Importar los recursos del proyecto	2026-10-09T08:45:07.1669188Z [  73% ] ^[[90m^[[1mupdate_scripts_classes^[[22m | ^[[39m^[[0m
verify	Importar los recursos del proyecto	2026-10-09T08:45:07.1669545Z [  73% ] ^[[90m^[[1mupdate_scripts_classes^[[22m | ^[[39m^[[0m
verify	Importar los recursos del proyecto	2026-10-09T08:45:07.1669885Z [  73% ] ^[[90m^[[1mupdate_scripts_classes^[[22m | ^[[39m^[[0m
verify	Importar los recursos del proyecto	2026-10-09T08:45:07.1670234Z [  73% ] ^[[90m^[[1mupdate_scripts_classes^[[22m | ^[[39m^[[0m
verify	Importar los recursos del proyecto	2026-10-09T08:45:07.1670583Z [  74% ] ^[[90m^[[1mupdate_scripts_classes^[[22m | ^[[39m^[[0m
verify	Importar los recursos del proyecto	2026-10-09T08:45:07.1670915Z [  74% ] ^[[90m^[[1mupdate_scripts_classes^[[22m | ^[[39m^[[0m
verify	Importar los recursos del proyecto	2026-10-09T08:45:07.1671264Z [  74% ] ^[[90m^[[1mupdate_scripts_classes^[[22m | ^[[39m^[[0m
verify	Importar los recursos del proyecto	2026-10-09T08:45:07.1671614Z [  74% ] ^[[90m^[[1mupdate_scripts_classes^[[22m | ^[[39m^[[0m
verify	Importar los recursos del proyecto	2026-10-09T08:45:07.1671937Z [  74% ] ^[[90m^[[1mupdate_scripts_classes^[[22m | ^[[39m^[[0m
verify	Importar los recursos del proyecto	2026-10-09T08:45:07.1672288Z [  74% ] ^[[90m^[[1mupdate_scripts_classes^[[22m | ^[[39m^[[0m
verify	Importar los recursos del proyecto	2026-10-09T08:45:07.1672639Z [  74% ] ^[[90m^[[1mupdate_scripts_classes^[[22m | ^[[39m^[[0m
verify	Importar los recursos del proyecto	2026-10-09T08:45:07.1672968Z [  75% ] ^[[90m^[[1mupdate_scripts_classes^[[22m | ^[[39m^[[0m
verify	Importar los recursos del proyecto	2026-10-09T08:45:07.1673415Z [  75% ] ^[[90m^[[1mupdate_scripts_classes^[[22m | ^[[39m^[[0m
verify	Importar los recursos del proyecto	2026-10-09T08:45:07.1673808Z [  75% ] ^[[90m^[[1mupdate_scripts_classes^[[22m | ^[[39m^[[0m
verify	Importar los recursos del proyecto	2026-10-09T08:45:07.1674166Z [  75% ] ^[[90m^[[1mupdate_scripts_classes^[[22m | ^[[39m^[[0m
verify	Importar los recursos del proyecto	2026-10-09T08:45:07.1674512Z [  75% ] ^[[90m^[[1mupdate_scripts_classes^[[22m | ^[[39m^[[0m
verify	Importar los recursos del proyecto	2026-10-09T08:45:07.1674846Z [  75% ] ^[[90m^[[1mupdate_scripts_classes^[[22m | ^[[39m^[[0m
verify	Importar los recursos del proyecto	2026-10-09T08:45:07.1675202Z [  76% ] ^[[90m^[[1mupdate_scripts_classes^[[22m | ^[[39m^[[0m
verify	Importar los recursos del proyecto	2026-10-09T08:45:07.1675567Z [  76% ] ^[[90m^[[1mupdate_scripts_classes^[[22m | ^[[39m^[[0m
verify	Importar los recursos del proyecto	2026-10-09T08:45:07.1675904Z [  76% ] ^[[90m^[[1mupdate_scripts_classes^[[22m | ^[[39m^[[0m
verify	Importar los recursos del proyecto	2026-10-09T08:45:07.1676254Z [  76% ] ^[[90m^[[1mupdate_scripts_classes^[[22m | ^[[39m^[[0m
verify	Importar los recursos del proyecto	2026-10-09T08:45:07.1676604Z [  76% ] ^[[90m^[[1mupdate_scripts_classes^[[22m | ^[[39m^[[0m
verify	Importar los recursos del proyecto	2026-10-09T08:45:07.1676993Z [  76% ] ^[[90m^[[1mupdate_scripts_classes^[[22m | ^[[39m^[[0m
verify	Importar los recursos del proyecto	2026-10-09T08:45:07.1677341Z [  76% ] ^[[90m^[[1mupdate_scripts_classes^[[22m | ^[[39m^[[0m
verify	Importar los recursos del proyecto	2026-10-09T08:45:07.1677694Z [  77% ] ^[[90m^[[1mupdate_scripts_classes^[[22m | ^[[39m^[[0m
verify	Importar los recursos del proyecto	2026-10-09T08:45:07.1678023Z [  77% ] ^[[90m^[[1mupdate_scripts_classes^[[22m | ^[[39m^[[0m
verify	Importar los recursos del proyecto	2026-10-09T08:45:07.1678371Z [  77% ] ^[[90m^[[1mupdate_scripts_classes^[[22m | ^[[39m^[[0m
verify	Importar los recursos del proyecto	2026-10-09T08:45:07.1678706Z [  77% ] ^[[90m^[[1mupdate_scripts_classes^[[22m | ^[[39m^[[0m
verify	Importar los recursos del proyecto	2026-10-09T08:45:07.1679058Z [  77% ] ^[[90m^[[1mupdate_scripts_classes^[[22m | ^[[39m^[[0m
verify	Importar los recursos del proyecto	2026-10-09T08:45:07.1679405Z [  77% ] ^[[90m^[[1mupdate_scripts_classes^[[22m | ^[[39m^[[0m
verify	Importar los recursos del proyecto	2026-10-09T08:45:07.1679712Z [  78% ] ^[[90m^[[1mupdate_scripts_classes^[[22m | ^[[39m^[[0m
verify	Importar los recursos del proyecto	2026-10-09T08:45:07.1680018Z [  78% ] ^[[90m^[[1mupdate_scripts_classes^[[22m | ^[[39m^[[0m
verify	Importar los recursos del proyecto	2026-10-09T08:45:07.1680365Z [  78% ] ^[[90m^[[1mupdate_scripts_classes^[[22m | ^[[39m^[[0m
verify	Importar los recursos del proyecto	2026-10-09T08:45:07.1680719Z [  78% ] ^[[90m^[[1mupdate_scripts_classes^[[22m | ^[[39m^[[0m
verify	Importar los recursos del proyecto	2026-10-09T08:45:07.1681027Z [  78% ] ^[[90m^[[1mupdate_scripts_classes^[[22m | ^[[39m^[[0m
verify	Importar los recursos del proyecto	2026-10-09T08:45:07.1681377Z [  78% ] ^[[90m^[[1mupdate_scripts_classes^[[22m | ^[[39m^[[0m
verify	Importar los recursos del proyecto	2026-10-09T08:45:07.1681733Z [  78% ] ^[[90m^[[1mupdate_scripts_classes^[[22m | ^[[39m^[[0m
verify	Importar los recursos del proyecto	2026-10-09T08:45:07.1682046Z [  79% ] ^[[90m^[[1mupdate_scripts_classes^[[22m | ^[[39m^[[0m
verify	Importar los recursos del proyecto	2026-10-09T08:45:07.1682394Z [  79% ] ^[[90m^[[1mupdate_scripts_classes^[[22m | ^[[39m^[[0m
verify	Importar los recursos del proyecto	2026-10-09T08:45:07.1682752Z [  79% ] ^[[90m^[[1mupdate_scripts_classes^[[22m | ^[[39m^[[0m
verify	Importar los recursos del proyecto	2026-10-09T08:45:07.1683152Z [  79% ] ^[[90m^[[1mupdate_scripts_classes^[[22m | ^[[39m^[[0m
verify	Importar los recursos del proyecto	2026-10-09T08:45:07.1683499Z [  79% ] ^[[90m^[[1mupdate_scripts_classes^[[22m | ^[[39m^[[0m
verify	Importar los recursos del proyecto	2026-10-09T08:45:07.1683851Z [  79% ] ^[[90m^[[1mupdate_scripts_classes^[[22m | ^[[39m^[[0m
verify	Importar los recursos del proyecto	2026-10-09T08:45:07.1684132Z [  80% ] ^[[90m^[[1mupdate_scripts_classes^[[22m | ^[[39m^[[0m
verify	Importar los recursos del proyecto	2026-10-09T08:45:07.1684483Z [  80% ] ^[[90m^[[1mupdate_scripts_classes^[[22m | ^[[39m^[[0m
verify	Importar los recursos del proyecto	2026-10-09T08:45:07.1684832Z [  80% ] ^[[90m^[[1mupdate_scripts_classes^[[22m | ^[[39m^[[0m
verify	Importar los recursos del proyecto	2026-10-09T08:45:07.1685307Z [  80% ] ^[[90m^[[1mupdate_scripts_classes^[[22m | ^[[39m^[[0m
verify	Importar los recursos del proyecto	2026-10-09T08:45:07.1685654Z [  80% ] ^[[90m^[[1mupdate_scripts_classes^[[22m | ^[[39m^[[0m
verify	Importar los recursos del proyecto	2026-10-09T08:45:07.1685985Z [  80% ] ^[[90m^[[1mupdate_scripts_classes^[[22m | ^[[39m^[[0m
verify	Importar los recursos del proyecto	2026-10-09T08:45:07.1686334Z [  80% ] ^[[90m^[[1mupdate_scripts_classes^[[22m | ^[[39m^[[0m
verify	Importar los recursos del proyecto	2026-10-09T08:45:07.1686680Z [  81% ] ^[[90m^[[1mupdate_scripts_classes^[[22m | ^[[39m^[[0m
verify	Importar los recursos del proyecto	2026-10-09T08:45:07.1686990Z [  81% ] ^[[90m^[[1mupdate_scripts_classes^[[22m | ^[[39m^[[0m
verify	Importar los recursos del proyecto	2026-10-09T08:45:07.1687327Z [  81% ] ^[[90m^[[1mupdate_scripts_classes^[[22m | ^[[39m^[[0m
verify	Importar los recursos del proyecto	2026-10-09T08:45:07.1687675Z [  81% ] ^[[90m^[[1mupdate_scripts_classes^[[22m | ^[[39m^[[0m
verify	Importar los recursos del proyecto	2026-10-09T08:45:07.1687993Z [  81% ] ^[[90m^[[1mupdate_scripts_classes^[[22m | ^[[39m^[[0m
verify	Importar los recursos del proyecto	2026-10-09T08:45:07.1688331Z [  81% ] ^[[90m^[[1mupdate_scripts_classes^[[22m | ^[[39m^[[0m
verify	Importar los recursos del proyecto	2026-10-09T08:45:07.1688679Z [  82% ] ^[[90m^[[1mupdate_scripts_classes^[[22m | ^[[39m^[[0m
verify	Importar los recursos del proyecto	2026-10-09T08:45:07.1689002Z [  82% ] ^[[90m^[[1mupdate_scripts_classes^[[22m | ^[[39m^[[0m
verify	Importar los recursos del proyecto	2026-10-09T08:45:07.1689342Z [  82% ] ^[[90m^[[1mupdate_scripts_classes^[[22m | ^[[39m^[[0m
verify	Importar los recursos del proyecto	2026-10-09T08:45:07.1689689Z [  82% ] ^[[90m^[[1mupdate_scripts_classes^[[22m | ^[[39m^[[0m
verify	Importar los recursos del proyecto	2026-10-09T08:45:07.1690101Z [  82% ] ^[[90m^[[1mupdate_scripts_classes^[[22m | ^[[39m^[[0m
verify	Importar los recursos del proyecto	2026-10-09T08:45:07.1690453Z [  82% ] ^[[90m^[[1mupdate_scripts_classes^[[22m | ^[[39m^[[0m
verify	Importar los recursos del proyecto	2026-10-09T08:45:07.1690800Z [  82% ] ^[[90m^[[1mupdate_scripts_classes^[[22m | ^[[39m^[[0m
verify	Importar los recursos del proyecto	2026-10-09T08:45:07.1691118Z [  83% ] ^[[90m^[[1mupdate_scripts_classes^[[22m | ^[[39m^[[0m
verify	Importar los recursos del proyecto	2026-10-09T08:45:07.1691467Z [  83% ] ^[[90m^[[1mupdate_scripts_classes^[[22m | ^[[39m^[[0m
verify	Importar los recursos del proyecto	2026-10-09T08:45:07.1691818Z [  83% ] ^[[90m^[[1mupdate_scripts_classes^[[22m | ^[[39m^[[0m
verify	Importar los recursos del proyecto	2026-10-09T08:45:07.1692137Z [  83% ] ^[[90m^[[1mupdate_scripts_classes^[[22m | ^[[39m^[[0m
verify	Importar los recursos del proyecto	2026-10-09T08:45:07.1692487Z [  83% ] ^[[90m^[[1mupdate_scripts_classes^[[22m | ^[[39m^[[0m
verify	Importar los recursos del proyecto	2026-10-09T08:45:07.1692834Z [  83% ] ^[[90m^[[1mupdate_scripts_classes^[[22m | ^[[39m^[[0m
verify	Importar los recursos del proyecto	2026-10-09T08:45:07.1693242Z [  84% ] ^[[90m^[[1mupdate_scripts_classes^[[22m | ^[[39m^[[0m
verify	Importar los recursos del proyecto	2026-10-09T08:45:07.1693587Z [  84% ] ^[[90m^[[1mupdate_scripts_classes^[[22m | ^[[39m^[[0m
verify	Importar los recursos del proyecto	2026-10-09T08:45:07.1693939Z [  84% ] ^[[90m^[[1mupdate_scripts_classes^[[22m | ^[[39m^[[0m
verify	Importar los recursos del proyecto	2026-10-09T08:45:07.1694195Z [  84% ] ^[[90m^[[1mupdate_scripts_classes^[[22m | ^[[39m^[[0m
verify	Importar los recursos del proyecto	2026-10-09T08:45:07.1694548Z [  84% ] ^[[90m^[[1mupdate_scripts_classes^[[22m | ^[[39m^[[0m
verify	Importar los recursos del proyecto	2026-10-09T08:45:07.1694898Z [  84% ] ^[[90m^[[1mupdate_scripts_classes^[[22m | ^[[39m^[[0m
verify	Importar los recursos del proyecto	2026-10-09T08:45:07.1695204Z [  85% ] ^[[90m^[[1mupdate_scripts_classes^[[22m | ^[[39m^[[0m
verify	Importar los recursos del proyecto	2026-10-09T08:45:07.1695557Z [  85% ] ^[[90m^[[1mupdate_scripts_classes^[[22m | ^[[39m^[[0m
verify	Importar los recursos del proyecto	2026-10-09T08:45:07.1695905Z [  85% ] ^[[90m^[[1mupdate_scripts_classes^[[22m | ^[[39m^[[0m
verify	Importar los recursos del proyecto	2026-10-09T08:45:07.1696185Z [  85% ] ^[[90m^[[1mupdate_scripts_classes^[[22m | ^[[39m^[[0m
verify	Importar los recursos del proyecto	2026-10-09T08:45:07.1696561Z [  85% ] ^[[90m^[[1mupdate_scripts_classes^[[22m | ^[[39m^[[0m
verify	Importar los recursos del proyecto	2026-10-09T08:45:07.1696910Z [  85% ] ^[[90m^[[1mupdate_scripts_classes^[[22m | ^[[39m^[[0m
verify	Importar los recursos del proyecto	2026-10-09T08:45:07.1697221Z [  85% ] ^[[90m^[[1mupdate_scripts_classes^[[22m | ^[[39m^[[0m
verify	Importar los recursos del proyecto	2026-10-09T08:45:07.1697579Z [  86% ] ^[[90m^[[1mupdate_scripts_classes^[[22m | ^[[39m^[[0m
verify	Importar los recursos del proyecto	2026-10-09T08:45:07.1697930Z [  86% ] ^[[90m^[[1mupdate_scripts_classes^[[22m | ^[[39m^[[0m
verify	Importar los recursos del proyecto	2026-10-09T08:45:07.1698242Z [  86% ] ^[[90m^[[1mupdate_scripts_classes^[[22m | ^[[39m^[[0m
verify	Importar los recursos del proyecto	2026-10-09T08:45:07.1698595Z [  86% ] ^[[90m^[[1mupdate_scripts_classes^[[22m | ^[[39m^[[0m
verify	Importar los recursos del proyecto	2026-10-09T08:45:07.1698945Z [  86% ] ^[[90m^[[1mupdate_scripts_classes^[[22m | ^[[39m^[[0m
verify	Importar los recursos del proyecto	2026-10-09T08:45:07.1699224Z [  86% ] ^[[90m^[[1mupdate_scripts_classes^[[22m | ^[[39m^[[0m
verify	Importar los recursos del proyecto	2026-10-09T08:45:07.1699581Z [  87% ] ^[[90m^[[1mupdate_scripts_classes^[[22m | ^[[39m^[[0m
verify	Importar los recursos del proyecto	2026-10-09T08:45:07.1699928Z [  87% ] ^[[90m^[[1mupdate_scripts_classes^[[22m | ^[[39m^[[0m
verify	Importar los recursos del proyecto	2026-10-09T08:45:07.1700231Z [  87% ] ^[[90m^[[1mupdate_scripts_classes^[[22m | ^[[39m^[[0m
verify	Importar los recursos del proyecto	2026-10-09T08:45:07.1700574Z [  87% ] ^[[90m^[[1mupdate_scripts_classes^[[22m | ^[[39m^[[0m
verify	Importar los recursos del proyecto	2026-10-09T08:45:07.1700958Z [  87% ] ^[[90m^[[1mupdate_scripts_classes^[[22m | ^[[39m^[[0m
verify	Importar los recursos del proyecto	2026-10-09T08:45:07.1701399Z [  87% ] ^[[90m^[[1mupdate_scripts_classes^[[22m | ^[[39m^[[0m
verify	Importar los recursos del proyecto	2026-10-09T08:45:07.1701749Z [  87% ] ^[[90m^[[1mupdate_scripts_classes^[[22m | ^[[39m^[[0m
verify	Importar los recursos del proyecto	2026-10-09T08:45:07.1702096Z [  88% ] ^[[90m^[[1mupdate_scripts_classes^[[22m | ^[[39m^[[0m
verify	Importar los recursos del proyecto	2026-10-09T08:45:07.1702390Z [  88% ] ^[[90m^[[1mupdate_scripts_classes^[[22m | ^[[39m^[[0m
verify	Importar los recursos del proyecto	2026-10-09T08:45:07.1702746Z [  88% ] ^[[90m^[[1mupdate_scripts_classes^[[22m | ^[[39m^[[0m
verify	Importar los recursos del proyecto	2026-10-09T08:45:07.1703193Z [  88% ] ^[[90m^[[1mupdate_scripts_classes^[[22m | ^[[39m^[[0m
verify	Importar los recursos del proyecto	2026-10-09T08:45:07.1703465Z [  88% ] ^[[90m^[[1mupdate_scripts_classes^[[22m | ^[[39m^[[0m
verify	Importar los recursos del proyecto	2026-10-09T08:45:07.1703828Z [  88% ] ^[[90m^[[1mupdate_scripts_classes^[[22m | ^[[39m^[[0m
verify	Importar los recursos del proyecto	2026-10-09T08:45:07.1704173Z [  89% ] ^[[90m^[[1mupdate_scripts_classes^[[22m | ^[[39m^[[0m
verify	Importar los recursos del proyecto	2026-10-09T08:45:07.1704472Z [  89% ] ^[[90m^[[1mupdate_scripts_classes^[[22m | ^[[39m^[[0m
verify	Importar los recursos del proyecto	2026-10-09T08:45:07.1704771Z [  89% ] ^[[90m^[[1mupdate_scripts_classes^[[22m | ^[[39m^[[0m
verify	Importar los recursos del proyecto	2026-10-09T08:45:07.1705123Z [  89% ] ^[[90m^[[1mupdate_scripts_classes^[[22m | ^[[39m^[[0m
verify	Importar los recursos del proyecto	2026-10-09T08:45:07.1705475Z [  89% ] ^[[90m^[[1mupdate_scripts_classes^[[22m | ^[[39m^[[0m
verify	Importar los recursos del proyecto	2026-10-09T08:45:07.1705697Z [  89% ] ^[[90m^[[1mupdate_scripts_classes^[[22m | ^[[39m^[[0m
verify	Importar los recursos del proyecto	2026-10-09T08:45:07.1706164Z [  89% ] ^[[90m^[[1mupdate_scripts_classes^[[22m | ^[[39m^[[0m
verify	Importar los recursos del proyecto	2026-10-09T08:45:07.1706513Z [  90% ] ^[[90m^[[1mupdate_scripts_classes^[[22m | ^[[39m^[[0m
verify	Importar los recursos del proyecto	2026-10-09T08:45:07.1706797Z [  90% ] ^[[90m^[[1mupdate_scripts_classes^[[22m | ^[[39m^[[0m
verify	Importar los recursos del proyecto	2026-10-09T08:45:07.1707126Z [  90% ] ^[[90m^[[1mupdate_scripts_classes^[[22m | ^[[39m^[[0m
verify	Importar los recursos del proyecto	2026-10-09T08:45:07.1707473Z [  90% ] ^[[90m^[[1mupdate_scripts_classes^[[22m | ^[[39m^[[0m
verify	Importar los recursos del proyecto	2026-10-09T08:45:07.1707804Z [  90% ] ^[[90m^[[1mupdate_scripts_classes^[[22m | ^[[39m^[[0m
verify	Importar los recursos del proyecto	2026-10-09T08:45:07.1708090Z [  90% ] ^[[90m^[[1mupdate_scripts_classes^[[22m | ^[[39m^[[0m
verify	Importar los recursos del proyecto	2026-10-09T08:45:07.1708437Z [  91% ] ^[[90m^[[1mupdate_scripts_classes^[[22m | ^[[39m^[[0m
verify	Importar los recursos del proyecto	2026-10-09T08:45:07.1708783Z [  91% ] ^[[90m^[[1mupdate_scripts_classes^[[22m | ^[[39m^[[0m
verify	Importar los recursos del proyecto	2026-10-09T08:45:07.1709025Z [  91% ] ^[[90m^[[1mupdate_scripts_classes^[[22m | ^[[39m^[[0m
verify	Importar los recursos del proyecto	2026-10-09T08:45:07.1709396Z [  91% ] ^[[90m^[[1mupdate_scripts_classes^[[22m | ^[[39m^[[0m
verify	Importar los recursos del proyecto	2026-10-09T08:45:07.1709741Z [  91% ] ^[[90m^[[1mupdate_scripts_classes^[[22m | ^[[39m^[[0m
verify	Importar los recursos del proyecto	2026-10-09T08:45:07.1710034Z [  91% ] ^[[90m^[[1mupdate_scripts_classes^[[22m | ^[[39m^[[0m
verify	Importar los recursos del proyecto	2026-10-09T08:45:07.1710360Z [  91% ] ^[[90m^[[1mupdate_scripts_classes^[[22m | ^[[39m^[[0m
verify	Importar los recursos del proyecto	2026-10-09T08:45:07.1710708Z [  92% ] ^[[90m^[[1mupdate_scripts_classes^[[22m | ^[[39m^[[0m
verify	Importar los recursos del proyecto	2026-10-09T08:45:07.1711037Z [  92% ] ^[[90m^[[1mupdate_scripts_classes^[[22m | ^[[39m^[[0m
verify	Importar los recursos del proyecto	2026-10-09T08:45:07.1711326Z [  92% ] ^[[90m^[[1mupdate_scripts_classes^[[22m | ^[[39m^[[0m
verify	Importar los recursos del proyecto	2026-10-09T08:45:07.1711671Z [  92% ] ^[[90m^[[1mupdate_scripts_classes^[[22m | ^[[39m^[[0m
verify	Importar los recursos del proyecto	2026-10-09T08:45:07.1712018Z [  92% ] ^[[90m^[[1mupdate_scripts_classes^[[22m | ^[[39m^[[0m
verify	Importar los recursos del proyecto	2026-10-09T08:45:07.1712290Z [  92% ] ^[[90m^[[1mupdate_scripts_classes^[[22m | ^[[39m^[[0m
verify	Importar los recursos del proyecto	2026-10-09T08:45:07.1712642Z [  93% ] ^[[90m^[[1mupdate_scripts_classes^[[22m | ^[[39m^[[0m
verify	Importar los recursos del proyecto	2026-10-09T08:45:07.1712989Z [  93% ] ^[[90m^[[1mupdate_scripts_classes^[[22m | ^[[39m^[[0m
verify	Importar los recursos del proyecto	2026-10-09T08:45:07.1713358Z [  93% ] ^[[90m^[[1mupdate_scripts_classes^[[22m | ^[[39m^[[0m
verify	Importar los recursos del proyecto	2026-10-09T08:45:07.1713673Z [  93% ] ^[[90m^[[1mupdate_scripts_classes^[[22m | ^[[39m^[[0m
verify	Importar los recursos del proyecto	2026-10-09T08:45:07.1714024Z [  93% ] ^[[90m^[[1mupdate_scripts_classes^[[22m | ^[[39m^[[0m
verify	Importar los recursos del proyecto	2026-10-09T08:45:07.1714364Z [  93% ] ^[[90m^[[1mupdate_scripts_classes^[[22m | ^[[39m^[[0m
verify	Importar los recursos del proyecto	2026-10-09T08:45:07.1714623Z [  93% ] ^[[90m^[[1mupdate_scripts_classes^[[22m | ^[[39m^[[0m
verify	Importar los recursos del proyecto	2026-10-09T08:45:07.1714972Z [  94% ] ^[[90m^[[1mupdate_scripts_classes^[[22m | ^[[39m^[[0m
verify	Importar los recursos del proyecto	2026-10-09T08:45:07.1715320Z [  94% ] ^[[90m^[[1mupdate_scripts_classes^[[22m | ^[[39m^[[0m
verify	Importar los recursos del proyecto	2026-10-09T08:45:07.1715589Z [  94% ] ^[[90m^[[1mupdate_scripts_classes^[[22m | ^[[39m^[[0m
verify	Importar los recursos del proyecto	2026-10-09T08:45:07.1715919Z [  94% ] ^[[90m^[[1mupdate_scripts_classes^[[22m | ^[[39m^[[0m
verify	Importar los recursos del proyecto	2026-10-09T08:45:07.1716267Z [  94% ] ^[[90m^[[1mupdate_scripts_classes^[[22m | ^[[39m^[[0m
verify	Importar los recursos del proyecto	2026-10-09T08:45:07.1716595Z [  94% ] ^[[90m^[[1mupdate_scripts_classes^[[22m | ^[[39m^[[0m
verify	Importar los recursos del proyecto	2026-10-09T08:45:07.1717043Z [  95% ] ^[[90m^[[1mupdate_scripts_classes^[[22m | ^[[39m^[[0m
verify	Importar los recursos del proyecto	2026-10-09T08:45:07.1717391Z [  95% ] ^[[90m^[[1mupdate_scripts_classes^[[22m | ^[[39m^[[0m
verify	Importar los recursos del proyecto	2026-10-09T08:45:07.1717704Z [  95% ] ^[[90m^[[1mupdate_scripts_classes^[[22m | ^[[39m^[[0m
verify	Importar los recursos del proyecto	2026-10-09T08:45:07.1718007Z [  95% ] ^[[90m^[[1mupdate_scripts_classes^[[22m | ^[[39m^[[0m
verify	Importar los recursos del proyecto	2026-10-09T08:45:07.1718355Z [  95% ] ^[[90m^[[1mupdate_scripts_classes^[[22m | ^[[39m^[[0m
verify	Importar los recursos del proyecto	2026-10-09T08:45:07.1718706Z [  95% ] ^[[90m^[[1mupdate_scripts_classes^[[22m | ^[[39m^[[0m
verify	Importar los recursos del proyecto	2026-10-09T08:45:07.1718968Z [  95% ] ^[[90m^[[1mupdate_scripts_classes^[[22m | ^[[39m^[[0m
verify	Importar los recursos del proyecto	2026-10-09T08:45:07.1719323Z [  96% ] ^[[90m^[[1mupdate_scripts_classes^[[22m | ^[[39m^[[0m
verify	Importar los recursos del proyecto	2026-10-09T08:45:07.1719670Z [  96% ] ^[[90m^[[1mupdate_scripts_classes^[[22m | ^[[39m^[[0m
verify	Importar los recursos del proyecto	2026-10-09T08:45:07.1719950Z [  96% ] ^[[90m^[[1mupdate_scripts_classes^[[22m | ^[[39m^[[0m
verify	Importar los recursos del proyecto	2026-10-09T08:45:07.1720295Z [  96% ] ^[[90m^[[1mupdate_scripts_classes^[[22m | ^[[39m^[[0m
verify	Importar los recursos del proyecto	2026-10-09T08:45:07.1720641Z [  96% ] ^[[90m^[[1mupdate_scripts_classes^[[22m | ^[[39m^[[0m
verify	Importar los recursos del proyecto	2026-10-09T08:45:07.1720955Z [  96% ] ^[[90m^[[1mupdate_scripts_classes^[[22m | ^[[39m^[[0m
verify	Importar los recursos del proyecto	2026-10-09T08:45:07.1721266Z [  97% ] ^[[90m^[[1mupdate_scripts_classes^[[22m | ^[[39m^[[0m
verify	Importar los recursos del proyecto	2026-10-09T08:45:07.1721725Z [  97% ] ^[[90m^[[1mupdate_scripts_classes^[[22m | ^[[39m^[[0m
verify	Importar los recursos del proyecto	2026-10-09T08:45:07.1722025Z [  97% ] ^[[90m^[[1mupdate_scripts_classes^[[22m | ^[[39m^[[0m
verify	Importar los recursos del proyecto	2026-10-09T08:45:07.1722348Z [  97% ] ^[[90m^[[1mupdate_scripts_classes^[[22m | ^[[39m^[[0m
verify	Importar los recursos del proyecto	2026-10-09T08:45:07.1722694Z [  97% ] ^[[90m^[[1mupdate_scripts_classes^[[22m | ^[[39m^[[0m
verify	Importar los recursos del proyecto	2026-10-09T08:45:07.1723028Z [  97% ] ^[[90m^[[1mupdate_scripts_classes^[[22m | ^[[39m^[[0m
verify	Importar los recursos del proyecto	2026-10-09T08:45:07.1723362Z [  97% ] ^[[90m^[[1mupdate_scripts_classes^[[22m | ^[[39m^[[0m
verify	Importar los recursos del proyecto	2026-10-09T08:45:07.1723831Z [  98% ] ^[[90m^[[1mupdate_scripts_classes^[[22m | ^[[39m^[[0m
verify	Importar los recursos del proyecto	2026-10-09T08:45:07.1724294Z [  98% ] ^[[90m^[[1mupdate_scripts_classes^[[22m | ^[[39m^[[0m
verify	Importar los recursos del proyecto	2026-10-09T08:45:07.1724680Z [  98% ] ^[[90m^[[1mupdate_scripts_classes^[[22m | ^[[39m^[[0m
verify	Importar los recursos del proyecto	2026-10-09T08:45:07.1725337Z [  98% ] ^[[90m^[[1mupdate_scripts_classes^[[22m | ^[[39m^[[0m
verify	Importar los recursos del proyecto	2026-10-09T08:45:07.1725732Z [  98% ] ^[[90m^[[1mupdate_scripts_classes^[[22m | ^[[39m^[[0m
verify	Importar los recursos del proyecto	2026-10-09T08:45:07.1726283Z [  98% ] ^[[90m^[[1mupdate_scripts_classes^[[22m | ^[[39m^[[0m
verify	Importar los recursos del proyecto	2026-10-09T08:45:07.1726662Z [  99% ] ^[[90m^[[1mupdate_scripts_classes^[[22m | ^[[39m^[[0m
verify	Importar los recursos del proyecto	2026-10-09T08:45:07.1727085Z [  99% ] ^[[90m^[[1mupdate_scripts_classes^[[22m | ^[[39m^[[0m
verify	Importar los recursos del proyecto	2026-10-09T08:45:07.1727536Z [  99% ] ^[[90m^[[1mupdate_scripts_classes^[[22m | ^[[39m^[[0m
verify	Importar los recursos del proyecto	2026-10-09T08:45:07.1727947Z [  99% ] ^[[90m^[[1mupdate_scripts_classes^[[22m | ^[[39m^[[0m
verify	Importar los recursos del proyecto	2026-10-09T08:45:07.1728470Z [  99% ] ^[[90m^[[1mupdate_scripts_classes^[[22m | ^[[39m^[[0m
verify	Importar los recursos del proyecto	2026-10-09T08:45:07.1728872Z ^[[92m[ DONE ]^[[39m ^[[1mupdate_scripts_classes^[[22m
verify	Importar los recursos del proyecto	2026-10-09T08:45:07.1775119Z ^[[0m
verify	Importar los recursos del proyecto	2026-10-09T08:45:07.1775616Z [   0% ] ^[[90m^[[1m_update_scan_actions^[[22m | Started Scanning actions... (215 steps)^[[39m^[[0m
verify	Importar los recursos del proyecto	2026-10-09T08:45:07.1776119Z [   0% ] ^[[90m^[[1m_update_scan_actions^[[22m | touch-button.png^[[39m^[[0m
verify	Importar los recursos del proyecto	2026-10-09T08:45:07.1776477Z [   0% ] ^[[90m^[[1m_update_scan_actions^[[22m | logo.png^[[39m^[[0m
verify	Importar los recursos del proyecto	2026-10-09T08:45:07.1776892Z [   0% ] ^[[90m^[[1m_update_scan_actions^[[22m | border_bottom.png^[[39m^[[0m
verify	Importar los recursos del proyecto	2026-10-09T08:45:07.1777300Z [   1% ] ^[[90m^[[1m_update_scan_actions^[[22m | border_top.png^[[39m^[[0m
verify	Importar los recursos del proyecto	2026-10-09T08:45:07.1777673Z [   1% ] ^[[90m^[[1m_update_scan_actions^[[22m | dot1.png^[[39m^[[0m
verify	Importar los recursos del proyecto	2026-10-09T08:45:07.1778059Z [   2% ] ^[[90m^[[1m_update_scan_actions^[[22m | dot2.png^[[39m^[[0m
verify	Importar los recursos del proyecto	2026-10-09T08:45:07.1778401Z [   2% ] ^[[90m^[[1m_update_scan_actions^[[22m | embedded.png^[[39m^[[0m
verify	Importar los recursos del proyecto	2026-10-09T08:45:07.1778801Z [   3% ] ^[[90m^[[1m_update_scan_actions^[[22m | horizontal-line2.png^[[39m^[[0m
verify	Importar los recursos del proyecto	2026-10-09T08:45:07.1779270Z [   3% ] ^[[90m^[[1m_update_scan_actions^[[22m | AMB_PROXIMIDAD_Neon.ogg^[[39m^[[0m
verify	Importar los recursos del proyecto	2026-10-09T08:45:07.1779597Z [   4% ] ^[[90m^[[1m_update_scan_actions^[[22m | MUS_Tema1.ogg^[[39m^[[0m
verify	Importar los recursos del proyecto	2026-10-09T08:45:07.1780072Z [   4% ] ^[[90m^[[1m_update_scan_actions^[[22m | SFX_EVENTO_CompraRealizada.wav^[[39m^[[0m
verify	Importar los recursos del proyecto	2026-10-09T08:45:07.1780734Z [   5% ] ^[[90m^[[1m_update_scan_actions^[[22m | SFX_EVENTO_FinJornada.wav^[[39m^[[0m
verify	Importar los recursos del proyecto	2026-10-09T08:45:07.1781210Z [   5% ] ^[[90m^[[1m_update_scan_actions^[[22m | SFX_EVENTO_Timbre.wav^[[39m^[[0m
verify	Importar los recursos del proyecto	2026-10-09T08:45:07.1781672Z [   6% ] ^[[90m^[[1m_update_scan_actions^[[22m | SFX_INTERFAZ_Celular_Mensaje_A.wav^[[39m^[[0m
verify	Importar los recursos del proyecto	2026-10-09T08:45:07.1782169Z [   6% ] ^[[90m^[[1m_update_scan_actions^[[22m | SFX_INTERFAZ_Celular_Mensaje_B.wav^[[39m^[[0m
verify	Importar los recursos del proyecto	2026-10-09T08:45:07.1782702Z [   6% ] ^[[90m^[[1m_update_scan_actions^[[22m | SFX_INTERFAZ_Computadora_Boton.wav^[[39m^[[0m
verify	Importar los recursos del proyecto	2026-10-09T08:45:07.1783277Z [   7% ] ^[[90m^[[1m_update_scan_actions^[[22m | SFX_INTERFAZ_Computadora_Imprimir.wav^[[39m^[[0m
verify	Importar los recursos del proyecto	2026-10-09T08:45:07.1783811Z [   7% ] ^[[90m^[[1m_update_scan_actions^[[22m | SFX_NOLEV_Basura_SacarBolsa.wav^[[39m^[[0m
verify	Importar los recursos del proyecto	2026-10-09T08:45:07.1784144Z [   8% ] ^[[90m^[[1m_update_scan_actions^[[22m | SFX_NOLEV_Lector_Error.wav^[[39m^[[0m
verify	Importar los recursos del proyecto	2026-10-09T08:45:07.1784671Z [   8% ] ^[[90m^[[1m_update_scan_actions^[[22m | SFX_NOLEV_Lector_Escanear.wav^[[39m^[[0m
verify	Importar los recursos del proyecto	2026-10-09T08:45:07.1785175Z [   9% ] ^[[90m^[[1m_update_scan_actions^[[22m | SFX_NOLEV_Puerta_Abrir.wav^[[39m^[[0m
verify	Importar los recursos del proyecto	2026-10-09T08:45:07.1785545Z [   9% ] ^[[90m^[[1m_update_scan_actions^[[22m | SFX_NOLEV_Puerta_Cerrar.wav^[[39m^[[0m
verify	Importar los recursos del proyecto	2026-10-09T08:45:07.1786042Z [  10% ] ^[[90m^[[1m_update_scan_actions^[[22m | SFX_NOLEV_Puerta_Garage.wav^[[39m^[[0m
verify	Importar los recursos del proyecto	2026-10-09T08:45:07.1786589Z [  10% ] ^[[90m^[[1m_update_scan_actions^[[22m | SFX_NOLEV_Puerta_NoAbre.wav^[[39m^[[0m
verify	Importar los recursos del proyecto	2026-10-09T08:45:07.1787031Z [  11% ] ^[[90m^[[1m_update_scan_actions^[[22m | SFX_OBJETO_Balde_Alzar.wav^[[39m^[[0m
verify	Importar los recursos del proyecto	2026-10-09T08:45:07.1787514Z [  11% ] ^[[90m^[[1m_update_scan_actions^[[22m | SFX_OBJETO_Balde_Dejar.wav^[[39m^[[0m
verify	Importar los recursos del proyecto	2026-10-09T08:45:07.1787877Z [  12% ] ^[[90m^[[1m_update_scan_actions^[[22m | SFX_OBJETO_Balde_Llenar.wav^[[39m^[[0m
verify	Importar los recursos del proyecto	2026-10-09T08:45:07.1788297Z [  12% ] ^[[90m^[[1m_update_scan_actions^[[22m | SFX_OBJETO_Balde_Vaciar.wav^[[39m^[[0m
verify	Importar los recursos del proyecto	2026-10-09T08:45:07.1788781Z [  12% ] ^[[90m^[[1m_update_scan_actions^[[22m | SFX_OBJETO_Bolsa_Alzar.wav^[[39m^[[0m
verify	Importar los recursos del proyecto	2026-10-09T08:45:07.1789197Z [  13% ] ^[[90m^[[1m_update_scan_actions^[[22m | SFX_OBJETO_BotellaPlastica_Alzar.wav^[[39m^[[0m
verify	Importar los recursos del proyecto	2026-10-09T08:45:07.1789643Z [  13% ] ^[[90m^[[1m_update_scan_actions^[[22m | SFX_OBJETO_BotellaPlastica_Dejar.wav^[[39m^[[0m
verify	Importar los recursos del proyecto	2026-10-09T08:45:07.1790165Z [  14% ] ^[[90m^[[1m_update_scan_actions^[[22m | SFX_OBJETO_Cajita_Alzar.wav^[[39m^[[0m
verify	Importar los recursos del proyecto	2026-10-09T08:45:07.1790566Z [  14% ] ^[[90m^[[1m_update_scan_actions^[[22m | SFX_OBJETO_Cajita_Dejar.wav^[[39m^[[0m
verify	Importar los recursos del proyecto	2026-10-09T08:45:07.1790959Z [  15% ] ^[[90m^[[1m_update_scan_actions^[[22m | SFX_OBJETO_EnvoltorioPlastico_Alzar.wav^[[39m^[[0m
verify	Importar los recursos del proyecto	2026-10-09T08:45:07.1791540Z [  15% ] ^[[90m^[[1m_update_scan_actions^[[22m | SFX_OBJETO_EnvoltorioPlastico_Dejar.wav^[[39m^[[0m
verify	Importar los recursos del proyecto	2026-10-09T08:45:07.1791992Z [  16% ] ^[[90m^[[1m_update_scan_actions^[[22m | SFX_OBJETO_Jabon_VertirEnBalde.wav^[[39m^[[0m
verify	Importar los recursos del proyecto	2026-10-09T08:45:07.1792421Z [  16% ] ^[[90m^[[1m_update_scan_actions^[[22m | SFX_OBJETO_Lata_Alzar.wav^[[39m^[[0m
verify	Importar los recursos del proyecto	2026-10-09T08:45:07.1792725Z [  17% ] ^[[90m^[[1m_update_scan_actions^[[22m | SFX_OBJETO_Lata_Dejar.wav^[[39m^[[0m
verify	Importar los recursos del proyecto	2026-10-09T08:45:07.1793030Z [  17% ] ^[[90m^[[1m_update_scan_actions^[[22m | SFX_OBJETO_Mopa_Alzar.wav^[[39m^[[0m
verify	Importar los recursos del proyecto	2026-10-09T08:45:07.1793566Z [  18% ] ^[[90m^[[1m_update_scan_actions^[[22m | SFX_OBJETO_Mopa_DejarYLimpiar.wav^[[39m^[[0m
verify	Importar los recursos del proyecto	2026-10-09T08:45:07.1794006Z [  18% ] ^[[90m^[[1m_update_scan_actions^[[22m | SFX_OBJETO_Mopa_MojarEnBalde.wav^[[39m^[[0m
verify	Importar los recursos del proyecto	2026-10-09T08:45:07.1794317Z [  18% ] ^[[90m^[[1m_update_scan_actions^[[22m | SFX_OBJETO_Papel_Alzar.wav^[[39m^[[0m
verify	Importar los recursos del proyecto	2026-10-09T08:45:07.1794615Z [  19% ] ^[[90m^[[1m_update_scan_actions^[[22m | SFX_OBJETO_Papel_Dejar.wav^[[39m^[[0m
verify	Importar los recursos del proyecto	2026-10-09T08:45:07.1795013Z [  19% ] ^[[90m^[[1m_update_scan_actions^[[22m | SFX_PERSONAJE_Paso1.wav^[[39m^[[0m
verify	Importar los recursos del proyecto	2026-10-09T08:45:07.1795308Z [  20% ] ^[[90m^[[1m_update_scan_actions^[[22m | SFX_PERSONAJE_Paso2.wav^[[39m^[[0m
verify	Importar los recursos del proyecto	2026-10-09T08:45:07.1795599Z [  20% ] ^[[90m^[[1m_update_scan_actions^[[22m | SFX_PERSONAJE_Paso3.wav^[[39m^[[0m
verify	Importar los recursos del proyecto	2026-10-09T08:45:07.1795943Z [  21% ] ^[[90m^[[1m_update_scan_actions^[[22m | SFX_PERSONAJE_Paso4.wav^[[39m^[[0m
verify	Importar los recursos del proyecto	2026-10-09T08:45:07.1796359Z [  21% ] ^[[90m^[[1m_update_scan_actions^[[22m | SFX_PERSONAJE_Pasos.wav^[[39m^[[0m
verify	Importar los recursos del proyecto	2026-10-09T08:45:07.1796766Z [  22% ] ^[[90m^[[1m_update_scan_actions^[[22m | actroncito.png^[[39m^[[0m
verify	Importar los recursos del proyecto	2026-10-09T08:45:07.1797035Z [  22% ] ^[[90m^[[1m_update_scan_actions^[[22m | amargadito.png^[[39m^[[0m
verify	Importar los recursos del proyecto	2026-10-09T08:45:07.1797380Z [  23% ] ^[[90m^[[1m_update_scan_actions^[[22m | burbaloo.png^[[39m^[[0m
verify	Importar los recursos del proyecto	2026-10-09T08:45:07.1797652Z [  23% ] ^[[90m^[[1m_update_scan_actions^[[22m | cindolor.png^[[39m^[[0m
verify	Importar los recursos del proyecto	2026-10-09T08:45:07.1797915Z [  24% ] ^[[90m^[[1m_update_scan_actions^[[22m | cosa_de_mani.png^[[39m^[[0m
verify	Importar los recursos del proyecto	2026-10-09T08:45:07.1798186Z [  24% ] ^[[90m^[[1m_update_scan_actions^[[22m | donsaturados.png^[[39m^[[0m
verify	Importar los recursos del proyecto	2026-10-09T08:45:07.1798494Z [  25% ] ^[[90m^[[1m_update_scan_actions^[[22m | durextra.png^[[39m^[[0m
verify	Importar los recursos del proyecto	2026-10-09T08:45:07.1798798Z [  25% ] ^[[90m^[[1m_update_scan_actions^[[22m | duronga.png^[[39m^[[0m
verify	Importar los recursos del proyecto	2026-10-09T08:45:07.1799055Z [  25% ] ^[[90m^[[1m_update_scan_actions^[[22m | fernet_god.png^[[39m^[[0m
verify	Importar los recursos del proyecto	2026-10-09T08:45:07.1799310Z [  26% ] ^[[90m^[[1m_update_scan_actions^[[22m | flinpuf.png^[[39m^[[0m
verify	Importar los recursos del proyecto	2026-10-09T08:45:07.1799577Z [  26% ] ^[[90m^[[1m_update_scan_actions^[[22m | frotlups.png^[[39m^[[0m
verify	Importar los recursos del proyecto	2026-10-09T08:45:07.1799936Z [  27% ] ^[[90m^[[1m_update_scan_actions^[[22m | jorgillo.png^[[39m^[[0m
verify	Importar los recursos del proyecto	2026-10-09T08:45:07.1800288Z [  27% ] ^[[90m^[[1m_update_scan_actions^[[22m | laysntt.png^[[39m^[[0m
verify	Importar los recursos del proyecto	2026-10-09T08:45:07.1800546Z [  28% ] ^[[90m^[[1m_update_scan_actions^[[22m | macumbas.png^[[39m^[[0m
verify	Importar los recursos del proyecto	2026-10-09T08:45:07.1800888Z [  28% ] ^[[90m^[[1m_update_scan_actions^[[22m | mayonchis.png^[[39m^[[0m
verify	Importar los recursos del proyecto	2026-10-09T08:45:07.1801178Z [  29% ] ^[[90m^[[1m_update_scan_actions^[[22m | oaaaa.png^[[39m^[[0m
verify	Importar los recursos del proyecto	2026-10-09T08:45:07.1801429Z [  29% ] ^[[90m^[[1m_update_scan_actions^[[22m | petisas.png^[[39m^[[0m
verify	Importar los recursos del proyecto	2026-10-09T08:45:07.1801695Z [  30% ] ^[[90m^[[1m_update_scan_actions^[[22m | terminator.png^[[39m^[[0m
verify	Importar los recursos del proyecto	2026-10-09T08:45:07.1801958Z [  30% ] ^[[90m^[[1m_update_scan_actions^[[22m | zucarachas.png^[[39m^[[0m
verify	Importar los recursos del proyecto	2026-10-09T08:45:07.1802339Z [  31% ] ^[[90m^[[1m_update_scan_actions^[[22m | canopy_without_lamp.png^[[39m^[[0m
verify	Importar los recursos del proyecto	2026-10-09T08:45:07.1803603Z [  31% ] ^[[90m^[[1m_update_scan_actions^[[22m | estacion_fondo_sin_objetos.png^[[39m^[[0m
verify	Importar los recursos del proyecto	2026-10-09T08:45:07.1803930Z [  31% ] ^[[90m^[[1m_update_scan_actions^[[22m | estacion_panoramica_gemini.jpg^[[39m^[[0m
verify	Importar los recursos del proyecto	2026-10-09T08:45:07.1804237Z [  32% ] ^[[90m^[[1m_update_scan_actions^[[22m | vidrio_marcas.png^[[39m^[[0m
verify	Importar los recursos del proyecto	2026-10-09T08:45:07.1804585Z [  32% ] ^[[90m^[[1m_update_scan_actions^[[22m | SEPT_JUEGOS_PROTOTIPO.glb^[[39m^[[0m
verify	Importar los recursos del proyecto	2026-10-09T08:45:07.1804983Z [  33% ] ^[[90m^[[1m_update_scan_actions^[[22m | SEPT_JUEGOS_PROTOTIPO_Actroncito completo.png^[[39m^[[0m
verify	Importar los recursos del proyecto	2026-10-09T08:45:07.1805368Z [  33% ] ^[[90m^[[1m_update_scan_actions^[[22m | SEPT_JUEGOS_PROTOTIPO_amargadito completo.png^[[39m^[[0m
verify	Importar los recursos del proyecto	2026-10-09T08:45:07.1805786Z [  34% ] ^[[90m^[[1m_update_scan_actions^[[22m | SEPT_JUEGOS_PROTOTIPO_arvecor.png^[[39m^[[0m
verify	Importar los recursos del proyecto	2026-10-09T08:45:07.1806174Z [  34% ] ^[[90m^[[1m_update_scan_actions^[[22m | SEPT_JUEGOS_PROTOTIPO_atun marranos.png^[[39m^[[0m
verify	Importar los recursos del proyecto	2026-10-09T08:45:07.1806559Z [  35% ] ^[[90m^[[1m_update_scan_actions^[[22m | SEPT_JUEGOS_PROTOTIPO_bano_ivory_oscuro_color.png^[[39m^[[0m
verify	Importar los recursos del proyecto	2026-10-09T08:45:07.1807046Z [  35% ] ^[[90m^[[1m_update_scan_actions^[[22m | SEPT_JUEGOS_PROTOTIPO_bano_ivory_oscuro_normal.png^[[39m^[[0m
verify	Importar los recursos del proyecto	2026-10-09T08:45:07.1807443Z [  36% ] ^[[90m^[[1m_update_scan_actions^[[22m | SEPT_JUEGOS_PROTOTIPO_bano_ivory_oscuro_orm.png^[[39m^[[0m
verify	Importar los recursos del proyecto	2026-10-09T08:45:07.1807814Z [  36% ] ^[[90m^[[1m_update_scan_actions^[[22m | SEPT_JUEGOS_PROTOTIPO_bano_piso_gris.png^[[39m^[[0m
verify	Importar los recursos del proyecto	2026-10-09T08:45:07.1808288Z [  37% ] ^[[90m^[[1m_update_scan_actions^[[22m | SEPT_JUEGOS_PROTOTIPO_Bricks066_1K-JPG_Color.jpg^[[39m^[[0m
verify	Importar los recursos del proyecto	2026-10-09T08:45:07.1808687Z [  37% ] ^[[90m^[[1m_update_scan_actions^[[22m | SEPT_JUEGOS_PROTOTIPO_Bricks066_1K-JPG_NormalGL.jpg^[[39m^[[0m
verify	Importar los recursos del proyecto	2026-10-09T08:45:07.1809096Z [  37% ] ^[[90m^[[1m_update_scan_actions^[[22m | SEPT_JUEGOS_PROTOTIPO_Bricks066_1K-JPG_Roughness.png^[[39m^[[0m
verify	Importar los recursos del proyecto	2026-10-09T08:45:07.1809592Z [  38% ] ^[[90m^[[1m_update_scan_actions^[[22m | SEPT_JUEGOS_PROTOTIPO_Burbaloo completo_1.png^[[39m^[[0m
verify	Importar los recursos del proyecto	2026-10-09T08:45:07.1809965Z [  38% ] ^[[90m^[[1m_update_scan_actions^[[22m | SEPT_JUEGOS_PROTOTIPO_caja luz exterior.png^[[39m^[[0m
verify	Importar los recursos del proyecto	2026-10-09T08:45:07.1810464Z [  39% ] ^[[90m^[[1m_update_scan_actions^[[22m | SEPT_JUEGOS_PROTOTIPO_caja luz interior.png^[[39m^[[0m
verify	Importar los recursos del proyecto	2026-10-09T08:45:07.1810908Z [  39% ] ^[[90m^[[1m_update_scan_actions^[[22m | SEPT_JUEGOS_PROTOTIPO_caja.png^[[39m^[[0m
verify	Importar los recursos del proyecto	2026-10-09T08:45:07.1811261Z [  40% ] ^[[90m^[[1m_update_scan_actions^[[22m | SEPT_JUEGOS_PROTOTIPO_cereal textura.png^[[39m^[[0m
verify	Importar los recursos del proyecto	2026-10-09T08:45:07.1811607Z [  40% ] ^[[90m^[[1m_update_scan_actions^[[22m | SEPT_JUEGOS_PROTOTIPO_chisito.png^[[39m^[[0m
verify	Importar los recursos del proyecto	2026-10-09T08:45:07.1812063Z [  41% ] ^[[90m^[[1m_update_scan_actions^[[22m | SEPT_JUEGOS_PROTOTIPO_cielorraso_emision.png^[[39m^[[0m
verify	Importar los recursos del proyecto	2026-10-09T08:45:07.1812436Z [  41% ] ^[[90m^[[1m_update_scan_actions^[[22m | SEPT_JUEGOS_PROTOTIPO_cielorraso_placas.png^[[39m^[[0m
verify	Importar los recursos del proyecto	2026-10-09T08:45:07.1812811Z [  42% ] ^[[90m^[[1m_update_scan_actions^[[22m | SEPT_JUEGOS_PROTOTIPO_cielorraso_sin_luces.png^[[39m^[[0m
verify	Importar los recursos del proyecto	2026-10-09T08:45:07.1813400Z [  42% ] ^[[90m^[[1m_update_scan_actions^[[22m | SEPT_JUEGOS_PROTOTIPO_cindolor completo.png^[[39m^[[0m
verify	Importar los recursos del proyecto	2026-10-09T08:45:07.1813769Z [  43% ] ^[[90m^[[1m_update_scan_actions^[[22m | SEPT_JUEGOS_PROTOTIPO_compu normals.png^[[39m^[[0m
verify	Importar los recursos del proyecto	2026-10-09T08:45:07.1814178Z [  43% ] ^[[90m^[[1m_update_scan_actions^[[22m | SEPT_JUEGOS_PROTOTIPO_concrete_floor_worn_001_rough_1k.png^[[39m^[[0m
verify	Importar los recursos del proyecto	2026-10-09T08:45:07.1814752Z [  43% ] ^[[90m^[[1m_update_scan_actions^[[22m | SEPT_JUEGOS_PROTOTIPO_concreto2_baseColor.png^[[39m^[[0m
verify	Importar los recursos del proyecto	2026-10-09T08:45:07.1815114Z [  44% ] ^[[90m^[[1m_update_scan_actions^[[22m | SEPT_JUEGOS_PROTOTIPO_cora cola.png^[[39m^[[0m
verify	Importar los recursos del proyecto	2026-10-09T08:45:07.1815597Z [  44% ] ^[[90m^[[1m_update_scan_actions^[[22m | SEPT_JUEGOS_PROTOTIPO_corrugated_iron_02_diff_1k.jpg^[[39m^[[0m
verify	Importar los recursos del proyecto	2026-10-09T08:45:07.1816068Z [  45% ] ^[[90m^[[1m_update_scan_actions^[[22m | SEPT_JUEGOS_PROTOTIPO_corrugated_iron_02_metal_1k-corrugated_iron_02_rough_1k.png^[[39m^[[0m
verify	Importar los recursos del proyecto	2026-10-09T08:45:07.1816600Z [  45% ] ^[[90m^[[1m_update_scan_actions^[[22m | SEPT_JUEGOS_PROTOTIPO_corrugated_iron_02_nor_gl_1k.png^[[39m^[[0m
verify	Importar los recursos del proyecto	2026-10-09T08:45:07.1817019Z [  46% ] ^[[90m^[[1m_update_scan_actions^[[22m | SEPT_JUEGOS_PROTOTIPO_cosa de mani interno.png^[[39m^[[0m
verify	Importar los recursos del proyecto	2026-10-09T08:45:07.1817412Z [  46% ] ^[[90m^[[1m_update_scan_actions^[[22m | SEPT_JUEGOS_PROTOTIPO_deposito_concreto_color.png^[[39m^[[0m
verify	Importar los recursos del proyecto	2026-10-09T08:45:07.1817912Z [  47% ] ^[[90m^[[1m_update_scan_actions^[[22m | SEPT_JUEGOS_PROTOTIPO_deposito_concreto_normal.png^[[39m^[[0m
verify	Importar los recursos del proyecto	2026-10-09T08:45:07.1818325Z [  47% ] ^[[90m^[[1m_update_scan_actions^[[22m | SEPT_JUEGOS_PROTOTIPO_deposito_contenedor_cuerpo_color.png^[[39m^[[0m
verify	Importar los recursos del proyecto	2026-10-09T08:45:07.1818794Z [  48% ] ^[[90m^[[1m_update_scan_actions^[[22m | SEPT_JUEGOS_PROTOTIPO_deposito_contenedor_cuerpo_normal.png^[[39m^[[0m
verify	Importar los recursos del proyecto	2026-10-09T08:45:07.1819303Z [  48% ] ^[[90m^[[1m_update_scan_actions^[[22m | SEPT_JUEGOS_PROTOTIPO_deposito_contenedor_cuerpo_roughness.png^[[39m^[[0m
verify	Importar los recursos del proyecto	2026-10-09T08:45:07.1819747Z [  49% ] ^[[90m^[[1m_update_scan_actions^[[22m | SEPT_JUEGOS_PROTOTIPO_deposito_contenedor_ruedas_normal.png^[[39m^[[0m
verify	Importar los recursos del proyecto	2026-10-09T08:45:07.1820271Z [  49% ] ^[[90m^[[1m_update_scan_actions^[[22m | SEPT_JUEGOS_PROTOTIPO_deposito_contenedor_tapa_color.png^[[39m^[[0m
verify	Importar los recursos del proyecto	2026-10-09T08:45:07.1820694Z [  50% ] ^[[90m^[[1m_update_scan_actions^[[22m | SEPT_JUEGOS_PROTOTIPO_deposito_contenedor_tapa_normal.png^[[39m^[[0m
verify	Importar los recursos del proyecto	2026-10-09T08:45:07.1821223Z [  50% ] ^[[90m^[[1m_update_scan_actions^[[22m | SEPT_JUEGOS_PROTOTIPO_deposito_contenedor_tapa_roughness.png^[[39m^[[0m
verify	Importar los recursos del proyecto	2026-10-09T08:45:07.1821636Z [  50% ] ^[[90m^[[1m_update_scan_actions^[[22m | SEPT_JUEGOS_PROTOTIPO_Don Saturados completo.png^[[39m^[[0m
verify	Importar los recursos del proyecto	2026-10-09T08:45:07.1822023Z [  51% ] ^[[90m^[[1m_update_scan_actions^[[22m | SEPT_JUEGOS_PROTOTIPO_Durextra completo_1.png^[[39m^[[0m
verify	Importar los recursos del proyecto	2026-10-09T08:45:07.1822469Z [  51% ] ^[[90m^[[1m_update_scan_actions^[[22m | SEPT_JUEGOS_PROTOTIPO_duronga.png^[[39m^[[0m
verify	Importar los recursos del proyecto	2026-10-09T08:45:07.1822829Z [  52% ] ^[[90m^[[1m_update_scan_actions^[[22m | SEPT_JUEGOS_PROTOTIPO_exterior_nocturno.png^[[39m^[[0m
verify	Importar los recursos del proyecto	2026-10-09T08:45:07.1823343Z [  52% ] ^[[90m^[[1m_update_scan_actions^[[22m | SEPT_JUEGOS_PROTOTIPO_fernetgod textura.png^[[39m^[[0m
verify	Importar los recursos del proyecto	2026-10-09T08:45:07.1823907Z [  53% ] ^[[90m^[[1m_update_scan_actions^[[22m | SEPT_JUEGOS_PROTOTIPO_fideos marolini.png^[[39m^[[0m
verify	Importar los recursos del proyecto	2026-10-09T08:45:07.1824277Z [  53% ] ^[[90m^[[1m_update_scan_actions^[[22m | SEPT_JUEGOS_PROTOTIPO_flim pof completo.png^[[39m^[[0m
verify	Importar los recursos del proyecto	2026-10-09T08:45:07.1824672Z [  54% ] ^[[90m^[[1m_update_scan_actions^[[22m | SEPT_JUEGOS_PROTOTIPO_frot lups.png^[[39m^[[0m
verify	Importar los recursos del proyecto	2026-10-09T08:45:07.1825113Z [  54% ] ^[[90m^[[1m_update_scan_actions^[[22m | SEPT_JUEGOS_PROTOTIPO_gondola_chapa_blanca_512_basecolor.png^[[39m^[[0m
verify	Importar los recursos del proyecto	2026-10-09T08:45:07.1825555Z [  55% ] ^[[90m^[[1m_update_scan_actions^[[22m | SEPT_JUEGOS_PROTOTIPO_gondola_panel_blanca_1024_basecolor.png^[[39m^[[0m
verify	Importar los recursos del proyecto	2026-10-09T08:45:07.1826059Z [  55% ] ^[[90m^[[1m_update_scan_actions^[[22m | SEPT_JUEGOS_PROTOTIPO_gondola_portaprecio_basecolor.png^[[39m^[[0m
verify	Importar los recursos del proyecto	2026-10-09T08:45:07.1826532Z [  56% ] ^[[90m^[[1m_update_scan_actions^[[22m | SEPT_JUEGOS_PROTOTIPO_Guía de jabones y manchas copy.png^[[39m^[[0m
verify	Importar los recursos del proyecto	2026-10-09T08:45:07.1827013Z [  56% ] ^[[90m^[[1m_update_scan_actions^[[22m | SEPT_JUEGOS_PROTOTIPO_interior_tiles_diff_1k.jpg^[[39m^[[0m
verify	Importar los recursos del proyecto	2026-10-09T08:45:07.1827417Z [  56% ] ^[[90m^[[1m_update_scan_actions^[[22m | SEPT_JUEGOS_PROTOTIPO_jabón liquido.png^[[39m^[[0m
verify	Importar los recursos del proyecto	2026-10-09T08:45:07.1827770Z [  57% ] ^[[90m^[[1m_update_scan_actions^[[22m | SEPT_JUEGOS_PROTOTIPO_jorgillata.png^[[39m^[[0m
verify	Importar los recursos del proyecto	2026-10-09T08:45:07.1828313Z [  57% ] ^[[90m^[[1m_update_scan_actions^[[22m | SEPT_JUEGOS_PROTOTIPO_Lay´snt´t completo_1.png^[[39m^[[0m
verify	Importar los recursos del proyecto	2026-10-09T08:45:07.1828693Z [  58% ] ^[[90m^[[1m_update_scan_actions^[[22m | SEPT_JUEGOS_PROTOTIPO_LIMPIEZA ETIQUETA (1).png^[[39m^[[0m
verify	Importar los recursos del proyecto	2026-10-09T08:45:07.1829077Z [  58% ] ^[[90m^[[1m_update_scan_actions^[[22m | SEPT_JUEGOS_PROTOTIPO_LIMPIEZA ETIQUETA (2).png^[[39m^[[0m
verify	Importar los recursos del proyecto	2026-10-09T08:45:07.1829529Z [  59% ] ^[[90m^[[1m_update_scan_actions^[[22m | SEPT_JUEGOS_PROTOTIPO_LIMPIEZA ETIQUETA (3).png^[[39m^[[0m
verify	Importar los recursos del proyecto	2026-10-09T08:45:07.1829906Z [  59% ] ^[[90m^[[1m_update_scan_actions^[[22m | SEPT_JUEGOS_PROTOTIPO_macumbas completo.png^[[39m^[[0m
verify	Importar los recursos del proyecto	2026-10-09T08:45:07.1830261Z [  60% ] ^[[90m^[[1m_update_scan_actions^[[22m | SEPT_JUEGOS_PROTOTIPO_Material.png^[[39m^[[0m
verify	Importar los recursos del proyecto	2026-10-09T08:45:07.1830681Z [  60% ] ^[[90m^[[1m_update_scan_actions^[[22m | SEPT_JUEGOS_PROTOTIPO_Material_6.png^[[39m^[[0m
verify	Importar los recursos del proyecto	2026-10-09T08:45:07.1831030Z [  61% ] ^[[90m^[[1m_update_scan_actions^[[22m | SEPT_JUEGOS_PROTOTIPO_Material_54.png^[[39m^[[0m
verify	Importar los recursos del proyecto	2026-10-09T08:45:07.1831383Z [  61% ] ^[[90m^[[1m_update_scan_actions^[[22m | SEPT_JUEGOS_PROTOTIPO_Material_55.png^[[39m^[[0m
verify	Importar los recursos del proyecto	2026-10-09T08:45:07.1831804Z [  62% ] ^[[90m^[[1m_update_scan_actions^[[22m | SEPT_JUEGOS_PROTOTIPO_Material_56.png^[[39m^[[0m
verify	Importar los recursos del proyecto	2026-10-09T08:45:07.1832151Z [  62% ] ^[[90m^[[1m_update_scan_actions^[[22m | SEPT_JUEGOS_PROTOTIPO_Material_57.png^[[39m^[[0m
verify	Importar los recursos del proyecto	2026-10-09T08:45:07.1832496Z [  62% ] ^[[90m^[[1m_update_scan_actions^[[22m | SEPT_JUEGOS_PROTOTIPO_Material_58.png^[[39m^[[0m
verify	Importar los recursos del proyecto	2026-10-09T08:45:07.1832918Z [  63% ] ^[[90m^[[1m_update_scan_actions^[[22m | SEPT_JUEGOS_PROTOTIPO_Material_59.png^[[39m^[[0m
verify	Importar los recursos del proyecto	2026-10-09T08:45:07.1833447Z [  63% ] ^[[90m^[[1m_update_scan_actions^[[22m | SEPT_JUEGOS_PROTOTIPO_mayonchis@300x.png^[[39m^[[0m
verify	Importar los recursos del proyecto	2026-10-09T08:45:07.1833809Z [  64% ] ^[[90m^[[1m_update_scan_actions^[[22m | SEPT_JUEGOS_PROTOTIPO_normal nuevo.png^[[39m^[[0m
verify	Importar los recursos del proyecto	2026-10-09T08:45:07.1834286Z [  64% ] ^[[90m^[[1m_update_scan_actions^[[22m | SEPT_JUEGOS_PROTOTIPO_nota baja resolución.png^[[39m^[[0m
verify	Importar los recursos del proyecto	2026-10-09T08:45:07.1834665Z [  65% ] ^[[90m^[[1m_update_scan_actions^[[22m | SEPT_JUEGOS_PROTOTIPO_nota sin texto.png^[[39m^[[0m
verify	Importar los recursos del proyecto	2026-10-09T08:45:07.1835022Z [  65% ] ^[[90m^[[1m_update_scan_actions^[[22m | SEPT_JUEGOS_PROTOTIPO_oaaaa completo.png^[[39m^[[0m
verify	Importar los recursos del proyecto	2026-10-09T08:45:07.1835458Z [  66% ] ^[[90m^[[1m_update_scan_actions^[[22m | SEPT_JUEGOS_PROTOTIPO_oremos.png^[[39m^[[0m
verify	Importar los recursos del proyecto	2026-10-09T08:45:07.1835835Z [  66% ] ^[[90m^[[1m_update_scan_actions^[[22m | SEPT_JUEGOS_PROTOTIPO_painted_plaster_wall_diff_1k.jpg^[[39m^[[0m
verify	Importar los recursos del proyecto	2026-10-09T08:45:07.1836201Z [  67% ] ^[[90m^[[1m_update_scan_actions^[[22m | SEPT_JUEGOS_PROTOTIPO_pepito.png^[[39m^[[0m
verify	Importar los recursos del proyecto	2026-10-09T08:45:07.1836649Z [  67% ] ^[[90m^[[1m_update_scan_actions^[[22m | SEPT_JUEGOS_PROTOTIPO_petisas completo.png^[[39m^[[0m
verify	Importar los recursos del proyecto	2026-10-09T08:45:07.1837159Z [  68% ] ^[[90m^[[1m_update_scan_actions^[[22m | SEPT_JUEGOS_PROTOTIPO_piso_baseColor.png^[[39m^[[0m
verify	Importar los recursos del proyecto	2026-10-09T08:45:07.1837644Z [  68% ] ^[[90m^[[1m_update_scan_actions^[[22m | SEPT_JUEGOS_PROTOTIPO_placa_acustica_basecolor.png^[[39m^[[0m
verify	Importar los recursos del proyecto	2026-10-09T08:45:07.1838027Z [  68% ] ^[[90m^[[1m_update_scan_actions^[[22m | SEPT_JUEGOS_PROTOTIPO_porcelana_atlas.png^[[39m^[[0m
verify	Importar los recursos del proyecto	2026-10-09T08:45:07.1838371Z [  69% ] ^[[90m^[[1m_update_scan_actions^[[22m | SEPT_JUEGOS_PROTOTIPO_progres.png^[[39m^[[0m
verify	Importar los recursos del proyecto	2026-10-09T08:45:07.1838794Z [  69% ] ^[[90m^[[1m_update_scan_actions^[[22m | SEPT_JUEGOS_PROTOTIPO_puchos.png^[[39m^[[0m
verify	Importar los recursos del proyecto	2026-10-09T08:45:07.1839138Z [  70% ] ^[[90m^[[1m_update_scan_actions^[[22m | SEPT_JUEGOS_PROTOTIPO_puerta textura.png^[[39m^[[0m
verify	Importar los recursos del proyecto	2026-10-09T08:45:07.1839491Z [  70% ] ^[[90m^[[1m_update_scan_actions^[[22m | SEPT_JUEGOS_PROTOTIPO_rejilla_bano.png^[[39m^[[0m
verify	Importar los recursos del proyecto	2026-10-09T08:45:07.1839920Z [  71% ] ^[[90m^[[1m_update_scan_actions^[[22m | SEPT_JUEGOS_PROTOTIPO_reloj.png^[[39m^[[0m
verify	Importar los recursos del proyecto	2026-10-09T08:45:07.1840254Z [  71% ] ^[[90m^[[1m_update_scan_actions^[[22m | SEPT_JUEGOS_PROTOTIPO_saladick.png^[[39m^[[0m
verify	Importar los recursos del proyecto	2026-10-09T08:45:07.1840613Z [  72% ] ^[[90m^[[1m_update_scan_actions^[[22m | SEPT_JUEGOS_PROTOTIPO_techo1_baseColor.jpg^[[39m^[[0m
verify	Importar los recursos del proyecto	2026-10-09T08:45:07.1841130Z [  72% ] ^[[90m^[[1m_update_scan_actions^[[22m | SEPT_JUEGOS_PROTOTIPO_Terminator completo.png^[[39m^[[0m
verify	Importar los recursos del proyecto	2026-10-09T08:45:07.1841625Z [  73% ] ^[[90m^[[1m_update_scan_actions^[[22m | SEPT_JUEGOS_PROTOTIPO_texto instrucciones limpieza.png^[[39m^[[0m
verify	Importar los recursos del proyecto	2026-10-09T08:45:07.1842048Z [  73% ] ^[[90m^[[1m_update_scan_actions^[[22m | SEPT_JUEGOS_PROTOTIPO_textura balde.png^[[39m^[[0m
verify	Importar los recursos del proyecto	2026-10-09T08:45:07.1842453Z [  74% ] ^[[90m^[[1m_update_scan_actions^[[22m | SEPT_JUEGOS_PROTOTIPO_textura caja.png^[[39m^[[0m
verify	Importar los recursos del proyecto	2026-10-09T08:45:07.1842803Z [  74% ] ^[[90m^[[1m_update_scan_actions^[[22m | SEPT_JUEGOS_PROTOTIPO_textura mopa.png^[[39m^[[0m
verify	Importar los recursos del proyecto	2026-10-09T08:45:07.1843381Z [  75% ] ^[[90m^[[1m_update_scan_actions^[[22m | SEPT_JUEGOS_PROTOTIPO_textura portón.png^[[39m^[[0m
verify	Importar los recursos del proyecto	2026-10-09T08:45:07.1843789Z [  75% ] ^[[90m^[[1m_update_scan_actions^[[22m | SEPT_JUEGOS_PROTOTIPO_textura poético.png^[[39m^[[0m
verify	Importar los recursos del proyecto	2026-10-09T08:45:07.1844140Z [  75% ] ^[[90m^[[1m_update_scan_actions^[[22m | SEPT_JUEGOS_PROTOTIPO_textura.png^[[39m^[[0m
verify	Importar los recursos del proyecto	2026-10-09T08:45:07.1844484Z [  76% ] ^[[90m^[[1m_update_scan_actions^[[22m | SEPT_JUEGOS_PROTOTIPO_wakasfideos.png^[[39m^[[0m
verify	Importar los recursos del proyecto	2026-10-09T08:45:07.1844948Z [  76% ] ^[[90m^[[1m_update_scan_actions^[[22m | SEPT_JUEGOS_PROTOTIPO_Wood_02-128x128.png^[[39m^[[0m
verify	Importar los recursos del proyecto	2026-10-09T08:45:07.1845305Z [  77% ] ^[[90m^[[1m_update_scan_actions^[[22m | SEPT_JUEGOS_PROTOTIPO_Wood_09-128x128.png^[[39m^[[0m
verify	Importar los recursos del proyecto	2026-10-09T08:45:07.1845656Z [  77% ] ^[[90m^[[1m_update_scan_actions^[[22m | SEPT_JUEGOS_PROTOTIPO_Wood_10-128x128.png^[[39m^[[0m
verify	Importar los recursos del proyecto	2026-10-09T08:45:07.1846125Z [  78% ] ^[[90m^[[1m_update_scan_actions^[[22m | SEPT_JUEGOS_PROTOTIPO_Zucarachas completo_1.png^[[39m^[[0m
verify	Importar los recursos del proyecto	2026-10-09T08:45:07.1846446Z [  78% ] ^[[90m^[[1m_update_scan_actions^[[22m | actroncito.png^[[39m^[[0m
verify	Importar los recursos del proyecto	2026-10-09T08:45:07.1846708Z [  79% ] ^[[90m^[[1m_update_scan_actions^[[22m | amargadito.png^[[39m^[[0m
verify	Importar los recursos del proyecto	2026-10-09T08:45:07.1847060Z [  79% ] ^[[90m^[[1m_update_scan_actions^[[22m | arvejas.png^[[39m^[[0m
verify	Importar los recursos del proyecto	2026-10-09T08:45:07.1847323Z [  80% ] ^[[90m^[[1m_update_scan_actions^[[22m | burbaloo.png^[[39m^[[0m
verify	Importar los recursos del proyecto	2026-10-09T08:45:07.1847580Z [  80% ] ^[[90m^[[1m_update_scan_actions^[[22m | cabecera.svg^[[39m^[[0m
verify	Importar los recursos del proyecto	2026-10-09T08:45:07.1847836Z [  81% ] ^[[90m^[[1m_update_scan_actions^[[22m | chisitos.png^[[39m^[[0m
verify	Importar los recursos del proyecto	2026-10-09T08:45:07.1848170Z [  81% ] ^[[90m^[[1m_update_scan_actions^[[22m | cindolor.png^[[39m^[[0m
verify	Importar los recursos del proyecto	2026-10-09T08:45:07.1848441Z [  81% ] ^[[90m^[[1m_update_scan_actions^[[22m | computadora.svg^[[39m^[[0m
verify	Importar los recursos del proyecto	2026-10-09T08:45:07.1848696Z [  82% ] ^[[90m^[[1m_update_scan_actions^[[22m | coracola.png^[[39m^[[0m
verify	Importar los recursos del proyecto	2026-10-09T08:45:07.1848958Z [  82% ] ^[[90m^[[1m_update_scan_actions^[[22m | cosa_de_mani.png^[[39m^[[0m
verify	Importar los recursos del proyecto	2026-10-09T08:45:07.1849281Z [  83% ] ^[[90m^[[1m_update_scan_actions^[[22m | donsaturados.png^[[39m^[[0m
verify	Importar los recursos del proyecto	2026-10-09T08:45:07.1849578Z [  83% ] ^[[90m^[[1m_update_scan_actions^[[22m | durextra.png^[[39m^[[0m
verify	Importar los recursos del proyecto	2026-10-09T08:45:07.1849829Z [  84% ] ^[[90m^[[1m_update_scan_actions^[[22m | duronga.png^[[39m^[[0m
verify	Importar los recursos del proyecto	2026-10-09T08:45:07.1850200Z [  84% ] ^[[90m^[[1m_update_scan_actions^[[22m | feel_ricky_fort.png^[[39m^[[0m
verify	Importar los recursos del proyecto	2026-10-09T08:45:07.1850567Z [  85% ] ^[[90m^[[1m_update_scan_actions^[[22m | fernet_god.png^[[39m^[[0m
verify	Importar los recursos del proyecto	2026-10-09T08:45:07.1850826Z [  85% ] ^[[90m^[[1m_update_scan_actions^[[22m | flinpuf.png^[[39m^[[0m
verify	Importar los recursos del proyecto	2026-10-09T08:45:07.1851076Z [  86% ] ^[[90m^[[1m_update_scan_actions^[[22m | fondo.png^[[39m^[[0m
verify	Importar los recursos del proyecto	2026-10-09T08:45:07.1851333Z [  86% ] ^[[90m^[[1m_update_scan_actions^[[22m | fondo_inicio.png^[[39m^[[0m
verify	Importar los recursos del proyecto	2026-10-09T08:45:07.1851664Z [  87% ] ^[[90m^[[1m_update_scan_actions^[[22m | frotlups.png^[[39m^[[0m
verify	Importar los recursos del proyecto	2026-10-09T08:45:07.1851938Z [  87% ] ^[[90m^[[1m_update_scan_actions^[[22m | jorgillo.png^[[39m^[[0m
verify	Importar los recursos del proyecto	2026-10-09T08:45:07.1852187Z [  87% ] ^[[90m^[[1m_update_scan_actions^[[22m | laysntt.png^[[39m^[[0m
verify	Importar los recursos del proyecto	2026-10-09T08:45:07.1852446Z [  88% ] ^[[90m^[[1m_update_scan_actions^[[22m | linea_detalle.svg^[[39m^[[0m
verify	Importar los recursos del proyecto	2026-10-09T08:45:07.1852738Z [  88% ] ^[[90m^[[1m_update_scan_actions^[[22m | macumbas.png^[[39m^[[0m
verify	Importar los recursos del proyecto	2026-10-09T08:45:07.1853181Z [  89% ] ^[[90m^[[1m_update_scan_actions^[[22m | malbardo.png^[[39m^[[0m
verify	Importar los recursos del proyecto	2026-10-09T08:45:07.1853434Z [  89% ] ^[[90m^[[1m_update_scan_actions^[[22m | marolini.png^[[39m^[[0m
verify	Importar los recursos del proyecto	2026-10-09T08:45:07.1853698Z [  90% ] ^[[90m^[[1m_update_scan_actions^[[22m | marranos.png^[[39m^[[0m
verify	Importar los recursos del proyecto	2026-10-09T08:45:07.1854156Z [  90% ] ^[[90m^[[1m_update_scan_actions^[[22m | mayonchis.png^[[39m^[[0m
verify	Importar los recursos del proyecto	2026-10-09T08:45:07.1854460Z [  91% ] ^[[90m^[[1m_update_scan_actions^[[22m | notificacion_cliente.svg^[[39m^[[0m
verify	Importar los recursos del proyecto	2026-10-09T08:45:07.1854766Z [  91% ] ^[[90m^[[1m_update_scan_actions^[[22m | notificacion_lectura.svg^[[39m^[[0m
verify	Importar los recursos del proyecto	2026-10-09T08:45:07.1855038Z [  92% ] ^[[90m^[[1m_update_scan_actions^[[22m | oaaaa.png^[[39m^[[0m
verify	Importar los recursos del proyecto	2026-10-09T08:45:07.1855382Z [  92% ] ^[[90m^[[1m_update_scan_actions^[[22m | oremos.png^[[39m^[[0m
verify	Importar los recursos del proyecto	2026-10-09T08:45:07.1855635Z [  93% ] ^[[90m^[[1m_update_scan_actions^[[22m | pepitos.png^[[39m^[[0m
verify	Importar los recursos del proyecto	2026-10-09T08:45:07.1855885Z [  93% ] ^[[90m^[[1m_update_scan_actions^[[22m | petisas.png^[[39m^[[0m
verify	Importar los recursos del proyecto	2026-10-09T08:45:07.1856136Z [  93% ] ^[[90m^[[1m_update_scan_actions^[[22m | prongles.png^[[39m^[[0m
verify	Importar los recursos del proyecto	2026-10-09T08:45:07.1856510Z [  94% ] ^[[90m^[[1m_update_scan_actions^[[22m | puntos_de_carga.svg^[[39m^[[0m
verify	Importar los recursos del proyecto	2026-10-09T08:45:07.1856788Z [  94% ] ^[[90m^[[1m_update_scan_actions^[[22m | registro.svg^[[39m^[[0m
verify	Importar los recursos del proyecto	2026-10-09T08:45:07.1857048Z [  95% ] ^[[90m^[[1m_update_scan_actions^[[22m | saladik.png^[[39m^[[0m
verify	Importar los recursos del proyecto	2026-10-09T08:45:07.1857302Z [  95% ] ^[[90m^[[1m_update_scan_actions^[[22m | solapa.svg^[[39m^[[0m
verify	Importar los recursos del proyecto	2026-10-09T08:45:07.1857675Z [  96% ] ^[[90m^[[1m_update_scan_actions^[[22m | terminator.png^[[39m^[[0m
verify	Importar los recursos del proyecto	2026-10-09T08:45:07.1857943Z [  96% ] ^[[90m^[[1m_update_scan_actions^[[22m | titulo_inicio.png^[[39m^[[0m
verify	Importar los recursos del proyecto	2026-10-09T08:45:07.1858910Z [  97% ] ^[[90m^[[1m_update_scan_actions^[[22m | uakas.png^[[39m^[[0m
verify	Importar los recursos del proyecto	2026-10-09T08:45:07.1860215Z [  97% ] ^[[90m^[[1m_update_scan_actions^[[22m | unscii-16.ttf^[[39m^[[0m
verify	Importar los recursos del proyecto	2026-10-09T08:45:07.1861142Z [  98% ] ^[[90m^[[1m_update_scan_actions^[[22m | zucarachas.png^[[39m^[[0m
verify	Importar los recursos del proyecto	2026-10-09T08:45:07.1862403Z [  98% ] ^[[90m^[[1m_update_scan_actions^[[22m | almacen.exr^[[39m^[[0m
verify	Importar los recursos del proyecto	2026-10-09T08:45:07.1863381Z [  99% ] ^[[90m^[[1m_update_scan_actions^[[22m | icon.svg^[[39m^[[0m
verify	Importar los recursos del proyecto	2026-10-09T08:45:07.1863653Z ^[[92m[ DONE ]^[[39m ^[[1m_update_scan_actions^[[22m
verify	Importar los recursos del proyecto	2026-10-09T08:45:07.1863829Z ^[[0m
verify	Importar los recursos del proyecto	2026-10-09T08:45:07.1865068Z [   0% ] ^[[90m^[[1mreimport^[[22m | Started (Re)Importing Assets (215 steps)^[[39m^[[0m
verify	Importar los recursos del proyecto	2026-10-09T08:45:07.1865375Z [   0% ] ^[[90m^[[1mreimport^[[22m | Preparing files to reimport...^[[39m^[[0m
verify	Importar los recursos del proyecto	2026-10-09T08:45:07.1866270Z [   0% ] ^[[90m^[[1mreimport^[[22m | Preparing files to reimport...^[[39m^[[0m
verify	Importar los recursos del proyecto	2026-10-09T08:45:07.1867437Z [   0% ] ^[[90m^[[1mreimport^[[22m | Preparing files to reimport...^[[39m^[[0m
verify	Importar los recursos del proyecto	2026-10-09T08:45:07.1868523Z [   1% ] ^[[90m^[[1mreimport^[[22m | Preparing files to reimport...^[[39m^[[0m
verify	Importar los recursos del proyecto	2026-10-09T08:45:07.1869419Z [   1% ] ^[[90m^[[1mreimport^[[22m | Preparing files to reimport...^[[39m^[[0m
verify	Importar los recursos del proyecto	2026-10-09T08:45:07.1870558Z [   2% ] ^[[90m^[[1mreimport^[[22m | Preparing files to reimport...^[[39m^[[0m
verify	Importar los recursos del proyecto	2026-10-09T08:45:07.1871455Z [   2% ] ^[[90m^[[1mreimport^[[22m | Preparing files to reimport...^[[39m^[[0m
verify	Importar los recursos del proyecto	2026-10-09T08:45:07.1872480Z [   3% ] ^[[90m^[[1mreimport^[[22m | Preparing files to reimport...^[[39m^[[0m
verify	Importar los recursos del proyecto	2026-10-09T08:45:07.1873712Z [   3% ] ^[[90m^[[1mreimport^[[22m | Preparing files to reimport...^[[39m^[[0m
verify	Importar los recursos del proyecto	2026-10-09T08:45:07.1874553Z [   4% ] ^[[90m^[[1mreimport^[[22m | Preparing files to reimport...^[[39m^[[0m
verify	Importar los recursos del proyecto	2026-10-09T08:45:07.1875421Z [   4% ] ^[[90m^[[1mreimport^[[22m | Preparing files to reimport...^[[39m^[[0m
verify	Importar los recursos del proyecto	2026-10-09T08:45:07.1876312Z [   5% ] ^[[90m^[[1mreimport^[[22m | Preparing files to reimport...^[[39m^[[0m
verify	Importar los recursos del proyecto	2026-10-09T08:45:07.1877188Z [   5% ] ^[[90m^[[1mreimport^[[22m | Preparing files to reimport...^[[39m^[[0m
verify	Importar los recursos del proyecto	2026-10-09T08:45:07.1878046Z [   6% ] ^[[90m^[[1mreimport^[[22m | Preparing files to reimport...^[[39m^[[0m
verify	Importar los recursos del proyecto	2026-10-09T08:45:07.1878907Z [   6% ] ^[[90m^[[1mreimport^[[22m | Preparing files to reimport...^[[39m^[[0m
verify	Importar los recursos del proyecto	2026-10-09T08:45:07.1879795Z [   6% ] ^[[90m^[[1mreimport^[[22m | Preparing files to reimport...^[[39m^[[0m
verify	Importar los recursos del proyecto	2026-10-09T08:45:07.1880653Z [   7% ] ^[[90m^[[1mreimport^[[22m | Preparing files to reimport...^[[39m^[[0m
verify	Importar los recursos del proyecto	2026-10-09T08:45:07.1881518Z [   7% ] ^[[90m^[[1mreimport^[[22m | Preparing files to reimport...^[[39m^[[0m
verify	Importar los recursos del proyecto	2026-10-09T08:45:07.1882417Z [   8% ] ^[[90m^[[1mreimport^[[22m | Preparing files to reimport...^[[39m^[[0m
verify	Importar los recursos del proyecto	2026-10-09T08:45:07.1883368Z [   8% ] ^[[90m^[[1mreimport^[[22m | Preparing files to reimport...^[[39m^[[0m
verify	Importar los recursos del proyecto	2026-10-09T08:45:07.1884191Z [   9% ] ^[[90m^[[1mreimport^[[22m | Preparing files to reimport...^[[39m^[[0m
verify	Importar los recursos del proyecto	2026-10-09T08:45:07.1885061Z [   9% ] ^[[90m^[[1mreimport^[[22m | Preparing files to reimport...^[[39m^[[0m
verify	Importar los recursos del proyecto	2026-10-09T08:45:07.1885934Z [  10% ] ^[[90m^[[1mreimport^[[22m | Preparing files to reimport...^[[39m^[[0m
verify	Importar los recursos del proyecto	2026-10-09T08:45:07.1886821Z [  10% ] ^[[90m^[[1mreimport^[[22m | Preparing files to reimport...^[[39m^[[0m
verify	Importar los recursos del proyecto	2026-10-09T08:45:07.1887712Z [  11% ] ^[[90m^[[1mreimport^[[22m | Preparing files to reimport...^[[39m^[[0m
verify	Importar los recursos del proyecto	2026-10-09T08:45:07.1888598Z [  11% ] ^[[90m^[[1mreimport^[[22m | Preparing files to reimport...^[[39m^[[0m
verify	Importar los recursos del proyecto	2026-10-09T08:45:07.1889491Z [  12% ] ^[[90m^[[1mreimport^[[22m | Preparing files to reimport...^[[39m^[[0m
verify	Importar los recursos del proyecto	2026-10-09T08:45:07.1890371Z [  12% ] ^[[90m^[[1mreimport^[[22m | Preparing files to reimport...^[[39m^[[0m
verify	Importar los recursos del proyecto	2026-10-09T08:45:07.1891288Z [  12% ] ^[[90m^[[1mreimport^[[22m | Preparing files to reimport...^[[39m^[[0m
verify	Importar los recursos del proyecto	2026-10-09T08:45:07.1892174Z [  13% ] ^[[90m^[[1mreimport^[[22m | Preparing files to reimport...^[[39m^[[0m
verify	Importar los recursos del proyecto	2026-10-09T08:45:07.1893200Z [  13% ] ^[[90m^[[1mreimport^[[22m | Preparing files to reimport...^[[39m^[[0m
verify	Importar los recursos del proyecto	2026-10-09T08:45:07.1894047Z [  14% ] ^[[90m^[[1mreimport^[[22m | Preparing files to reimport...^[[39m^[[0m
verify	Importar los recursos del proyecto	2026-10-09T08:45:07.1894931Z [  14% ] ^[[90m^[[1mreimport^[[22m | Preparing files to reimport...^[[39m^[[0m
verify	Importar los recursos del proyecto	2026-10-09T08:45:07.1895812Z [  15% ] ^[[90m^[[1mreimport^[[22m | Preparing files to reimport...^[[39m^[[0m
verify	Importar los recursos del proyecto	2026-10-09T08:45:07.1896707Z [  15% ] ^[[90m^[[1mreimport^[[22m | Preparing files to reimport...^[[39m^[[0m
verify	Importar los recursos del proyecto	2026-10-09T08:45:07.1897610Z [  16% ] ^[[90m^[[1mreimport^[[22m | Preparing files to reimport...^[[39m^[[0m
verify	Importar los recursos del proyecto	2026-10-09T08:45:07.1898735Z [  16% ] ^[[90m^[[1mreimport^[[22m | Preparing files to reimport...^[[39m^[[0m
verify	Importar los recursos del proyecto	2026-10-09T08:45:07.1899411Z [  17% ] ^[[90m^[[1mreimport^[[22m | Preparing files to reimport...^[[39m^[[0m
verify	Importar los recursos del proyecto	2026-10-09T08:45:07.1900296Z [  17% ] ^[[90m^[[1mreimport^[[22m | Preparing files to reimport...^[[39m^[[0m
verify	Importar los recursos del proyecto	2026-10-09T08:45:07.1901191Z [  18% ] ^[[90m^[[1mreimport^[[22m | Preparing files to reimport...^[[39m^[[0m
verify	Importar los recursos del proyecto	2026-10-09T08:45:07.1902119Z [  18% ] ^[[90m^[[1mreimport^[[22m | Preparing files to reimport...^[[39m^[[0m
verify	Importar los recursos del proyecto	2026-10-09T08:45:07.1903015Z [  18% ] ^[[90m^[[1mreimport^[[22m | Preparing files to reimport...^[[39m^[[0m
verify	Importar los recursos del proyecto	2026-10-09T08:45:07.1903998Z [  19% ] ^[[90m^[[1mreimport^[[22m | Preparing files to reimport...^[[39m^[[0m
verify	Importar los recursos del proyecto	2026-10-09T08:45:07.1904889Z [  19% ] ^[[90m^[[1mreimport^[[22m | Preparing files to reimport...^[[39m^[[0m
verify	Importar los recursos del proyecto	2026-10-09T08:45:07.1905795Z [  20% ] ^[[90m^[[1mreimport^[[22m | Preparing files to reimport...^[[39m^[[0m
verify	Importar los recursos del proyecto	2026-10-09T08:45:07.1906711Z [  20% ] ^[[90m^[[1mreimport^[[22m | Preparing files to reimport...^[[39m^[[0m
verify	Importar los recursos del proyecto	2026-10-09T08:45:07.1907592Z [  21% ] ^[[90m^[[1mreimport^[[22m | Preparing files to reimport...^[[39m^[[0m
verify	Importar los recursos del proyecto	2026-10-09T08:45:07.1908509Z [  21% ] ^[[90m^[[1mreimport^[[22m | Preparing files to reimport...^[[39m^[[0m
verify	Importar los recursos del proyecto	2026-10-09T08:45:07.1909394Z [  22% ] ^[[90m^[[1mreimport^[[22m | Preparing files to reimport...^[[39m^[[0m
verify	Importar los recursos del proyecto	2026-10-09T08:45:07.1910518Z [  22% ] ^[[90m^[[1mreimport^[[22m | Preparing files to reimport...^[[39m^[[0m
verify	Importar los recursos del proyecto	2026-10-09T08:45:07.1911612Z [  23% ] ^[[90m^[[1mreimport^[[22m | Preparing files to reimport...^[[39m^[[0m
verify	Importar los recursos del proyecto	2026-10-09T08:45:07.1912346Z [  23% ] ^[[90m^[[1mreimport^[[22m | Preparing files to reimport...^[[39m^[[0m
verify	Importar los recursos del proyecto	2026-10-09T08:45:07.1913370Z [  24% ] ^[[90m^[[1mreimport^[[22m | Preparing files to reimport...^[[39m^[[0m
verify	Importar los recursos del proyecto	2026-10-09T08:45:07.1914327Z [  24% ] ^[[90m^[[1mreimport^[[22m | Preparing files to reimport...^[[39m^[[0m
verify	Importar los recursos del proyecto	2026-10-09T08:45:07.1915273Z [  25% ] ^[[90m^[[1mreimport^[[22m | Preparing files to reimport...^[[39m^[[0m
verify	Importar los recursos del proyecto	2026-10-09T08:45:07.1916237Z [  25% ] ^[[90m^[[1mreimport^[[22m | Preparing files to reimport...^[[39m^[[0m
verify	Importar los recursos del proyecto	2026-10-09T08:45:07.1917201Z [  25% ] ^[[90m^[[1mreimport^[[22m | Preparing files to reimport...^[[39m^[[0m
verify	Importar los recursos del proyecto	2026-10-09T08:45:07.1918123Z [  26% ] ^[[90m^[[1mreimport^[[22m | Preparing files to reimport...^[[39m^[[0m
verify	Importar los recursos del proyecto	2026-10-09T08:45:07.1919060Z [  26% ] ^[[90m^[[1mreimport^[[22m | Preparing files to reimport...^[[39m^[[0m
verify	Importar los recursos del proyecto	2026-10-09T08:45:07.1920014Z [  27% ] ^[[90m^[[1mreimport^[[22m | Preparing files to reimport...^[[39m^[[0m
verify	Importar los recursos del proyecto	2026-10-09T08:45:07.1920942Z [  27% ] ^[[90m^[[1mreimport^[[22m | Preparing files to reimport...^[[39m^[[0m
verify	Importar los recursos del proyecto	2026-10-09T08:45:07.1921889Z [  28% ] ^[[90m^[[1mreimport^[[22m | Preparing files to reimport...^[[39m^[[0m
verify	Importar los recursos del proyecto	2026-10-09T08:45:07.1922831Z [  28% ] ^[[90m^[[1mreimport^[[22m | Preparing files to reimport...^[[39m^[[0m
verify	Importar los recursos del proyecto	2026-10-09T08:45:07.1923890Z [  29% ] ^[[90m^[[1mreimport^[[22m | Preparing files to reimport...^[[39m^[[0m
verify	Importar los recursos del proyecto	2026-10-09T08:45:07.1924844Z [  29% ] ^[[90m^[[1mreimport^[[22m | Preparing files to reimport...^[[39m^[[0m
verify	Importar los recursos del proyecto	2026-10-09T08:45:07.1925797Z [  30% ] ^[[90m^[[1mreimport^[[22m | Preparing files to reimport...^[[39m^[[0m
verify	Importar los recursos del proyecto	2026-10-09T08:45:07.1926744Z [  30% ] ^[[90m^[[1mreimport^[[22m | Preparing files to reimport...^[[39m^[[0m
verify	Importar los recursos del proyecto	2026-10-09T08:45:07.1927692Z [  31% ] ^[[90m^[[1mreimport^[[22m | Preparing files to reimport...^[[39m^[[0m
verify	Importar los recursos del proyecto	2026-10-09T08:45:07.1928645Z [  31% ] ^[[90m^[[1mreimport^[[22m | Preparing files to reimport...^[[39m^[[0m
verify	Importar los recursos del proyecto	2026-10-09T08:45:07.1929604Z [  31% ] ^[[90m^[[1mreimport^[[22m | Preparing files to reimport...^[[39m^[[0m
verify	Importar los recursos del proyecto	2026-10-09T08:45:07.1930556Z [  32% ] ^[[90m^[[1mreimport^[[22m | Preparing files to reimport...^[[39m^[[0m
verify	Importar los recursos del proyecto	2026-10-09T08:45:07.1931496Z [  32% ] ^[[90m^[[1mreimport^[[22m | Preparing files to reimport...^[[39m^[[0m
verify	Importar los recursos del proyecto	2026-10-09T08:45:07.1932448Z [  33% ] ^[[90m^[[1mreimport^[[22m | Preparing files to reimport...^[[39m^[[0m
verify	Importar los recursos del proyecto	2026-10-09T08:45:07.1933601Z [  33% ] ^[[90m^[[1mreimport^[[22m | Preparing files to reimport...^[[39m^[[0m
verify	Importar los recursos del proyecto	2026-10-09T08:45:07.1934611Z [  34% ] ^[[90m^[[1mreimport^[[22m | Preparing files to reimport...^[[39m^[[0m
verify	Importar los recursos del proyecto	2026-10-09T08:45:07.1935600Z [  34% ] ^[[90m^[[1mreimport^[[22m | Preparing files to reimport...^[[39m^[[0m
verify	Importar los recursos del proyecto	2026-10-09T08:45:07.1936631Z [  35% ] ^[[90m^[[1mreimport^[[22m | Preparing files to reimport...^[[39m^[[0m
verify	Importar los recursos del proyecto	2026-10-09T08:45:07.1937672Z [  35% ] ^[[90m^[[1mreimport^[[22m | Preparing files to reimport...^[[39m^[[0m
verify	Importar los recursos del proyecto	2026-10-09T08:45:07.1938716Z [  36% ] ^[[90m^[[1mreimport^[[22m | Preparing files to reimport...^[[39m^[[0m
verify	Importar los recursos del proyecto	2026-10-09T08:45:07.1939710Z [  36% ] ^[[90m^[[1mreimport^[[22m | Preparing files to reimport...^[[39m^[[0m
verify	Importar los recursos del proyecto	2026-10-09T08:45:07.1940732Z [  37% ] ^[[90m^[[1mreimport^[[22m | Preparing files to reimport...^[[39m^[[0m
verify	Importar los recursos del proyecto	2026-10-09T08:45:07.1941737Z [  37% ] ^[[90m^[[1mreimport^[[22m | Preparing files to reimport...^[[39m^[[0m
verify	Importar los recursos del proyecto	2026-10-09T08:45:07.1942781Z [  37% ] ^[[90m^[[1mreimport^[[22m | Preparing files to reimport...^[[39m^[[0m
verify	Importar los recursos del proyecto	2026-10-09T08:45:07.1943967Z [  38% ] ^[[90m^[[1mreimport^[[22m | Preparing files to reimport...^[[39m^[[0m
verify	Importar los recursos del proyecto	2026-10-09T08:45:07.1944979Z [  38% ] ^[[90m^[[1mreimport^[[22m | Preparing files to reimport...^[[39m^[[0m
verify	Importar los recursos del proyecto	2026-10-09T08:45:07.1945987Z [  39% ] ^[[90m^[[1mreimport^[[22m | Preparing files to reimport...^[[39m^[[0m
verify	Importar los recursos del proyecto	2026-10-09T08:45:07.1947010Z [  39% ] ^[[90m^[[1mreimport^[[22m | Preparing files to reimport...^[[39m^[[0m
verify	Importar los recursos del proyecto	2026-10-09T08:45:07.1948028Z [  40% ] ^[[90m^[[1mreimport^[[22m | Preparing files to reimport...^[[39m^[[0m
verify	Importar los recursos del proyecto	2026-10-09T08:45:07.1949052Z [  40% ] ^[[90m^[[1mreimport^[[22m | Preparing files to reimport...^[[39m^[[0m
verify	Importar los recursos del proyecto	2026-10-09T08:45:07.1950077Z [  41% ] ^[[90m^[[1mreimport^[[22m | Preparing files to reimport...^[[39m^[[0m
verify	Importar los recursos del proyecto	2026-10-09T08:45:07.1951079Z [  41% ] ^[[90m^[[1mreimport^[[22m | Preparing files to reimport...^[[39m^[[0m
verify	Importar los recursos del proyecto	2026-10-09T08:45:07.1952105Z [  42% ] ^[[90m^[[1mreimport^[[22m | Preparing files to reimport...^[[39m^[[0m
verify	Importar los recursos del proyecto	2026-10-09T08:45:07.1953216Z [  42% ] ^[[90m^[[1mreimport^[[22m | Preparing files to reimport...^[[39m^[[0m
verify	Importar los recursos del proyecto	2026-10-09T08:45:07.1954240Z [  43% ] ^[[90m^[[1mreimport^[[22m | Preparing files to reimport...^[[39m^[[0m
verify	Importar los recursos del proyecto	2026-10-09T08:45:07.1955283Z [  43% ] ^[[90m^[[1mreimport^[[22m | Preparing files to reimport...^[[39m^[[0m
verify	Importar los recursos del proyecto	2026-10-09T08:45:07.1956343Z [  43% ] ^[[90m^[[1mreimport^[[22m | Preparing files to reimport...^[[39m^[[0m
verify	Importar los recursos del proyecto	2026-10-09T08:45:07.1957381Z [  44% ] ^[[90m^[[1mreimport^[[22m | Preparing files to reimport...^[[39m^[[0m
verify	Importar los recursos del proyecto	2026-10-09T08:45:07.1958409Z [  44% ] ^[[90m^[[1mreimport^[[22m | Preparing files to reimport...^[[39m^[[0m
verify	Importar los recursos del proyecto	2026-10-09T08:45:07.1959445Z [  45% ] ^[[90m^[[1mreimport^[[22m | Preparing files to reimport...^[[39m^[[0m
verify	Importar los recursos del proyecto	2026-10-09T08:45:07.1960509Z [  45% ] ^[[90m^[[1mreimport^[[22m | Preparing files to reimport...^[[39m^[[0m
verify	Importar los recursos del proyecto	2026-10-09T08:45:07.1961534Z [  46% ] ^[[90m^[[1mreimport^[[22m | Preparing files to reimport...^[[39m^[[0m
verify	Importar los recursos del proyecto	2026-10-09T08:45:07.1962546Z [  46% ] ^[[90m^[[1mreimport^[[22m | Preparing files to reimport...^[[39m^[[0m
verify	Importar los recursos del proyecto	2026-10-09T08:45:07.1963720Z [  47% ] ^[[90m^[[1mreimport^[[22m | Preparing files to reimport...^[[39m^[[0m
verify	Importar los recursos del proyecto	2026-10-09T08:45:07.1964752Z [  47% ] ^[[90m^[[1mreimport^[[22m | Preparing files to reimport...^[[39m^[[0m
verify	Importar los recursos del proyecto	2026-10-09T08:45:07.1965791Z [  48% ] ^[[90m^[[1mreimport^[[22m | Preparing files to reimport...^[[39m^[[0m
verify	Importar los recursos del proyecto	2026-10-09T08:45:07.1966808Z [  48% ] ^[[90m^[[1mreimport^[[22m | Preparing files to reimport...^[[39m^[[0m
verify	Importar los recursos del proyecto	2026-10-09T08:45:07.1967839Z [  49% ] ^[[90m^[[1mreimport^[[22m | Preparing files to reimport...^[[39m^[[0m
verify	Importar los recursos del proyecto	2026-10-09T08:45:07.1968875Z [  49% ] ^[[90m^[[1mreimport^[[22m | Preparing files to reimport...^[[39m^[[0m
verify	Importar los recursos del proyecto	2026-10-09T08:45:07.1969898Z [  50% ] ^[[90m^[[1mreimport^[[22m | Preparing files to reimport...^[[39m^[[0m
verify	Importar los recursos del proyecto	2026-10-09T08:45:07.1970915Z [  50% ] ^[[90m^[[1mreimport^[[22m | Preparing files to reimport...^[[39m^[[0m
verify	Importar los recursos del proyecto	2026-10-09T08:45:07.1971934Z [  50% ] ^[[90m^[[1mreimport^[[22m | Preparing files to reimport...^[[39m^[[0m
verify	Importar los recursos del proyecto	2026-10-09T08:45:07.1972938Z [  51% ] ^[[90m^[[1mreimport^[[22m | Preparing files to reimport...^[[39m^[[0m
verify	Importar los recursos del proyecto	2026-10-09T08:45:07.1974059Z [  51% ] ^[[90m^[[1mreimport^[[22m | Preparing files to reimport...^[[39m^[[0m
verify	Importar los recursos del proyecto	2026-10-09T08:45:07.1975054Z [  52% ] ^[[90m^[[1mreimport^[[22m | Preparing files to reimport...^[[39m^[[0m
verify	Importar los recursos del proyecto	2026-10-09T08:45:07.1976069Z [  52% ] ^[[90m^[[1mreimport^[[22m | Preparing files to reimport...^[[39m^[[0m
verify	Importar los recursos del proyecto	2026-10-09T08:45:07.1977172Z [  53% ] ^[[90m^[[1mreimport^[[22m | Preparing files to reimport...^[[39m^[[0m
verify	Importar los recursos del proyecto	2026-10-09T08:45:07.1978185Z [  53% ] ^[[90m^[[1mreimport^[[22m | Preparing files to reimport...^[[39m^[[0m
verify	Importar los recursos del proyecto	2026-10-09T08:45:07.1979202Z [  54% ] ^[[90m^[[1mreimport^[[22m | Preparing files to reimport...^[[39m^[[0m
verify	Importar los recursos del proyecto	2026-10-09T08:45:07.1980211Z [  54% ] ^[[90m^[[1mreimport^[[22m | Preparing files to reimport...^[[39m^[[0m
verify	Importar los recursos del proyecto	2026-10-09T08:45:07.1981222Z [  55% ] ^[[90m^[[1mreimport^[[22m | Preparing files to reimport...^[[39m^[[0m
verify	Importar los recursos del proyecto	2026-10-09T08:45:07.1982243Z [  55% ] ^[[90m^[[1mreimport^[[22m | Preparing files to reimport...^[[39m^[[0m
verify	Importar los recursos del proyecto	2026-10-09T08:45:07.1983385Z [  56% ] ^[[90m^[[1mreimport^[[22m | Preparing files to reimport...^[[39m^[[0m
verify	Importar los recursos del proyecto	2026-10-09T08:45:07.1984436Z [  56% ] ^[[90m^[[1mreimport^[[22m | Preparing files to reimport...^[[39m^[[0m
verify	Importar los recursos del proyecto	2026-10-09T08:45:07.1985430Z [  56% ] ^[[90m^[[1mreimport^[[22m | Preparing files to reimport...^[[39m^[[0m
verify	Importar los recursos del proyecto	2026-10-09T08:45:07.1986435Z [  57% ] ^[[90m^[[1mreimport^[[22m | Preparing files to reimport...^[[39m^[[0m
verify	Importar los recursos del proyecto	2026-10-09T08:45:07.1987440Z [  57% ] ^[[90m^[[1mreimport^[[22m | Preparing files to reimport...^[[39m^[[0m
verify	Importar los recursos del proyecto	2026-10-09T08:45:07.1988468Z [  58% ] ^[[90m^[[1mreimport^[[22m | Preparing files to reimport...^[[39m^[[0m
verify	Importar los recursos del proyecto	2026-10-09T08:45:07.1989495Z [  58% ] ^[[90m^[[1mreimport^[[22m | Preparing files to reimport...^[[39m^[[0m
verify	Importar los recursos del proyecto	2026-10-09T08:45:07.1990499Z [  59% ] ^[[90m^[[1mreimport^[[22m | Preparing files to reimport...^[[39m^[[0m
verify	Importar los recursos del proyecto	2026-10-09T08:45:07.1991523Z [  59% ] ^[[90m^[[1mreimport^[[22m | Preparing files to reimport...^[[39m^[[0m
verify	Importar los recursos del proyecto	2026-10-09T08:45:07.1992530Z [  60% ] ^[[90m^[[1mreimport^[[22m | Preparing files to reimport...^[[39m^[[0m
verify	Importar los recursos del proyecto	2026-10-09T08:45:07.1993658Z [  60% ] ^[[90m^[[1mreimport^[[22m | Preparing files to reimport...^[[39m^[[0m
verify	Importar los recursos del proyecto	2026-10-09T08:45:07.1994665Z [  61% ] ^[[90m^[[1mreimport^[[22m | Preparing files to reimport...^[[39m^[[0m
verify	Importar los recursos del proyecto	2026-10-09T08:45:07.1995679Z [  61% ] ^[[90m^[[1mreimport^[[22m | Preparing files to reimport...^[[39m^[[0m
verify	Importar los recursos del proyecto	2026-10-09T08:45:07.1996687Z [  62% ] ^[[90m^[[1mreimport^[[22m | Preparing files to reimport...^[[39m^[[0m
verify	Importar los recursos del proyecto	2026-10-09T08:45:07.1997674Z [  62% ] ^[[90m^[[1mreimport^[[22m | Preparing files to reimport...^[[39m^[[0m
verify	Importar los recursos del proyecto	2026-10-09T08:45:07.1998656Z [  62% ] ^[[90m^[[1mreimport^[[22m | Preparing files to reimport...^[[39m^[[0m
verify	Importar los recursos del proyecto	2026-10-09T08:45:07.1999644Z [  63% ] ^[[90m^[[1mreimport^[[22m | Preparing files to reimport...^[[39m^[[0m
verify	Importar los recursos del proyecto	2026-10-09T08:45:07.2000649Z [  63% ] ^[[90m^[[1mreimport^[[22m | Preparing files to reimport...^[[39m^[[0m
verify	Importar los recursos del proyecto	2026-10-09T08:45:07.2001674Z [  64% ] ^[[90m^[[1mreimport^[[22m | Preparing files to reimport...^[[39m^[[0m
verify	Importar los recursos del proyecto	2026-10-09T08:45:07.2002708Z [  64% ] ^[[90m^[[1mreimport^[[22m | Preparing files to reimport...^[[39m^[[0m
verify	Importar los recursos del proyecto	2026-10-09T08:45:07.2003848Z [  65% ] ^[[90m^[[1mreimport^[[22m | Preparing files to reimport...^[[39m^[[0m
verify	Importar los recursos del proyecto	2026-10-09T08:45:07.2004886Z [  65% ] ^[[90m^[[1mreimport^[[22m | Preparing files to reimport...^[[39m^[[0m
verify	Importar los recursos del proyecto	2026-10-09T08:45:07.2005904Z [  66% ] ^[[90m^[[1mreimport^[[22m | Preparing files to reimport...^[[39m^[[0m
verify	Importar los recursos del proyecto	2026-10-09T08:45:07.2006942Z [  66% ] ^[[90m^[[1mreimport^[[22m | Preparing files to reimport...^[[39m^[[0m
verify	Importar los recursos del proyecto	2026-10-09T08:45:07.2007969Z [  67% ] ^[[90m^[[1mreimport^[[22m | Preparing files to reimport...^[[39m^[[0m
verify	Importar los recursos del proyecto	2026-10-09T08:45:07.2008967Z [  67% ] ^[[90m^[[1mreimport^[[22m | Preparing files to reimport...^[[39m^[[0m
verify	Importar los recursos del proyecto	2026-10-09T08:45:07.2009974Z [  68% ] ^[[90m^[[1mreimport^[[22m | Preparing files to reimport...^[[39m^[[0m
verify	Importar los recursos del proyecto	2026-10-09T08:45:07.2011002Z [  68% ] ^[[90m^[[1mreimport^[[22m | Preparing files to reimport...^[[39m^[[0m
verify	Importar los recursos del proyecto	2026-10-09T08:45:07.2012038Z [  68% ] ^[[90m^[[1mreimport^[[22m | Preparing files to reimport...^[[39m^[[0m
verify	Importar los recursos del proyecto	2026-10-09T08:45:07.2013138Z [  69% ] ^[[90m^[[1mreimport^[[22m | Preparing files to reimport...^[[39m^[[0m
verify	Importar los recursos del proyecto	2026-10-09T08:45:07.2014144Z [  69% ] ^[[90m^[[1mreimport^[[22m | Preparing files to reimport...^[[39m^[[0m
verify	Importar los recursos del proyecto	2026-10-09T08:45:07.2015151Z [  70% ] ^[[90m^[[1mreimport^[[22m | Preparing files to reimport...^[[39m^[[0m
verify	Importar los recursos del proyecto	2026-10-09T08:45:07.2016163Z [  70% ] ^[[90m^[[1mreimport^[[22m | Preparing files to reimport...^[[39m^[[0m
verify	Importar los recursos del proyecto	2026-10-09T08:45:07.2017158Z [  71% ] ^[[90m^[[1mreimport^[[22m | Preparing files to reimport...^[[39m^[[0m
verify	Importar los recursos del proyecto	2026-10-09T08:45:07.2018145Z [  71% ] ^[[90m^[[1mreimport^[[22m | Preparing files to reimport...^[[39m^[[0m
verify	Importar los recursos del proyecto	2026-10-09T08:45:07.2019133Z [  72% ] ^[[90m^[[1mreimport^[[22m | Preparing files to reimport...^[[39m^[[0m
verify	Importar los recursos del proyecto	2026-10-09T08:45:07.2020123Z [  72% ] ^[[90m^[[1mreimport^[[22m | Preparing files to reimport...^[[39m^[[0m
verify	Importar los recursos del proyecto	2026-10-09T08:45:07.2021148Z [  73% ] ^[[90m^[[1mreimport^[[22m | Preparing files to reimport...^[[39m^[[0m
verify	Importar los recursos del proyecto	2026-10-09T08:45:07.2022155Z [  73% ] ^[[90m^[[1mreimport^[[22m | Preparing files to reimport...^[[39m^[[0m
verify	Importar los recursos del proyecto	2026-10-09T08:45:07.2023271Z [  74% ] ^[[90m^[[1mreimport^[[22m | Preparing files to reimport...^[[39m^[[0m
verify	Importar los recursos del proyecto	2026-10-09T08:45:07.2024253Z [  74% ] ^[[90m^[[1mreimport^[[22m | Preparing files to reimport...^[[39m^[[0m
verify	Importar los recursos del proyecto	2026-10-09T08:45:07.2025258Z [  75% ] ^[[90m^[[1mreimport^[[22m | Preparing files to reimport...^[[39m^[[0m
verify	Importar los recursos del proyecto	2026-10-09T08:45:07.2026259Z [  75% ] ^[[90m^[[1mreimport^[[22m | Preparing files to reimport...^[[39m^[[0m
verify	Importar los recursos del proyecto	2026-10-09T08:45:07.2027226Z [  75% ] ^[[90m^[[1mreimport^[[22m | Preparing files to reimport...^[[39m^[[0m
verify	Importar los recursos del proyecto	2026-10-09T08:45:07.2028230Z [  76% ] ^[[90m^[[1mreimport^[[22m | Preparing files to reimport...^[[39m^[[0m
verify	Importar los recursos del proyecto	2026-10-09T08:45:07.2029237Z [  76% ] ^[[90m^[[1mreimport^[[22m | Preparing files to reimport...^[[39m^[[0m
verify	Importar los recursos del proyecto	2026-10-09T08:45:07.2030242Z [  77% ] ^[[90m^[[1mreimport^[[22m | Preparing files to reimport...^[[39m^[[0m
verify	Importar los recursos del proyecto	2026-10-09T08:45:07.2031251Z [  77% ] ^[[90m^[[1mreimport^[[22m | Preparing files to reimport...^[[39m^[[0m
verify	Importar los recursos del proyecto	2026-10-09T08:45:07.2032251Z [  78% ] ^[[90m^[[1mreimport^[[22m | Preparing files to reimport...^[[39m^[[0m
verify	Importar los recursos del proyecto	2026-10-09T08:45:07.2033375Z [  78% ] ^[[90m^[[1mreimport^[[22m | Preparing files to reimport...^[[39m^[[0m
verify	Importar los recursos del proyecto	2026-10-09T08:45:07.2034348Z [  79% ] ^[[90m^[[1mreimport^[[22m | Preparing files to reimport...^[[39m^[[0m
verify	Importar los recursos del proyecto	2026-10-09T08:45:07.2035301Z [  79% ] ^[[90m^[[1mreimport^[[22m | Preparing files to reimport...^[[39m^[[0m
verify	Importar los recursos del proyecto	2026-10-09T08:45:07.2036248Z [  80% ] ^[[90m^[[1mreimport^[[22m | Preparing files to reimport...^[[39m^[[0m
verify	Importar los recursos del proyecto	2026-10-09T08:45:07.2037214Z [  80% ] ^[[90m^[[1mreimport^[[22m | Preparing files to reimport...^[[39m^[[0m
verify	Importar los recursos del proyecto	2026-10-09T08:45:07.2038161Z [  81% ] ^[[90m^[[1mreimport^[[22m | Preparing files to reimport...^[[39m^[[0m
verify	Importar los recursos del proyecto	2026-10-09T08:45:07.2039087Z [  81% ] ^[[90m^[[1mreimport^[[22m | Preparing files to reimport...^[[39m^[[0m
verify	Importar los recursos del proyecto	2026-10-09T08:45:07.2040014Z [  81% ] ^[[90m^[[1mreimport^[[22m | Preparing files to reimport...^[[39m^[[0m
verify	Importar los recursos del proyecto	2026-10-09T08:45:07.2040968Z [  82% ] ^[[90m^[[1mreimport^[[22m | Preparing files to reimport...^[[39m^[[0m
verify	Importar los recursos del proyecto	2026-10-09T08:45:07.2041897Z [  82% ] ^[[90m^[[1mreimport^[[22m | Preparing files to reimport...^[[39m^[[0m
verify	Importar los recursos del proyecto	2026-10-09T08:45:07.2042861Z [  83% ] ^[[90m^[[1mreimport^[[22m | Preparing files to reimport...^[[39m^[[0m
verify	Importar los recursos del proyecto	2026-10-09T08:45:07.2044019Z [  83% ] ^[[90m^[[1mreimport^[[22m | Preparing files to reimport...^[[39m^[[0m
verify	Importar los recursos del proyecto	2026-10-09T08:45:07.2045363Z [  84% ] ^[[90m^[[1mreimport^[[22m | Preparing files to reimport...^[[39m^[[0m
verify	Importar los recursos del proyecto	2026-10-09T08:45:07.2046196Z [  84% ] ^[[90m^[[1mreimport^[[22m | Preparing files to reimport...^[[39m^[[0m
verify	Importar los recursos del proyecto	2026-10-09T08:45:07.2047130Z [  85% ] ^[[90m^[[1mreimport^[[22m | Preparing files to reimport...^[[39m^[[0m
verify	Importar los recursos del proyecto	2026-10-09T08:45:07.2048053Z [  85% ] ^[[90m^[[1mreimport^[[22m | Preparing files to reimport...^[[39m^[[0m
verify	Importar los recursos del proyecto	2026-10-09T08:45:07.2048971Z [  86% ] ^[[90m^[[1mreimport^[[22m | Preparing files to reimport...^[[39m^[[0m
verify	Importar los recursos del proyecto	2026-10-09T08:45:07.2049895Z [  86% ] ^[[90m^[[1mreimport^[[22m | Preparing files to reimport...^[[39m^[[0m
verify	Importar los recursos del proyecto	2026-10-09T08:45:07.2050850Z [  87% ] ^[[90m^[[1mreimport^[[22m | Preparing files to reimport...^[[39m^[[0m
verify	Importar los recursos del proyecto	2026-10-09T08:45:07.2051767Z [  87% ] ^[[90m^[[1mreimport^[[22m | Preparing files to reimport...^[[39m^[[0m
verify	Importar los recursos del proyecto	2026-10-09T08:45:07.2052696Z [  87% ] ^[[90m^[[1mreimport^[[22m | Preparing files to reimport...^[[39m^[[0m
verify	Importar los recursos del proyecto	2026-10-09T08:45:07.2053702Z [  88% ] ^[[90m^[[1mreimport^[[22m | Preparing files to reimport...^[[39m^[[0m
verify	Importar los recursos del proyecto	2026-10-09T08:45:07.2054627Z [  88% ] ^[[90m^[[1mreimport^[[22m | Preparing files to reimport...^[[39m^[[0m
verify	Importar los recursos del proyecto	2026-10-09T08:45:07.2055569Z [  89% ] ^[[90m^[[1mreimport^[[22m | Preparing files to reimport...^[[39m^[[0m
verify	Importar los recursos del proyecto	2026-10-09T08:45:07.2056446Z [  89% ] ^[[90m^[[1mreimport^[[22m | Preparing files to reimport...^[[39m^[[0m
verify	Importar los recursos del proyecto	2026-10-09T08:45:07.2057359Z [  90% ] ^[[90m^[[1mreimport^[[22m | Preparing files to reimport...^[[39m^[[0m
verify	Importar los recursos del proyecto	2026-10-09T08:45:07.2058274Z [  90% ] ^[[90m^[[1mreimport^[[22m | Preparing files to reimport...^[[39m^[[0m
verify	Importar los recursos del proyecto	2026-10-09T08:45:07.2059195Z [  91% ] ^[[90m^[[1mreimport^[[22m | Preparing files to reimport...^[[39m^[[0m
verify	Importar los recursos del proyecto	2026-10-09T08:45:07.2060251Z [  91% ] ^[[90m^[[1mreimport^[[22m | Preparing files to reimport...^[[39m^[[0m
verify	Importar los recursos del proyecto	2026-10-09T08:45:07.2061171Z [  92% ] ^[[90m^[[1mreimport^[[22m | Preparing files to reimport...^[[39m^[[0m
verify	Importar los recursos del proyecto	2026-10-09T08:45:07.2062094Z [  92% ] ^[[90m^[[1mreimport^[[22m | Preparing files to reimport...^[[39m^[[0m
verify	Importar los recursos del proyecto	2026-10-09T08:45:07.2063023Z [  93% ] ^[[90m^[[1mreimport^[[22m | Preparing files to reimport...^[[39m^[[0m
verify	Importar los recursos del proyecto	2026-10-09T08:45:07.2064022Z [  93% ] ^[[90m^[[1mreimport^[[22m | Preparing files to reimport...^[[39m^[[0m
verify	Importar los recursos del proyecto	2026-10-09T08:45:07.2065175Z [  93% ] ^[[90m^[[1mreimport^[[22m | Preparing files to reimport...^[[39m^[[0m
verify	Importar los recursos del proyecto	2026-10-09T08:45:07.2065800Z [  94% ] ^[[90m^[[1mreimport^[[22m | Preparing files to reimport...^[[39m^[[0m
verify	Importar los recursos del proyecto	2026-10-09T08:45:07.2066805Z [  94% ] ^[[90m^[[1mreimport^[[22m | Preparing files to reimport...^[[39m^[[0m
verify	Importar los recursos del proyecto	2026-10-09T08:45:07.2067539Z [  95% ] ^[[90m^[[1mreimport^[[22m | Preparing files to reimport...^[[39m^[[0m
verify	Importar los recursos del proyecto	2026-10-09T08:45:07.2068535Z [  95% ] ^[[90m^[[1mreimport^[[22m | Preparing files to reimport...^[[39m^[[0m
verify	Importar los recursos del proyecto	2026-10-09T08:45:07.2069279Z [  96% ] ^[[90m^[[1mreimport^[[22m | Preparing files to reimport...^[[39m^[[0m
verify	Importar los recursos del proyecto	2026-10-09T08:45:07.2070277Z [  96% ] ^[[90m^[[1mreimport^[[22m | Preparing files to reimport...^[[39m^[[0m
verify	Importar los recursos del proyecto	2026-10-09T08:45:07.2071018Z [  97% ] ^[[90m^[[1mreimport^[[22m | Preparing files to reimport...^[[39m^[[0m
verify	Importar los recursos del proyecto	2026-10-09T08:45:07.2072079Z [  97% ] ^[[90m^[[1mreimport^[[22m | Preparing files to reimport...^[[39m^[[0m
verify	Importar los recursos del proyecto	2026-10-09T08:45:07.2072958Z [  98% ] ^[[90m^[[1mreimport^[[22m | Preparing files to reimport...^[[39m^[[0m
verify	Importar los recursos del proyecto	2026-10-09T08:45:07.2073933Z [  98% ] ^[[90m^[[1mreimport^[[22m | Preparing files to reimport...^[[39m^[[0m
verify	Importar los recursos del proyecto	2026-10-09T08:45:07.2074959Z [  99% ] ^[[90m^[[1mreimport^[[22m | Preparing files to reimport...^[[39m^[[0m
verify	Importar los recursos del proyecto	2026-10-09T08:45:07.2076396Z [   0% ] ^[[90m^[[1mreimport^[[22m | Executing pre-reimport operations...^[[39m^[[0m
verify	Importar los recursos del proyecto	2026-10-09T08:45:07.2091863Z [   0% ] ^[[90m^[[1mpreload_reimporting_scene^[[22m | Started Preparing scenes for reload (1 steps)^[[39m^[[0m
verify	Importar los recursos del proyecto	2026-10-09T08:45:07.2092150Z [   0% ] ^[[90m^[[1mpreload_reimporting_scene^[[22m | Analyzing scene [empty]^[[39m^[[0m
verify	Importar los recursos del proyecto	2026-10-09T08:45:07.2092537Z [  50% ] ^[[90m^[[1mpreload_reimporting_scene^[[22m | Preparation done.^[[39m^[[0m
verify	Importar los recursos del proyecto	2026-10-09T08:45:07.2092717Z ^[[92m[ DONE ]^[[39m ^[[1mpreload_reimporting_scene^[[22m
verify	Importar los recursos del proyecto	2026-10-09T08:45:07.2092812Z ^[[0m
verify	Importar los recursos del proyecto	2026-10-09T08:45:07.2092974Z [   0% ] ^[[90m^[[1mreimport^[[22m | almacen.exr^[[39m^[[0m
verify	Importar los recursos del proyecto	2026-10-09T08:45:28.5948707Z [   0% ] ^[[90m^[[1mreimport^[[22m | unscii-16.ttf^[[39m^[[0m
verify	Importar los recursos del proyecto	2026-10-09T08:45:28.6140253Z res://assets/ui/manada/unscii-16.ttf: Pixel font detected, disabling subpixel positioning.
verify	Importar los recursos del proyecto	2026-10-09T08:45:28.6140612Z res://assets/ui/manada/unscii-16.ttf: Pixel font detected, disabling hinting.
verify	Importar los recursos del proyecto	2026-10-09T08:45:28.6183921Z [   0% ] ^[[90m^[[1mreimport^[[22m | almacen.exr^[[39m^[[0m
verify	Importar los recursos del proyecto	2026-10-09T08:45:28.6213424Z [   1% ] ^[[90m^[[1mreimport^[[22m | unscii-16.ttf^[[39m^[[0m
verify	Importar los recursos del proyecto	2026-10-09T08:45:28.6464091Z [   1% ] ^[[90m^[[1mreimport^[[22m | almacen.exr^[[39m^[[0m
verify	Importar los recursos del proyecto	2026-10-09T08:45:28.6503764Z [   2% ] ^[[90m^[[1mreimport^[[22m | unscii-16.ttf^[[39m^[[0m
verify	Importar los recursos del proyecto	2026-10-09T08:45:28.6563753Z [   2% ] ^[[90m^[[1mreimport^[[22m | AMB_PROXIMIDAD_Neon.ogg^[[39m^[[0m
verify	Importar los recursos del proyecto	2026-10-09T08:45:28.6664305Z [   3% ] ^[[90m^[[1mreimport^[[22m | MUS_Tema1.ogg^[[39m^[[0m
verify	Importar los recursos del proyecto	2026-10-09T08:45:28.6754349Z [   3% ] ^[[90m^[[1mreimport^[[22m | SEPT_JUEGOS_PROTOTIPO_piso_baseColor.png^[[39m^[[0m
verify	Importar los recursos del proyecto	2026-10-09T08:45:28.6783945Z [   4% ] ^[[90m^[[1mreimport^[[22m | SEPT_JUEGOS_PROTOTIPO_petisas completo.png^[[39m^[[0m
verify	Importar los recursos del proyecto	2026-10-09T08:45:28.6813801Z [   4% ] ^[[90m^[[1mreimport^[[22m | SEPT_JUEGOS_PROTOTIPO_pepito.png^[[39m^[[0m
verify	Importar los recursos del proyecto	2026-10-09T08:45:28.6843853Z [   5% ] ^[[90m^[[1mreimport^[[22m | SEPT_JUEGOS_PROTOTIPO_painted_plaster_wall_diff_1k.jpg^[[39m^[[0m
verify	Importar los recursos del proyecto	2026-10-09T08:45:28.6873551Z [   5% ] ^[[90m^[[1mreimport^[[22m | SEPT_JUEGOS_PROTOTIPO_oremos.png^[[39m^[[0m
verify	Importar los recursos del proyecto	2026-10-09T08:45:28.7000052Z [   6% ] ^[[90m^[[1mreimport^[[22m | SEPT_JUEGOS_PROTOTIPO_oaaaa completo.png^[[39m^[[0m
verify	Importar los recursos del proyecto	2026-10-09T08:45:28.7026865Z [   6% ] ^[[90m^[[1mreimport^[[22m | SEPT_JUEGOS_PROTOTIPO_nota sin texto.png^[[39m^[[0m
verify	Importar los recursos del proyecto	2026-10-09T08:45:28.7053995Z [   6% ] ^[[90m^[[1mreimport^[[22m | SEPT_JUEGOS_PROTOTIPO_nota baja resolución.png^[[39m^[[0m
verify	Importar los recursos del proyecto	2026-10-09T08:45:28.7083674Z [   7% ] ^[[90m^[[1mreimport^[[22m | SEPT_JUEGOS_PROTOTIPO_normal nuevo.png^[[39m^[[0m
verify	Importar los recursos del proyecto	2026-10-09T08:45:28.7123828Z [   7% ] ^[[90m^[[1mreimport^[[22m | SEPT_JUEGOS_PROTOTIPO_mayonchis@300x.png^[[39m^[[0m
verify	Importar los recursos del proyecto	2026-10-09T08:45:28.7153651Z [   8% ] ^[[90m^[[1mreimport^[[22m | SEPT_JUEGOS_PROTOTIPO_Material_59.png^[[39m^[[0m
verify	Importar los recursos del proyecto	2026-10-09T08:45:28.7200529Z [   8% ] ^[[90m^[[1mreimport^[[22m | SEPT_JUEGOS_PROTOTIPO_Material_58.png^[[39m^[[0m
verify	Importar los recursos del proyecto	2026-10-09T08:45:28.7213702Z [   9% ] ^[[90m^[[1mreimport^[[22m | SEPT_JUEGOS_PROTOTIPO_Material_57.png^[[39m^[[0m
verify	Importar los recursos del proyecto	2026-10-09T08:45:28.7273987Z [   9% ] ^[[90m^[[1mreimport^[[22m | SEPT_JUEGOS_PROTOTIPO_placa_acustica_basecolor.png^[[39m^[[0m
verify	Importar los recursos del proyecto	2026-10-09T08:45:28.7334578Z [  10% ] ^[[90m^[[1mreimport^[[22m | SEPT_JUEGOS_PROTOTIPO_porcelana_atlas.png^[[39m^[[0m
verify	Importar los recursos del proyecto	2026-10-09T08:45:28.7383794Z [  10% ] ^[[90m^[[1mreimport^[[22m | SEPT_JUEGOS_PROTOTIPO_progres.png^[[39m^[[0m
verify	Importar los recursos del proyecto	2026-10-09T08:45:28.7413890Z [  11% ] ^[[90m^[[1mreimport^[[22m | SEPT_JUEGOS_PROTOTIPO_puchos.png^[[39m^[[0m
verify	Importar los recursos del proyecto	2026-10-09T08:45:28.7483855Z [  11% ] ^[[90m^[[1mreimport^[[22m | SEPT_JUEGOS_PROTOTIPO_puerta textura.png^[[39m^[[0m
verify	Importar los recursos del proyecto	2026-10-09T08:45:28.7533756Z [  12% ] ^[[90m^[[1mreimport^[[22m | SEPT_JUEGOS_PROTOTIPO_rejilla_bano.png^[[39m^[[0m
verify	Importar los recursos del proyecto	2026-10-09T08:45:28.7674418Z [  12% ] ^[[90m^[[1mreimport^[[22m | SEPT_JUEGOS_PROTOTIPO_reloj.png^[[39m^[[0m
verify	Importar los recursos del proyecto	2026-10-09T08:45:28.7724217Z [  12% ] ^[[90m^[[1mreimport^[[22m | SEPT_JUEGOS_PROTOTIPO_saladick.png^[[39m^[[0m
verify	Importar los recursos del proyecto	2026-10-09T08:45:28.7743862Z [  13% ] ^[[90m^[[1mreimport^[[22m | SEPT_JUEGOS_PROTOTIPO_techo1_baseColor.jpg^[[39m^[[0m
verify	Importar los recursos del proyecto	2026-10-09T08:45:28.7763758Z [  13% ] ^[[90m^[[1mreimport^[[22m | SEPT_JUEGOS_PROTOTIPO_Terminator completo.png^[[39m^[[0m
verify	Importar los recursos del proyecto	2026-10-09T08:45:28.7833856Z [  14% ] ^[[90m^[[1mreimport^[[22m | SEPT_JUEGOS_PROTOTIPO_texto instrucciones limpieza.png^[[39m^[[0m
verify	Importar los recursos del proyecto	2026-10-09T08:45:28.7871042Z [  14% ] ^[[90m^[[1mreimport^[[22m | SEPT_JUEGOS_PROTOTIPO_textura balde.png^[[39m^[[0m
verify	Importar los recursos del proyecto	2026-10-09T08:45:28.7903882Z [  15% ] ^[[90m^[[1mreimport^[[22m | SEPT_JUEGOS_PROTOTIPO_textura caja.png^[[39m^[[0m
verify	Importar los recursos del proyecto	2026-10-09T08:45:28.7953963Z [  15% ] ^[[90m^[[1mreimport^[[22m | SEPT_JUEGOS_PROTOTIPO_deposito_contenedor_tapa_roughness.png^[[39m^[[0m
verify	Importar los recursos del proyecto	2026-10-09T08:45:28.7974048Z [  16% ] ^[[90m^[[1mreimport^[[22m | SEPT_JUEGOS_PROTOTIPO_Don Saturados completo.png^[[39m^[[0m
verify	Importar los recursos del proyecto	2026-10-09T08:45:28.8003861Z [  16% ] ^[[90m^[[1mreimport^[[22m | SEPT_JUEGOS_PROTOTIPO_Durextra completo_1.png^[[39m^[[0m
verify	Importar los recursos del proyecto	2026-10-09T08:45:28.8056535Z [  17% ] ^[[90m^[[1mreimport^[[22m | SEPT_JUEGOS_PROTOTIPO_duronga.png^[[39m^[[0m
verify	Importar los recursos del proyecto	2026-10-09T08:45:28.8093869Z [  17% ] ^[[90m^[[1mreimport^[[22m | SEPT_JUEGOS_PROTOTIPO_exterior_nocturno.png^[[39m^[[0m
verify	Importar los recursos del proyecto	2026-10-09T08:45:28.8113815Z [  18% ] ^[[90m^[[1mreimport^[[22m | SEPT_JUEGOS_PROTOTIPO_fernetgod textura.png^[[39m^[[0m
verify	Importar los recursos del proyecto	2026-10-09T08:45:28.8133802Z [  18% ] ^[[90m^[[1mreimport^[[22m | SEPT_JUEGOS_PROTOTIPO_fideos marolini.png^[[39m^[[0m
verify	Importar los recursos del proyecto	2026-10-09T08:45:28.8173679Z [  18% ] ^[[90m^[[1mreimport^[[22m | SEPT_JUEGOS_PROTOTIPO_flim pof completo.png^[[39m^[[0m
verify	Importar los recursos del proyecto	2026-10-09T08:45:28.8354374Z [  19% ] ^[[90m^[[1mreimport^[[22m | SEPT_JUEGOS_PROTOTIPO_frot lups.png^[[39m^[[0m
verify	Importar los recursos del proyecto	2026-10-09T08:45:28.8363833Z [  19% ] ^[[90m^[[1mreimport^[[22m | SEPT_JUEGOS_PROTOTIPO_gondola_chapa_blanca_512_basecolor.png^[[39m^[[0m
verify	Importar los recursos del proyecto	2026-10-09T08:45:28.8383536Z [  20% ] ^[[90m^[[1mreimport^[[22m | SEPT_JUEGOS_PROTOTIPO_gondola_panel_blanca_1024_basecolor.png^[[39m^[[0m
verify	Importar los recursos del proyecto	2026-10-09T08:45:28.8443578Z [  20% ] ^[[90m^[[1mreimport^[[22m | SEPT_JUEGOS_PROTOTIPO_gondola_portaprecio_basecolor.png^[[39m^[[0m
verify	Importar los recursos del proyecto	2026-10-09T08:45:28.8444395Z [  21% ] ^[[90m^[[1mreimport^[[22m | SEPT_JUEGOS_PROTOTIPO_Guía de jabones y manchas copy.png^[[39m^[[0m
verify	Importar los recursos del proyecto	2026-10-09T08:45:28.8473948Z [  21% ] ^[[90m^[[1mreimport^[[22m | SEPT_JUEGOS_PROTOTIPO_interior_tiles_diff_1k.jpg^[[39m^[[0m
verify	Importar los recursos del proyecto	2026-10-09T08:45:28.8483654Z [  22% ] ^[[90m^[[1mreimport^[[22m | SEPT_JUEGOS_PROTOTIPO_jabón liquido.png^[[39m^[[0m
verify	Importar los recursos del proyecto	2026-10-09T08:45:28.8484275Z [  22% ] ^[[90m^[[1mreimport^[[22m | SEPT_JUEGOS_PROTOTIPO_jorgillata.png^[[39m^[[0m
verify	Importar los recursos del proyecto	2026-10-09T08:45:28.8513675Z [  23% ] ^[[90m^[[1mreimport^[[22m | SEPT_JUEGOS_PROTOTIPO_Lay´snt´t completo_1.png^[[39m^[[0m
verify	Importar los recursos del proyecto	2026-10-09T08:45:28.8543749Z [  23% ] ^[[90m^[[1mreimport^[[22m | SEPT_JUEGOS_PROTOTIPO_LIMPIEZA ETIQUETA (1).png^[[39m^[[0m
verify	Importar los recursos del proyecto	2026-10-09T08:45:28.8563749Z [  24% ] ^[[90m^[[1mreimport^[[22m | SEPT_JUEGOS_PROTOTIPO_LIMPIEZA ETIQUETA (2).png^[[39m^[[0m
verify	Importar los recursos del proyecto	2026-10-09T08:45:28.8573727Z [  24% ] ^[[90m^[[1mreimport^[[22m | SEPT_JUEGOS_PROTOTIPO_LIMPIEZA ETIQUETA (3).png^[[39m^[[0m
verify	Importar los recursos del proyecto	2026-10-09T08:45:28.8583601Z [  25% ] ^[[90m^[[1mreimport^[[22m | SEPT_JUEGOS_PROTOTIPO_macumbas completo.png^[[39m^[[0m
verify	Importar los recursos del proyecto	2026-10-09T08:45:28.8683670Z [  25% ] ^[[90m^[[1mreimport^[[22m | SEPT_JUEGOS_PROTOTIPO_Material.png^[[39m^[[0m
verify	Importar los recursos del proyecto	2026-10-09T08:45:28.8743875Z [  25% ] ^[[90m^[[1mreimport^[[22m | SEPT_JUEGOS_PROTOTIPO_Material_6.png^[[39m^[[0m
verify	Importar los recursos del proyecto	2026-10-09T08:45:28.9504410Z [  26% ] ^[[90m^[[1mreimport^[[22m | SEPT_JUEGOS_PROTOTIPO_Material_54.png^[[39m^[[0m
verify	Importar los recursos del proyecto	2026-10-09T08:45:28.9533737Z [  26% ] ^[[90m^[[1mreimport^[[22m | SEPT_JUEGOS_PROTOTIPO_Material_55.png^[[39m^[[0m
verify	Importar los recursos del proyecto	2026-10-09T08:45:28.9553499Z [  27% ] ^[[90m^[[1mreimport^[[22m | SEPT_JUEGOS_PROTOTIPO_Material_56.png^[[39m^[[0m
verify	Importar los recursos del proyecto	2026-10-09T08:45:29.0134569Z [  27% ] ^[[90m^[[1mreimport^[[22m | fondo_inicio.png^[[39m^[[0m
verify	Importar los recursos del proyecto	2026-10-09T08:45:29.0153995Z [  28% ] ^[[90m^[[1mreimport^[[22m | frotlups.png^[[39m^[[0m
verify	Importar los recursos del proyecto	2026-10-09T08:45:29.0844255Z [  28% ] ^[[90m^[[1mreimport^[[22m | jorgillo.png^[[39m^[[0m
verify	Importar los recursos del proyecto	2026-10-09T08:45:29.0873178Z [  29% ] ^[[90m^[[1mreimport^[[22m | laysntt.png^[[39m^[[0m
verify	Importar los recursos del proyecto	2026-10-09T08:45:29.1354470Z [  29% ] ^[[90m^[[1mreimport^[[22m | linea_detalle.svg^[[39m^[[0m
verify	Importar los recursos del proyecto	2026-10-09T08:45:29.1388432Z [  30% ] ^[[90m^[[1mreimport^[[22m | macumbas.png^[[39m^[[0m
verify	Importar los recursos del proyecto	2026-10-09T08:45:29.1434162Z [  30% ] ^[[90m^[[1mreimport^[[22m | malbardo.png^[[39m^[[0m
verify	Importar los recursos del proyecto	2026-10-09T08:45:29.1503996Z [  31% ] ^[[90m^[[1mreimport^[[22m | marolini.png^[[39m^[[0m
verify	Importar los recursos del proyecto	2026-10-09T08:45:29.2084371Z [  31% ] ^[[90m^[[1mreimport^[[22m | marranos.png^[[39m^[[0m
verify	Importar los recursos del proyecto	2026-10-09T08:45:29.2294265Z [  31% ] ^[[90m^[[1mreimport^[[22m | mayonchis.png^[[39m^[[0m
verify	Importar los recursos del proyecto	2026-10-09T08:45:29.2834206Z [  32% ] ^[[90m^[[1mreimport^[[22m | notificacion_cliente.svg^[[39m^[[0m
verify	Importar los recursos del proyecto	2026-10-09T08:45:29.2941176Z [  32% ] ^[[90m^[[1mreimport^[[22m | notificacion_lectura.svg^[[39m^[[0m
verify	Importar los recursos del proyecto	2026-10-09T08:45:29.3447769Z [  33% ] ^[[90m^[[1mreimport^[[22m | oaaaa.png^[[39m^[[0m
verify	Importar los recursos del proyecto	2026-10-09T08:45:29.3473939Z [  33% ] ^[[90m^[[1mreimport^[[22m | oremos.png^[[39m^[[0m
verify	Importar los recursos del proyecto	2026-10-09T08:45:29.3619005Z [  34% ] ^[[90m^[[1mreimport^[[22m | pepitos.png^[[39m^[[0m
verify	Importar los recursos del proyecto	2026-10-09T08:45:29.3662161Z [  34% ] ^[[90m^[[1mreimport^[[22m | petisas.png^[[39m^[[0m
verify	Importar los recursos del proyecto	2026-10-09T08:45:29.4204136Z [  35% ] ^[[90m^[[1mreimport^[[22m | prongles.png^[[39m^[[0m
verify	Importar los recursos del proyecto	2026-10-09T08:45:29.4293916Z [  35% ] ^[[90m^[[1mreimport^[[22m | puntos_de_carga.svg^[[39m^[[0m
verify	Importar los recursos del proyecto	2026-10-09T08:45:29.4354098Z [  36% ] ^[[90m^[[1mreimport^[[22m | registro.svg^[[39m^[[0m
verify	Importar los recursos del proyecto	2026-10-09T08:45:29.4914441Z [  36% ] ^[[90m^[[1mreimport^[[22m | saladik.png^[[39m^[[0m
verify	Importar los recursos del proyecto	2026-10-09T08:45:29.4944535Z [  37% ] ^[[90m^[[1mreimport^[[22m | solapa.svg^[[39m^[[0m
verify	Importar los recursos del proyecto	2026-10-09T08:45:29.5064161Z [  37% ] ^[[90m^[[1mreimport^[[22m | terminator.png^[[39m^[[0m
verify	Importar los recursos del proyecto	2026-10-09T08:45:29.5154236Z [  37% ] ^[[90m^[[1mreimport^[[22m | titulo_inicio.png^[[39m^[[0m
verify	Importar los recursos del proyecto	2026-10-09T08:45:29.5183924Z [  38% ] ^[[90m^[[1mreimport^[[22m | uakas.png^[[39m^[[0m
verify	Importar los recursos del proyecto	2026-10-09T08:45:29.5254209Z [  38% ] ^[[90m^[[1mreimport^[[22m | zucarachas.png^[[39m^[[0m
verify	Importar los recursos del proyecto	2026-10-09T08:45:29.5334193Z [  39% ] ^[[90m^[[1mreimport^[[22m | icon.svg^[[39m^[[0m
verify	Importar los recursos del proyecto	2026-10-09T08:45:29.5364275Z [  39% ] ^[[90m^[[1mreimport^[[22m | SEPT_JUEGOS_PROTOTIPO_textura mopa.png^[[39m^[[0m
verify	Importar los recursos del proyecto	2026-10-09T08:45:29.5394069Z [  40% ] ^[[90m^[[1mreimport^[[22m | SEPT_JUEGOS_PROTOTIPO_textura portón.png^[[39m^[[0m
verify	Importar los recursos del proyecto	2026-10-09T08:45:29.5434153Z [  40% ] ^[[90m^[[1mreimport^[[22m | SEPT_JUEGOS_PROTOTIPO_textura poético.png^[[39m^[[0m
verify	Importar los recursos del proyecto	2026-10-09T08:45:29.5453934Z [  41% ] ^[[90m^[[1mreimport^[[22m | SEPT_JUEGOS_PROTOTIPO_textura.png^[[39m^[[0m
verify	Importar los recursos del proyecto	2026-10-09T08:45:29.5493601Z [  41% ] ^[[90m^[[1mreimport^[[22m | SEPT_JUEGOS_PROTOTIPO_wakasfideos.png^[[39m^[[0m
verify	Importar los recursos del proyecto	2026-10-09T08:45:29.5523463Z [  42% ] ^[[90m^[[1mreimport^[[22m | SEPT_JUEGOS_PROTOTIPO_Wood_02-128x128.png^[[39m^[[0m
verify	Importar los recursos del proyecto	2026-10-09T08:45:29.6060235Z [  42% ] ^[[90m^[[1mreimport^[[22m | SEPT_JUEGOS_PROTOTIPO_Wood_09-128x128.png^[[39m^[[0m
verify	Importar los recursos del proyecto	2026-10-09T08:45:29.6104185Z [  43% ] ^[[90m^[[1mreimport^[[22m | SEPT_JUEGOS_PROTOTIPO_Wood_10-128x128.png^[[39m^[[0m
verify	Importar los recursos del proyecto	2026-10-09T08:45:29.6133972Z [  43% ] ^[[90m^[[1mreimport^[[22m | SEPT_JUEGOS_PROTOTIPO_Zucarachas completo_1.png^[[39m^[[0m
verify	Importar los recursos del proyecto	2026-10-09T08:45:29.6223822Z [  43% ] ^[[90m^[[1mreimport^[[22m | actroncito.png^[[39m^[[0m
verify	Importar los recursos del proyecto	2026-10-09T08:45:29.6698982Z [  44% ] ^[[90m^[[1mreimport^[[22m | amargadito.png^[[39m^[[0m
verify	Importar los recursos del proyecto	2026-10-09T08:45:29.6764258Z [  44% ] ^[[90m^[[1mreimport^[[22m | arvejas.png^[[39m^[[0m
verify	Importar los recursos del proyecto	2026-10-09T08:45:29.6844027Z [  45% ] ^[[90m^[[1mreimport^[[22m | burbaloo.png^[[39m^[[0m
verify	Importar los recursos del proyecto	2026-10-09T08:45:29.6873619Z [  45% ] ^[[90m^[[1mreimport^[[22m | cabecera.svg^[[39m^[[0m
verify	Importar los recursos del proyecto	2026-10-09T08:45:29.7354205Z [  46% ] ^[[90m^[[1mreimport^[[22m | chisitos.png^[[39m^[[0m
verify	Importar los recursos del proyecto	2026-10-09T08:45:29.7474129Z [  46% ] ^[[90m^[[1mreimport^[[22m | cindolor.png^[[39m^[[0m
verify	Importar los recursos del proyecto	2026-10-09T08:45:29.7503718Z [  47% ] ^[[90m^[[1mreimport^[[22m | computadora.svg^[[39m^[[0m
verify	Importar los recursos del proyecto	2026-10-09T08:45:29.8024359Z [  47% ] ^[[90m^[[1mreimport^[[22m | coracola.png^[[39m^[[0m
verify	Importar los recursos del proyecto	2026-10-09T08:45:29.8164180Z [  48% ] ^[[90m^[[1mreimport^[[22m | cosa_de_mani.png^[[39m^[[0m
verify	Importar los recursos del proyecto	2026-10-09T08:45:29.8223696Z [  48% ] ^[[90m^[[1mreimport^[[22m | donsaturados.png^[[39m^[[0m
verify	Importar los recursos del proyecto	2026-10-09T08:45:29.8584000Z [  49% ] ^[[90m^[[1mreimport^[[22m | durextra.png^[[39m^[[0m
verify	Importar los recursos del proyecto	2026-10-09T08:45:29.8794272Z [  49% ] ^[[90m^[[1mreimport^[[22m | duronga.png^[[39m^[[0m
verify	Importar los recursos del proyecto	2026-10-09T08:45:29.9454127Z [  50% ] ^[[90m^[[1mreimport^[[22m | feel_ricky_fort.png^[[39m^[[0m
verify	Importar los recursos del proyecto	2026-10-09T08:45:29.9604136Z [  50% ] ^[[90m^[[1mreimport^[[22m | fernet_god.png^[[39m^[[0m
verify	Importar los recursos del proyecto	2026-10-09T08:45:30.0294171Z [  50% ] ^[[90m^[[1mreimport^[[22m | flinpuf.png^[[39m^[[0m
verify	Importar los recursos del proyecto	2026-10-09T08:45:30.0444000Z [  51% ] ^[[90m^[[1mreimport^[[22m | fondo.png^[[39m^[[0m
verify	Importar los recursos del proyecto	2026-10-09T08:45:30.1104207Z [  51% ] ^[[90m^[[1mreimport^[[22m | flinpuf.png^[[39m^[[0m
verify	Importar los recursos del proyecto	2026-10-09T08:45:30.1253886Z [  52% ] ^[[90m^[[1mreimport^[[22m | frotlups.png^[[39m^[[0m
verify	Importar los recursos del proyecto	2026-10-09T08:45:30.1927006Z [  52% ] ^[[90m^[[1mreimport^[[22m | jorgillo.png^[[39m^[[0m
verify	Importar los recursos del proyecto	2026-10-09T08:45:30.2084464Z [  53% ] ^[[90m^[[1mreimport^[[22m | laysntt.png^[[39m^[[0m
verify	Importar los recursos del proyecto	2026-10-09T08:45:30.2794482Z [  53% ] ^[[90m^[[1mreimport^[[22m | macumbas.png^[[39m^[[0m
verify	Importar los recursos del proyecto	2026-10-09T08:45:30.2893366Z [  54% ] ^[[90m^[[1mreimport^[[22m | mayonchis.png^[[39m^[[0m
verify	Importar los recursos del proyecto	2026-10-09T08:45:30.3111289Z [  54% ] ^[[90m^[[1mreimport^[[22m | oaaaa.png^[[39m^[[0m
verify	Importar los recursos del proyecto	2026-10-09T08:45:30.3264297Z [  55% ] ^[[90m^[[1mreimport^[[22m | petisas.png^[[39m^[[0m
verify	Importar los recursos del proyecto	2026-10-09T08:45:30.3624594Z [  55% ] ^[[90m^[[1mreimport^[[22m | terminator.png^[[39m^[[0m
verify	Importar los recursos del proyecto	2026-10-09T08:45:30.3692856Z [  56% ] ^[[90m^[[1mreimport^[[22m | zucarachas.png^[[39m^[[0m
verify	Importar los recursos del proyecto	2026-10-09T08:45:30.3809836Z [  56% ] ^[[90m^[[1mreimport^[[22m | canopy_without_lamp.png^[[39m^[[0m
verify	Importar los recursos del proyecto	2026-10-09T08:45:30.3885939Z [  56% ] ^[[90m^[[1mreimport^[[22m | estacion_fondo_sin_objetos.png^[[39m^[[0m
verify	Importar los recursos del proyecto	2026-10-09T08:45:30.3953252Z [  57% ] ^[[90m^[[1mreimport^[[22m | estacion_panoramica_gemini.jpg^[[39m^[[0m
verify	Importar los recursos del proyecto	2026-10-09T08:45:30.3982832Z [  57% ] ^[[90m^[[1mreimport^[[22m | vidrio_marcas.png^[[39m^[[0m
verify	Importar los recursos del proyecto	2026-10-09T08:45:30.4014528Z [  58% ] ^[[90m^[[1mreimport^[[22m | SEPT_JUEGOS_PROTOTIPO_Actroncito completo.png^[[39m^[[0m
verify	Importar los recursos del proyecto	2026-10-09T08:45:30.4039374Z [  58% ] ^[[90m^[[1mreimport^[[22m | SEPT_JUEGOS_PROTOTIPO_amargadito completo.png^[[39m^[[0m
verify	Importar los recursos del proyecto	2026-10-09T08:45:30.4063755Z [  59% ] ^[[90m^[[1mreimport^[[22m | SEPT_JUEGOS_PROTOTIPO_arvecor.png^[[39m^[[0m
verify	Importar los recursos del proyecto	2026-10-09T08:45:30.4064244Z [  59% ] ^[[90m^[[1mreimport^[[22m | touch-button.png^[[39m^[[0m
verify	Importar los recursos del proyecto	2026-10-09T08:45:30.4064607Z [  60% ] ^[[90m^[[1mreimport^[[22m | logo.png^[[39m^[[0m
verify	Importar los recursos del proyecto	2026-10-09T08:45:30.4064976Z [  60% ] ^[[90m^[[1mreimport^[[22m | border_bottom.png^[[39m^[[0m
verify	Importar los recursos del proyecto	2026-10-09T08:45:30.4143698Z [  61% ] ^[[90m^[[1mreimport^[[22m | border_top.png^[[39m^[[0m
verify	Importar los recursos del proyecto	2026-10-09T08:45:30.4914421Z [  61% ] ^[[90m^[[1mreimport^[[22m | dot1.png^[[39m^[[0m
verify	Importar los recursos del proyecto	2026-10-09T08:45:30.4943890Z [  62% ] ^[[90m^[[1mreimport^[[22m | dot2.png^[[39m^[[0m
verify	Importar los recursos del proyecto	2026-10-09T08:45:30.5023930Z [  62% ] ^[[90m^[[1mreimport^[[22m | embedded.png^[[39m^[[0m
verify	Importar los recursos del proyecto	2026-10-09T08:45:30.5744448Z [  62% ] ^[[90m^[[1mreimport^[[22m | horizontal-line2.png^[[39m^[[0m
verify	Importar los recursos del proyecto	2026-10-09T08:45:30.5784260Z [  63% ] ^[[90m^[[1mreimport^[[22m | actroncito.png^[[39m^[[0m
verify	Importar los recursos del proyecto	2026-10-09T08:45:30.5873783Z [  63% ] ^[[90m^[[1mreimport^[[22m | amargadito.png^[[39m^[[0m
verify	Importar los recursos del proyecto	2026-10-09T08:45:30.6383855Z [  64% ] ^[[90m^[[1mreimport^[[22m | burbaloo.png^[[39m^[[0m
verify	Importar los recursos del proyecto	2026-10-09T08:45:30.6594278Z [  64% ] ^[[90m^[[1mreimport^[[22m | cindolor.png^[[39m^[[0m
verify	Importar los recursos del proyecto	2026-10-09T08:45:30.6623909Z [  65% ] ^[[90m^[[1mreimport^[[22m | cosa_de_mani.png^[[39m^[[0m
verify	Importar los recursos del proyecto	2026-10-09T08:45:30.6713629Z [  65% ] ^[[90m^[[1mreimport^[[22m | donsaturados.png^[[39m^[[0m
verify	Importar los recursos del proyecto	2026-10-09T08:45:30.6769686Z [  66% ] ^[[90m^[[1mreimport^[[22m | durextra.png^[[39m^[[0m
verify	Importar los recursos del proyecto	2026-10-09T08:45:30.6839691Z [  66% ] ^[[90m^[[1mreimport^[[22m | duronga.png^[[39m^[[0m
verify	Importar los recursos del proyecto	2026-10-09T08:45:30.6873674Z [  67% ] ^[[90m^[[1mreimport^[[22m | fernet_god.png^[[39m^[[0m
verify	Importar los recursos del proyecto	2026-10-09T08:45:30.6923572Z [  67% ] ^[[90m^[[1mreimport^[[22m | SEPT_JUEGOS_PROTOTIPO_cindolor completo.png^[[39m^[[0m
verify	Importar los recursos del proyecto	2026-10-09T08:45:30.6983665Z [  68% ] ^[[90m^[[1mreimport^[[22m | SEPT_JUEGOS_PROTOTIPO_compu normals.png^[[39m^[[0m
verify	Importar los recursos del proyecto	2026-10-09T08:45:30.7043928Z [  68% ] ^[[90m^[[1mreimport^[[22m | SEPT_JUEGOS_PROTOTIPO_concrete_floor_worn_001_rough_1k.png^[[39m^[[0m
verify	Importar los recursos del proyecto	2026-10-09T08:45:30.7123837Z [  68% ] ^[[90m^[[1mreimport^[[22m | SEPT_JUEGOS_PROTOTIPO_concreto2_baseColor.png^[[39m^[[0m
verify	Importar los recursos del proyecto	2026-10-09T08:45:30.7204372Z [  69% ] ^[[90m^[[1mreimport^[[22m | SEPT_JUEGOS_PROTOTIPO_cora cola.png^[[39m^[[0m
verify	Importar los recursos del proyecto	2026-10-09T08:45:30.7263937Z [  69% ] ^[[90m^[[1mreimport^[[22m | SEPT_JUEGOS_PROTOTIPO_corrugated_iron_02_diff_1k.jpg^[[39m^[[0m
verify	Importar los recursos del proyecto	2026-10-09T08:45:30.7264784Z [  70% ] ^[[90m^[[1mreimport^[[22m | SEPT_JUEGOS_PROTOTIPO_corrugated_iron_02_metal_1k-corrugated_iron_02_rough_1k.png^[[39m^[[0m
verify	Importar los recursos del proyecto	2026-10-09T08:45:30.7265528Z [  70% ] ^[[90m^[[1mreimport^[[22m | SEPT_JUEGOS_PROTOTIPO_corrugated_iron_02_nor_gl_1k.png^[[39m^[[0m
verify	Importar los recursos del proyecto	2026-10-09T08:45:30.7283984Z [  71% ] ^[[90m^[[1mreimport^[[22m | SEPT_JUEGOS_PROTOTIPO_cosa de mani interno.png^[[39m^[[0m
verify	Importar los recursos del proyecto	2026-10-09T08:45:30.7313829Z [  71% ] ^[[90m^[[1mreimport^[[22m | SEPT_JUEGOS_PROTOTIPO_deposito_concreto_color.png^[[39m^[[0m
verify	Importar los recursos del proyecto	2026-10-09T08:45:30.7337931Z [  72% ] ^[[90m^[[1mreimport^[[22m | SEPT_JUEGOS_PROTOTIPO_deposito_concreto_normal.png^[[39m^[[0m
verify	Importar los recursos del proyecto	2026-10-09T08:45:30.7363672Z [  72% ] ^[[90m^[[1mreimport^[[22m | SEPT_JUEGOS_PROTOTIPO_deposito_contenedor_cuerpo_color.png^[[39m^[[0m
verify	Importar los recursos del proyecto	2026-10-09T08:45:30.7396132Z [  73% ] ^[[90m^[[1mreimport^[[22m | SEPT_JUEGOS_PROTOTIPO_deposito_contenedor_cuerpo_normal.png^[[39m^[[0m
verify	Importar los recursos del proyecto	2026-10-09T08:45:30.7433598Z [  73% ] ^[[90m^[[1mreimport^[[22m | SEPT_JUEGOS_PROTOTIPO_deposito_contenedor_cuerpo_roughness.png^[[39m^[[0m
verify	Importar los recursos del proyecto	2026-10-09T08:45:30.7463517Z [  74% ] ^[[90m^[[1mreimport^[[22m | SEPT_JUEGOS_PROTOTIPO_deposito_contenedor_ruedas_normal.png^[[39m^[[0m
verify	Importar los recursos del proyecto	2026-10-09T08:45:30.7573952Z [  74% ] ^[[90m^[[1mreimport^[[22m | SEPT_JUEGOS_PROTOTIPO_deposito_contenedor_tapa_color.png^[[39m^[[0m
verify	Importar los recursos del proyecto	2026-10-09T08:45:30.7614483Z [  75% ] ^[[90m^[[1mreimport^[[22m | SEPT_JUEGOS_PROTOTIPO_deposito_contenedor_tapa_normal.png^[[39m^[[0m
verify	Importar los recursos del proyecto	2026-10-09T08:45:30.7673895Z [  75% ] ^[[90m^[[1mreimport^[[22m | SEPT_JUEGOS_PROTOTIPO_atun marranos.png^[[39m^[[0m
verify	Importar los recursos del proyecto	2026-10-09T08:45:30.7744149Z [  75% ] ^[[90m^[[1mreimport^[[22m | SEPT_JUEGOS_PROTOTIPO_bano_ivory_oscuro_color.png^[[39m^[[0m
verify	Importar los recursos del proyecto	2026-10-09T08:45:30.7804111Z [  76% ] ^[[90m^[[1mreimport^[[22m | SEPT_JUEGOS_PROTOTIPO_bano_ivory_oscuro_normal.png^[[39m^[[0m
verify	Importar los recursos del proyecto	2026-10-09T08:45:30.7833696Z [  76% ] ^[[90m^[[1mreimport^[[22m | SEPT_JUEGOS_PROTOTIPO_bano_ivory_oscuro_orm.png^[[39m^[[0m
verify	Importar los recursos del proyecto	2026-10-09T08:45:30.7913987Z [  77% ] ^[[90m^[[1mreimport^[[22m | SEPT_JUEGOS_PROTOTIPO_bano_piso_gris.png^[[39m^[[0m
verify	Importar los recursos del proyecto	2026-10-09T08:45:30.7993792Z [  77% ] ^[[90m^[[1mreimport^[[22m | SEPT_JUEGOS_PROTOTIPO_Bricks066_1K-JPG_Color.jpg^[[39m^[[0m
verify	Importar los recursos del proyecto	2026-10-09T08:45:30.8051624Z [  78% ] ^[[90m^[[1mreimport^[[22m | SEPT_JUEGOS_PROTOTIPO_Bricks066_1K-JPG_NormalGL.jpg^[[39m^[[0m
verify	Importar los recursos del proyecto	2026-10-09T08:45:30.8134415Z [  78% ] ^[[90m^[[1mreimport^[[22m | SEPT_JUEGOS_PROTOTIPO_Bricks066_1K-JPG_Roughness.png^[[39m^[[0m
verify	Importar los recursos del proyecto	2026-10-09T08:45:30.8142470Z [  79% ] ^[[90m^[[1mreimport^[[22m | SEPT_JUEGOS_PROTOTIPO_cielorraso_sin_luces.png^[[39m^[[0m
verify	Importar los recursos del proyecto	2026-10-09T08:45:30.8183622Z [  79% ] ^[[90m^[[1mreimport^[[22m | SEPT_JUEGOS_PROTOTIPO_cielorraso_placas.png^[[39m^[[0m
verify	Importar los recursos del proyecto	2026-10-09T08:45:30.8283718Z [  80% ] ^[[90m^[[1mreimport^[[22m | SEPT_JUEGOS_PROTOTIPO_cielorraso_emision.png^[[39m^[[0m
verify	Importar los recursos del proyecto	2026-10-09T08:45:30.8422017Z [  80% ] ^[[90m^[[1mreimport^[[22m | SEPT_JUEGOS_PROTOTIPO_chisito.png^[[39m^[[0m
verify	Importar los recursos del proyecto	2026-10-09T08:45:30.8543734Z [  81% ] ^[[90m^[[1mreimport^[[22m | SEPT_JUEGOS_PROTOTIPO_cereal textura.png^[[39m^[[0m
verify	Importar los recursos del proyecto	2026-10-09T08:45:30.9891264Z [  81% ] ^[[90m^[[1mreimport^[[22m | almacen.exr^[[39m^[[0m
verify	Importar los recursos del proyecto	2026-10-09T08:45:31.1064492Z [  81% ] ^[[90m^[[1mreimport^[[22m | unscii-16.ttf^[[39m^[[0m
verify	Importar los recursos del proyecto	2026-10-09T08:45:31.1074067Z [  82% ] ^[[90m^[[1mreimport^[[22m | AMB_PROXIMIDAD_Neon.ogg^[[39m^[[0m
verify	Importar los recursos del proyecto	2026-10-09T08:45:31.2064795Z [  82% ] ^[[90m^[[1mreimport^[[22m | MUS_Tema1.ogg^[[39m^[[0m
verify	Importar los recursos del proyecto	2026-10-09T08:45:31.2065230Z [  83% ] ^[[90m^[[1mreimport^[[22m | SEPT_JUEGOS_PROTOTIPO_piso_baseColor.png^[[39m^[[0m
verify	Importar los recursos del proyecto	2026-10-09T08:45:31.2065558Z [  83% ] ^[[90m^[[1mreimport^[[22m | SEPT_JUEGOS_PROTOTIPO_petisas completo.png^[[39m^[[0m
verify	Importar los recursos del proyecto	2026-10-09T08:45:31.2066090Z [  84% ] ^[[90m^[[1mreimport^[[22m | SEPT_JUEGOS_PROTOTIPO_pepito.png^[[39m^[[0m
verify	Importar los recursos del proyecto	2026-10-09T08:45:31.3054946Z [  84% ] ^[[90m^[[1mreimport^[[22m | SEPT_JUEGOS_PROTOTIPO_painted_plaster_wall_diff_1k.jpg^[[39m^[[0m
verify	Importar los recursos del proyecto	2026-10-09T08:45:31.3074000Z [  85% ] ^[[90m^[[1mreimport^[[22m | SEPT_JUEGOS_PROTOTIPO_oremos.png^[[39m^[[0m
verify	Importar los recursos del proyecto	2026-10-09T08:45:31.3230648Z [  85% ] ^[[90m^[[1mreimport^[[22m | SEPT_JUEGOS_PROTOTIPO_oaaaa completo.png^[[39m^[[0m
verify	Importar los recursos del proyecto	2026-10-09T08:45:31.4136576Z [  86% ] ^[[90m^[[1mreimport^[[22m | SEPT_JUEGOS_PROTOTIPO_nota sin texto.png^[[39m^[[0m
verify	Importar los recursos del proyecto	2026-10-09T08:45:31.4143971Z [  86% ] ^[[90m^[[1mreimport^[[22m | SEPT_JUEGOS_PROTOTIPO_nota baja resolución.png^[[39m^[[0m
verify	Importar los recursos del proyecto	2026-10-09T08:45:31.4155168Z [  87% ] ^[[90m^[[1mreimport^[[22m | SEPT_JUEGOS_PROTOTIPO_normal nuevo.png^[[39m^[[0m
verify	Importar los recursos del proyecto	2026-10-09T08:45:31.5332453Z [  87% ] ^[[90m^[[1mreimport^[[22m | SEPT_JUEGOS_PROTOTIPO_mayonchis@300x.png^[[39m^[[0m
verify	Importar los recursos del proyecto	2026-10-09T08:45:31.5332862Z [  87% ] ^[[90m^[[1mreimport^[[22m | SEPT_JUEGOS_PROTOTIPO_Material_59.png^[[39m^[[0m
verify	Importar los recursos del proyecto	2026-10-09T08:45:31.5336543Z [  88% ] ^[[90m^[[1mreimport^[[22m | SEPT_JUEGOS_PROTOTIPO_Material_58.png^[[39m^[[0m
verify	Importar los recursos del proyecto	2026-10-09T08:45:31.6433982Z [  88% ] ^[[90m^[[1mreimport^[[22m | SEPT_JUEGOS_PROTOTIPO_Material_57.png^[[39m^[[0m
verify	Importar los recursos del proyecto	2026-10-09T08:45:31.6434965Z [  89% ] ^[[90m^[[1mreimport^[[22m | SEPT_JUEGOS_PROTOTIPO_placa_acustica_basecolor.png^[[39m^[[0m
verify	Importar los recursos del proyecto	2026-10-09T08:45:31.6435934Z [  89% ] ^[[90m^[[1mreimport^[[22m | SEPT_JUEGOS_PROTOTIPO_porcelana_atlas.png^[[39m^[[0m
verify	Importar los recursos del proyecto	2026-10-09T08:45:31.7525445Z [  90% ] ^[[90m^[[1mreimport^[[22m | SEPT_JUEGOS_PROTOTIPO_progres.png^[[39m^[[0m
verify	Importar los recursos del proyecto	2026-10-09T08:45:31.7526330Z [  90% ] ^[[90m^[[1mreimport^[[22m | SEPT_JUEGOS_PROTOTIPO_puchos.png^[[39m^[[0m
verify	Importar los recursos del proyecto	2026-10-09T08:45:31.7527128Z [  91% ] ^[[90m^[[1mreimport^[[22m | SEPT_JUEGOS_PROTOTIPO_puerta textura.png^[[39m^[[0m
verify	Importar los recursos del proyecto	2026-10-09T08:45:31.8627256Z [  91% ] ^[[90m^[[1mreimport^[[22m | SEPT_JUEGOS_PROTOTIPO_rejilla_bano.png^[[39m^[[0m
verify	Importar los recursos del proyecto	2026-10-09T08:45:31.8628853Z [  92% ] ^[[90m^[[1mreimport^[[22m | SEPT_JUEGOS_PROTOTIPO_reloj.png^[[39m^[[0m
verify	Importar los recursos del proyecto	2026-10-09T08:45:31.8629484Z [  92% ] ^[[90m^[[1mreimport^[[22m | SEPT_JUEGOS_PROTOTIPO_saladick.png^[[39m^[[0m
verify	Importar los recursos del proyecto	2026-10-09T08:45:31.8632907Z [  93% ] ^[[90m^[[1mreimport^[[22m | SEPT_JUEGOS_PROTOTIPO_techo1_baseColor.jpg^[[39m^[[0m
verify	Importar los recursos del proyecto	2026-10-09T08:45:31.9705663Z [  93% ] ^[[90m^[[1mreimport^[[22m | SEPT_JUEGOS_PROTOTIPO_Terminator completo.png^[[39m^[[0m
verify	Importar los recursos del proyecto	2026-10-09T08:45:31.9720915Z [  93% ] ^[[90m^[[1mreimport^[[22m | SEPT_JUEGOS_PROTOTIPO_texto instrucciones limpieza.png^[[39m^[[0m
verify	Importar los recursos del proyecto	2026-10-09T08:45:31.9721543Z [  94% ] ^[[90m^[[1mreimport^[[22m | SEPT_JUEGOS_PROTOTIPO_textura balde.png^[[39m^[[0m
verify	Importar los recursos del proyecto	2026-10-09T08:45:31.9727822Z [  94% ] ^[[90m^[[1mreimport^[[22m | SEPT_JUEGOS_PROTOTIPO_textura caja.png^[[39m^[[0m
verify	Importar los recursos del proyecto	2026-10-09T08:45:32.0797783Z [  95% ] ^[[90m^[[1mreimport^[[22m | SEPT_JUEGOS_PROTOTIPO_deposito_contenedor_tapa_roughness.png^[[39m^[[0m
verify	Importar los recursos del proyecto	2026-10-09T08:45:32.0822560Z [  95% ] ^[[90m^[[1mreimport^[[22m | SEPT_JUEGOS_PROTOTIPO_Don Saturados completo.png^[[39m^[[0m
verify	Importar los recursos del proyecto	2026-10-09T08:45:32.0823488Z [  96% ] ^[[90m^[[1mreimport^[[22m | SEPT_JUEGOS_PROTOTIPO_Durextra completo_1.png^[[39m^[[0m
verify	Importar los recursos del proyecto	2026-10-09T08:45:32.1914223Z [  96% ] ^[[90m^[[1mreimport^[[22m | SEPT_JUEGOS_PROTOTIPO_duronga.png^[[39m^[[0m
verify	Importar los recursos del proyecto	2026-10-09T08:45:32.1914856Z [  97% ] ^[[90m^[[1mreimport^[[22m | SEPT_JUEGOS_PROTOTIPO_exterior_nocturno.png^[[39m^[[0m
verify	Importar los recursos del proyecto	2026-10-09T08:45:32.2096785Z [  97% ] ^[[90m^[[1mreimport^[[22m | SEPT_JUEGOS_PROTOTIPO_fernetgod textura.png^[[39m^[[0m
verify	Importar los recursos del proyecto	2026-10-09T08:45:32.3006023Z [  98% ] ^[[90m^[[1mreimport^[[22m | SEPT_JUEGOS_PROTOTIPO_fideos marolini.png^[[39m^[[0m
verify	Importar los recursos del proyecto	2026-10-09T08:45:32.3006674Z [  98% ] ^[[90m^[[1mreimport^[[22m | SEPT_JUEGOS_PROTOTIPO_flim pof completo.png^[[39m^[[0m
verify	Importar los recursos del proyecto	2026-10-09T08:45:32.3007325Z [  99% ] ^[[90m^[[1mreimport^[[22m | SEPT_JUEGOS_PROTOTIPO.glb^[[39m^[[0m
verify	Importar los recursos del proyecto	2026-10-09T08:45:32.3007840Z [   0% ] ^[[90m^[[1mimport^[[22m | Started Import Scene (104 steps)^[[39m^[[0m
verify	Importar los recursos del proyecto	2026-10-09T08:45:32.3008273Z [   0% ] ^[[90m^[[1mimport^[[22m | Importing Scene...^[[39m^[[0m
verify	Importar los recursos del proyecto	2026-10-09T08:45:33.0777752Z [   1% ] ^[[90m^[[1mimport^[[22m | Running Custom Script...^[[39m^[[0m
verify	Importar los recursos del proyecto	2026-10-09T08:45:33.0813372Z [  99% ] ^[[90m^[[1mimport^[[22m | Saving...^[[39m^[[0m
verify	Importar los recursos del proyecto	2026-10-09T08:45:33.1352853Z ^[[92m[ DONE ]^[[39m ^[[1mimport^[[22m
verify	Importar los recursos del proyecto	2026-10-09T08:45:33.1353219Z ^[[0m
verify	Importar los recursos del proyecto	2026-10-09T08:45:33.2387140Z [  99% ] ^[[90m^[[1mreimport^[[22m | Finalizing Asset Import...^[[39m^[[0m
verify	Importar los recursos del proyecto	2026-10-09T08:45:33.2413412Z ^[[92m[ DONE ]^[[39m ^[[1mreimport^[[22m
verify	Importar los recursos del proyecto	2026-10-09T08:45:33.2413739Z ^[[0m
verify	Importar los recursos del proyecto	2026-10-09T08:45:33.2414090Z [   0% ] ^[[90m^[[1mreimport^[[22m | Started (Re)Importing Assets (215 steps)^[[39m^[[0m
verify	Importar los recursos del proyecto	2026-10-09T08:45:33.2414498Z [   0% ] ^[[90m^[[1mreimport^[[22m | Executing post-reimport operations...^[[39m^[[0m
verify	Importar los recursos del proyecto	2026-10-09T08:45:33.2417571Z ^[[92m[ DONE ]^[[39m ^[[1mreimport^[[22m
verify	Importar los recursos del proyecto	2026-10-09T08:45:33.2417841Z ^[[0m
verify	Importar los recursos del proyecto	2026-10-09T08:45:33.3221810Z [   0% ] ^[[90m^[[1mloading_editor_layout^[[22m | Started Loading editor (5 steps)^[[39m^[[0m
verify	Importar los recursos del proyecto	2026-10-09T08:45:33.3222388Z [   0% ] ^[[90m^[[1mloading_editor_layout^[[22m | Loading editor layout...^[[39m^[[0m
verify	Importar los recursos del proyecto	2026-10-09T08:45:33.3222687Z [  16% ] ^[[90m^[[1mloading_editor_layout^[[22m | Loading docks...^[[39m^[[0m
verify	Importar los recursos del proyecto	2026-10-09T08:45:33.3222934Z ^[[92m[ DONE ]^[[39m ^[[1mloading_editor_layout^[[22m
verify	Importar los recursos del proyecto	2026-10-09T08:45:33.3223237Z ^[[0m
verify	Importar los recursos del proyecto	2026-10-09T08:45:33.3795394Z [MCP] WebSocket client stopped
verify	Importar los recursos del proyecto	2026-10-09T08:45:33.3812964Z [MCP] Godot MCP Pro stopped
verify	verificar	﻿2026-10-09T08:45:34.5583339Z ##[group]Run python .claude/scripts/verificar.py
verify	verificar	2026-10-09T08:45:34.5583884Z ^[[36;1mpython .claude/scripts/verificar.py^[[0m
verify	verificar	2026-10-09T08:45:34.5638692Z shell: /usr/bin/bash -e {0}
verify	verificar	2026-10-09T08:45:34.5638876Z env:
verify	verificar	2026-10-09T08:45:34.5639003Z   GODOT_VERSION: 4.7.2-stable
verify	verificar	2026-10-09T08:45:34.5639189Z   pythonLocation: /opt/hostedtoolcache/Python/3.13.16/x64
verify	verificar	2026-10-09T08:45:34.5639446Z   PKG_CONFIG_PATH: /opt/hostedtoolcache/Python/3.13.16/x64/lib/pkgconfig
verify	verificar	2026-10-09T08:45:34.5639689Z   Python_ROOT_DIR: /opt/hostedtoolcache/Python/3.13.16/x64
verify	verificar	2026-10-09T08:45:34.5639911Z   Python2_ROOT_DIR: /opt/hostedtoolcache/Python/3.13.16/x64
verify	verificar	2026-10-09T08:45:34.5640133Z   Python3_ROOT_DIR: /opt/hostedtoolcache/Python/3.13.16/x64
verify	verificar	2026-10-09T08:45:34.5640357Z   LD_LIBRARY_PATH: /opt/hostedtoolcache/Python/3.13.16/x64/lib
verify	verificar	2026-10-09T08:45:34.5640595Z   GODOT_BIN: /home/runner/godot/Godot_v4.7.2-stable_linux.x86_64
verify	verificar	2026-10-09T08:45:34.5640793Z ##[endgroup]
verify	verificar	2026-10-09T08:57:14.3732303Z   ok        capas       2.1s
verify	verificar	2026-10-09T08:57:14.3735299Z   ok        formato    13.8s
verify	verificar	2026-10-09T08:57:14.3735557Z   ok        harness    42.5s
verify	verificar	2026-10-09T08:57:14.3735755Z   ok        lint       14.6s
verify	verificar	2026-10-09T08:57:14.3735945Z   ok        specs       0.1s
verify	verificar	2026-10-09T08:57:14.3736135Z   ok        tdd         0.2s
verify	verificar	2026-10-09T08:57:14.3736327Z   ok        tests     693.7s
verify	verificar	2026-10-09T08:57:14.3736459Z 
verify	verificar	2026-10-09T08:57:14.3736552Z 7/7 nodos en verde, en 699.3s.
verify	Run actions/upload-artifact@v4	﻿2026-10-09T08:57:14.3867391Z ##[group]Run actions/upload-artifact@v4
verify	Run actions/upload-artifact@v4	2026-10-09T08:57:14.3867573Z with:
verify	Run actions/upload-artifact@v4	2026-10-09T08:57:14.3867690Z   name: reports-gdunit4
verify	Run actions/upload-artifact@v4	2026-10-09T08:57:14.3867816Z   path: reports/
verify	Run actions/upload-artifact@v4	2026-10-09T08:57:14.3867937Z   if-no-files-found: ignore
verify	Run actions/upload-artifact@v4	2026-10-09T08:57:14.3868070Z   retention-days: 7
verify	Run actions/upload-artifact@v4	2026-10-09T08:57:14.3868193Z   compression-level: 6
verify	Run actions/upload-artifact@v4	2026-10-09T08:57:14.3868314Z   overwrite: false
verify	Run actions/upload-artifact@v4	2026-10-09T08:57:14.3868438Z   include-hidden-files: false
verify	Run actions/upload-artifact@v4	2026-10-09T08:57:14.3868572Z env:
verify	Run actions/upload-artifact@v4	2026-10-09T08:57:14.3868682Z   GODOT_VERSION: 4.7.2-stable
verify	Run actions/upload-artifact@v4	2026-10-09T08:57:14.3868850Z   pythonLocation: /opt/hostedtoolcache/Python/3.13.16/x64
verify	Run actions/upload-artifact@v4	2026-10-09T08:57:14.3869098Z   PKG_CONFIG_PATH: /opt/hostedtoolcache/Python/3.13.16/x64/lib/pkgconfig
verify	Run actions/upload-artifact@v4	2026-10-09T08:57:14.3869331Z   Python_ROOT_DIR: /opt/hostedtoolcache/Python/3.13.16/x64
verify	Run actions/upload-artifact@v4	2026-10-09T08:57:14.3869542Z   Python2_ROOT_DIR: /opt/hostedtoolcache/Python/3.13.16/x64
verify	Run actions/upload-artifact@v4	2026-10-09T08:57:14.3869752Z   Python3_ROOT_DIR: /opt/hostedtoolcache/Python/3.13.16/x64
verify	Run actions/upload-artifact@v4	2026-10-09T08:57:14.3869959Z   LD_LIBRARY_PATH: /opt/hostedtoolcache/Python/3.13.16/x64/lib
verify	Run actions/upload-artifact@v4	2026-10-09T08:57:14.3870197Z   GODOT_BIN: /home/runner/godot/Godot_v4.7.2-stable_linux.x86_64
verify	Run actions/upload-artifact@v4	2026-10-09T08:57:14.3870381Z ##[endgroup]
verify	Run actions/upload-artifact@v4	2026-10-09T08:57:14.4996476Z (node:3084) [DEP0040] DeprecationWarning: The `punycode` module is deprecated. Please use a userland alternative instead.
verify	Run actions/upload-artifact@v4	2026-10-09T08:57:14.4997217Z (Use `node --trace-deprecation ...` to show where the warning was created)
verify	Run actions/upload-artifact@v4	2026-10-09T08:57:14.5304279Z With the provided path, there will be 230 files uploaded
verify	Run actions/upload-artifact@v4	2026-10-09T08:57:14.5304787Z Artifact name is valid!
verify	Run actions/upload-artifact@v4	2026-10-09T08:57:14.5305016Z Root directory input is valid!
verify	Run actions/upload-artifact@v4	2026-10-09T08:57:14.8317680Z Beginning upload of artifact content to blob storage
verify	Run actions/upload-artifact@v4	2026-10-09T08:57:14.9709596Z (node:3084) [DEP0169] DeprecationWarning: `url.parse()` behavior is not standardized and prone to errors that have security implications. Use the WHATWG URL API instead. CVEs are not issued for `url.parse()` vulnerabilities.
verify	Run actions/upload-artifact@v4	2026-10-09T08:57:15.3964283Z Uploaded bytes 575243
verify	Run actions/upload-artifact@v4	2026-10-09T08:57:15.4473797Z Finished uploading artifact content to blob storage!
verify	Run actions/upload-artifact@v4	2026-10-09T08:57:15.4474445Z SHA256 digest of uploaded artifact zip is 4dc219c6b4266521bde8d27161858333ebbd6b0619541b4d430012ab26da4c42
verify	Run actions/upload-artifact@v4	2026-10-09T08:57:15.4475456Z Finalizing artifact upload
verify	Run actions/upload-artifact@v4	2026-10-09T08:57:15.6946301Z Artifact reports-gdunit4.zip successfully finalized. Artifact ID 11604974487
verify	Run actions/upload-artifact@v4	2026-10-09T08:57:15.6946994Z Artifact reports-gdunit4 has been successfully uploaded! Final size is 575243 bytes. Artifact ID is 11604974487
verify	Run actions/upload-artifact@v4	2026-10-09T08:57:15.6951638Z Artifact download URL: https://github.com/federicohermo/nosefia/actions/runs/37906851144/artifacts/11604974487
verify	Post Run actions/setup-python@v5	﻿2026-10-09T08:57:15.7100364Z Post job cleanup.
verify	Post Run actions/setup-python@v5	2026-10-09T08:57:15.7880258Z (node:3097) [DEP0040] DeprecationWarning: The `punycode` module is deprecated. Please use a userland alternative instead.
verify	Post Run actions/setup-python@v5	2026-10-09T08:57:15.7880768Z (Use `node --trace-deprecation ...` to show where the warning was created)
verify	Post Run actions/checkout@v5	﻿2026-10-09T08:57:15.8009607Z Post job cleanup.
verify	Post Run actions/checkout@v5	2026-10-09T08:57:15.8576849Z [command]/usr/bin/git version
verify	Post Run actions/checkout@v5	2026-10-09T08:57:15.8609739Z git version 2.55.0
verify	Post Run actions/checkout@v5	2026-10-09T08:57:15.8634124Z Temporarily overriding HOME='/home/runner/work/_temp/89ae57a3-060d-4512-80b3-e7a55a642fa9' before making global git config changes
verify	Post Run actions/checkout@v5	2026-10-09T08:57:15.8634917Z Adding repository directory to the temporary git global config as a safe directory
verify	Post Run actions/checkout@v5	2026-10-09T08:57:15.8637455Z [command]/usr/bin/git config --global --add safe.directory /home/runner/work/nosefia/nosefia
verify	Post Run actions/checkout@v5	2026-10-09T08:57:15.8670742Z [command]/usr/bin/git config --local --name-only --get-regexp core\.sshCommand
verify	Post Run actions/checkout@v5	2026-10-09T08:57:15.8704066Z [command]/usr/bin/git submodule foreach --recursive sh -c "git config --local --name-only --get-regexp 'core\.sshCommand' && git config --local --unset-all 'core.sshCommand' || :"
verify	Post Run actions/checkout@v5	2026-10-09T08:57:15.8908897Z [command]/usr/bin/git config --local --name-only --get-regexp http\.https\:\/\/github\.com\/\.extraheader
verify	Post Run actions/checkout@v5	2026-10-09T08:57:15.8930454Z http.https://github.com/.extraheader
verify	Post Run actions/checkout@v5	2026-10-09T08:57:15.8939947Z [command]/usr/bin/git config --local --unset-all http.https://github.com/.extraheader
verify	Post Run actions/checkout@v5	2026-10-09T08:57:15.8973814Z [command]/usr/bin/git submodule foreach --recursive sh -c "git config --local --name-only --get-regexp 'http\.https\:\/\/github\.com\/\.extraheader' && git config --local --unset-all 'http.https://github.com/.extraheader' || :"
verify	Post Run actions/checkout@v5	2026-10-09T08:57:15.9178511Z [command]/usr/bin/git config --local --name-only --get-regexp ^includeIf\.gitdir:
verify	Post Run actions/checkout@v5	2026-10-09T08:57:15.9209021Z [command]/usr/bin/git submodule foreach --recursive git config --local --show-origin --name-only --get-regexp remote.origin.url
verify	Complete job	﻿2026-10-09T08:57:15.9528542Z Cleaning up orphan processes
verify	Complete job	2026-10-09T08:57:15.9737640Z ##[warning]Node.js 20 is deprecated. The following actions target Node.js 20 but are being forced to run on Node.js 24: actions/setup-python@v5, actions/upload-artifact@v4. For more information see: https://github.blog/changelog/2025-09-19-deprecation-of-node-20-on-github-actions-runners/
